Country Name,Country Code,Indicator Name,Indicator Code,Year,Value,Region,Income Group
Africa Eastern and Southern,AFE,Population density (people per sq. km of land area),EN.POP.DNST,2000,33.30351066,,
Africa Eastern and Southern,AFE,Population in urban agglomerations of more than 1 million (% of total population),EN.URB.MCTY.TL.ZS,2000,11.81589822,,
Africa Eastern and Southern,AFE,Population living in slums (% of urban population),EN.POP.SLUM.UR.ZS,2000,53.07456187,,
Africa Eastern and Southern,AFE,Rural population (% of total population),SP.RUR.TOTL.ZS,2000,71.53131202,,
Africa Eastern and Southern,AFE,Urban population (% of total population),SP.URB.TOTL.IN.ZS,2000,28.46868798,,
Africa Eastern and Southern,AFE,Urban population growth (annual %),SP.URB.GROW,2000,3.767122083,,
Africa Western and Central,AFW,Population density (people per sq. km of land area),EN.POP.DNST,2000,30.35803778,,
Africa Western and Central,AFW,Population in urban agglomerations of more than 1 million (% of total population),EN.URB.MCTY.TL.ZS,2000,14.42540219,,
Africa Western and Central,AFW,Population living in slums (% of urban population),EN.POP.SLUM.UR.ZS,2000,71.4338297,,
Africa Western and Central,AFW,Rural population (% of total population),SP.RUR.TOTL.ZS,2000,61.14006694,,
Africa Western and Central,AFW,Urban population (% of total population),SP.URB.TOTL.IN.ZS,2000,38.85993306,,
Africa Western and Central,AFW,Urban population growth (annual %),SP.URB.GROW,2000,4.286135557,,
Arab World,ARB,Population density (people per sq. km of land area),EN.POP.DNST,2000,25.50397007,,
Arab World,ARB,Population in urban agglomerations of more than 1 million (% of total population),EN.URB.MCTY.TL.ZS,2000,21.99374679,,
Arab World,ARB,Population living in slums (% of urban population),EN.POP.SLUM.UR.ZS,2000,36.75979541,,
Arab World,ARB,Rural population (% of total population),SP.RUR.TOTL.ZS,2000,47.55856942,,
Arab World,ARB,Urban population (% of total population),SP.URB.TOTL.IN.ZS,2000,52.44143058,,
Arab World,ARB,Urban population growth (annual %),SP.URB.GROW,2000,2.947736404,,
Caribbean small states,CSS,Population density (people per sq. km of land area),EN.POP.DNST,2000,9.927113958,,
Caribbean small states,CSS,Population in urban agglomerations of more than 1 million (% of total population),EN.URB.MCTY.TL.ZS,2000,,,
Caribbean small states,CSS,Population living in slums (% of urban population),EN.POP.SLUM.UR.ZS,2000,12.74934848,,
Caribbean small states,CSS,Rural population (% of total population),SP.RUR.TOTL.ZS,2000,48.57395829,,
Caribbean small states,CSS,Urban population (% of total population),SP.URB.TOTL.IN.ZS,2000,51.42604171,,
Caribbean small states,CSS,Urban population growth (annual %),SP.URB.GROW,2000,0.786954151,,
Central Europe and the Baltics,CEB,Population density (people per sq. km of land area),EN.POP.DNST,2000,98.14558055,,
Central Europe and the Baltics,CEB,Population in urban agglomerations of more than 1 million (% of total population),EN.URB.MCTY.TL.ZS,2000,,,
Central Europe and the Baltics,CEB,Population living in slums (% of urban population),EN.POP.SLUM.UR.ZS,2000,2.542226925,,
Central Europe and the Baltics,CEB,Rural population (% of total population),SP.RUR.TOTL.ZS,2000,38.5593471,,
Central Europe and the Baltics,CEB,Urban population (% of total population),SP.URB.TOTL.IN.ZS,2000,61.4406529,,
Central Europe and the Baltics,CEB,Urban population growth (annual %),SP.URB.GROW,2000,-0.567665365,,
Early-demographic dividend,EAR,Population density (people per sq. km of land area),EN.POP.DNST,2000,75.6044104,,
Early-demographic dividend,EAR,Population in urban agglomerations of more than 1 million (% of total population),EN.URB.MCTY.TL.ZS,2000,16.08240685,,
Early-demographic dividend,EAR,Population living in slums (% of urban population),EN.POP.SLUM.UR.ZS,2000,,,
Early-demographic dividend,EAR,Rural population (% of total population),SP.RUR.TOTL.ZS,2000,61.91961823,,
Early-demographic dividend,EAR,Urban population (% of total population),SP.URB.TOTL.IN.ZS,2000,38.08038177,,
Early-demographic dividend,EAR,Urban population growth (annual %),SP.URB.GROW,2000,2.888045199,,
East Asia & Pacific,EAS,Population density (people per sq. km of land area),EN.POP.DNST,2000,83.86102839,,
East Asia & Pacific,EAS,Population in urban agglomerations of more than 1 million (% of total population),EN.URB.MCTY.TL.ZS,2000,,,
East Asia & Pacific,EAS,Population living in slums (% of urban population),EN.POP.SLUM.UR.ZS,2000,,,
East Asia & Pacific,EAS,Rural population (% of total population),SP.RUR.TOTL.ZS,2000,58.36565869,,
East Asia & Pacific,EAS,Urban population (% of total population),SP.URB.TOTL.IN.ZS,2000,41.63434131,,
East Asia & Pacific,EAS,Urban population growth (annual %),SP.URB.GROW,2000,3.920714664,,
East Asia & Pacific (excluding high income),EAP,Population density (people per sq. km of land area),EN.POP.DNST,2000,113.8692161,,
East Asia & Pacific (excluding high income),EAP,Population in urban agglomerations of more than 1 million (% of total population),EN.URB.MCTY.TL.ZS,2000,,,
East Asia & Pacific (excluding high income),EAP,Population living in slums (% of urban population),EN.POP.SLUM.UR.ZS,2000,,,
East Asia & Pacific (excluding high income),EAP,Rural population (% of total population),SP.RUR.TOTL.ZS,2000,63.29014311,,
East Asia & Pacific (excluding high income),EAP,Urban population (% of total population),SP.URB.TOTL.IN.ZS,2000,36.70985689,,
East Asia & Pacific (excluding high income),EAP,Urban population growth (annual %),SP.URB.GROW,2000,4.828867305,,
East Asia & Pacific (IDA & IBRD countries),TEA,Population density (people per sq. km of land area),EN.POP.DNST,2000,113.2397329,,
East Asia & Pacific (IDA & IBRD countries),TEA,Population in urban agglomerations of more than 1 million (% of total population),EN.URB.MCTY.TL.ZS,2000,,,
East Asia & Pacific (IDA & IBRD countries),TEA,Population living in slums (% of urban population),EN.POP.SLUM.UR.ZS,2000,,,
East Asia & Pacific (IDA & IBRD countries),TEA,Rural population (% of total population),SP.RUR.TOTL.ZS,2000,63.58878472,,
East Asia & Pacific (IDA & IBRD countries),TEA,Urban population (% of total population),SP.URB.TOTL.IN.ZS,2000,36.41121528,,
East Asia & Pacific (IDA & IBRD countries),TEA,Urban population growth (annual %),SP.URB.GROW,2000,4.916807466,,
Euro area,EMU,Population density (people per sq. km of land area),EN.POP.DNST,2000,117.7023663,,
Euro area,EMU,Population in urban agglomerations of more than 1 million (% of total population),EN.URB.MCTY.TL.ZS,2000,18.34161812,,
Euro area,EMU,Population living in slums (% of urban population),EN.POP.SLUM.UR.ZS,2000,0.298248709,,
Euro area,EMU,Rural population (% of total population),SP.RUR.TOTL.ZS,2000,26.5104804,,
Euro area,EMU,Urban population (% of total population),SP.URB.TOTL.IN.ZS,2000,73.4895196,,
Euro area,EMU,Urban population growth (annual %),SP.URB.GROW,2000,0.591636223,,
Europe & Central Asia,ECS,Population density (people per sq. km of land area),EN.POP.DNST,2000,31.65819586,,
Europe & Central Asia,ECS,Population in urban agglomerations of more than 1 million (% of total population),EN.URB.MCTY.TL.ZS,2000,18.06189093,,
Europe & Central Asia,ECS,Population living in slums (% of urban population),EN.POP.SLUM.UR.ZS,2000,4.967830346,,
Europe & Central Asia,ECS,Rural population (% of total population),SP.RUR.TOTL.ZS,2000,31.34302667,,
Europe & Central Asia,ECS,Urban population (% of total population),SP.URB.TOTL.IN.ZS,2000,68.65697333,,
Europe & Central Asia,ECS,Urban population growth (annual %),SP.URB.GROW,2000,0.44128071,,
Europe & Central Asia (excluding high income),ECA,Population density (people per sq. km of land area),EN.POP.DNST,2000,37.62691001,,
Europe & Central Asia (excluding high income),ECA,Population in urban agglomerations of more than 1 million (% of total population),EN.URB.MCTY.TL.ZS,2000,18.29641685,,
Europe & Central Asia (excluding high income),ECA,Population living in slums (% of urban population),EN.POP.SLUM.UR.ZS,2000,18.60457342,,
Europe & Central Asia (excluding high income),ECA,Rural population (% of total population),SP.RUR.TOTL.ZS,2000,43.26624958,,
Europe & Central Asia (excluding high income),ECA,Urban population (% of total population),SP.URB.TOTL.IN.ZS,2000,56.73375042,,
Europe & Central Asia (excluding high income),ECA,Urban population growth (annual %),SP.URB.GROW,2000,1.015664851,,
Europe & Central Asia (IDA & IBRD countries),TEC,Population density (people per sq. km of land area),EN.POP.DNST,2000,19.15304493,,
Europe & Central Asia (IDA & IBRD countries),TEC,Population in urban agglomerations of more than 1 million (% of total population),EN.URB.MCTY.TL.ZS,2000,16.94815182,,
Europe & Central Asia (IDA & IBRD countries),TEC,Population living in slums (% of urban population),EN.POP.SLUM.UR.ZS,2000,9.701375302,,
Europe & Central Asia (IDA & IBRD countries),TEC,Rural population (% of total population),SP.RUR.TOTL.ZS,2000,37.33150498,,
Europe & Central Asia (IDA & IBRD countries),TEC,Urban population (% of total population),SP.URB.TOTL.IN.ZS,2000,62.66849502,,
Europe & Central Asia (IDA & IBRD countries),TEC,Urban population growth (annual %),SP.URB.GROW,2000,0.276097826,,
European Union,EUU,Population density (people per sq. km of land area),EN.POP.DNST,2000,107.6698008,,
European Union,EUU,Population in urban agglomerations of more than 1 million (% of total population),EN.URB.MCTY.TL.ZS,2000,16.22720162,,
European Union,EUU,Population living in slums (% of urban population),EN.POP.SLUM.UR.ZS,2000,0.788479173,,
European Union,EUU,Rural population (% of total population),SP.RUR.TOTL.ZS,2000,28.48002635,,
European Union,EUU,Urban population (% of total population),SP.URB.TOTL.IN.ZS,2000,71.51997365,,
European Union,EUU,Urban population growth (annual %),SP.URB.GROW,2000,0.381248401,,
Heavily indebted poor countries (HIPC),HPC,Population density (people per sq. km of land area),EN.POP.DNST,2000,27.71610279,,
Heavily indebted poor countries (HIPC),HPC,Population in urban agglomerations of more than 1 million (% of total population),EN.URB.MCTY.TL.ZS,2000,11.81676706,,
Heavily indebted poor countries (HIPC),HPC,Population living in slums (% of urban population),EN.POP.SLUM.UR.ZS,2000,69.10449157,,
Heavily indebted poor countries (HIPC),HPC,Rural population (% of total population),SP.RUR.TOTL.ZS,2000,71.74663127,,
Heavily indebted poor countries (HIPC),HPC,Urban population (% of total population),SP.URB.TOTL.IN.ZS,2000,28.25336873,,
Heavily indebted poor countries (HIPC),HPC,Urban population growth (annual %),SP.URB.GROW,2000,3.888757018,,
High income,HIC,Population density (people per sq. km of land area),EN.POP.DNST,2000,24.15757425,,
High income,HIC,Population in urban agglomerations of more than 1 million (% of total population),EN.URB.MCTY.TL.ZS,2000,,,
High income,HIC,Population living in slums (% of urban population),EN.POP.SLUM.UR.ZS,2000,1.474654707,,
High income,HIC,Rural population (% of total population),SP.RUR.TOTL.ZS,2000,23.87564129,,
High income,HIC,Urban population (% of total population),SP.URB.TOTL.IN.ZS,2000,76.12435871,,
High income,HIC,Urban population growth (annual %),SP.URB.GROW,2000,0.801117498,,
IBRD only,IBD,Population density (people per sq. km of land area),EN.POP.DNST,2000,56.3605167,,
IBRD only,IBD,Population in urban agglomerations of more than 1 million (% of total population),EN.URB.MCTY.TL.ZS,2000,18.10128112,,
IBRD only,IBD,Population living in slums (% of urban population),EN.POP.SLUM.UR.ZS,2000,,,
IBRD only,IBD,Rural population (% of total population),SP.RUR.TOTL.ZS,2000,56.33329761,,
IBRD only,IBD,Urban population (% of total population),SP.URB.TOTL.IN.ZS,2000,43.66670239,,
IBRD only,IBD,Urban population growth (annual %),SP.URB.GROW,2000,3.018856248,,
IDA & IBRD total,IBT,Population density (people per sq. km of land area),EN.POP.DNST,2000,54.82858544,,
IDA & IBRD total,IBT,Population in urban agglomerations of more than 1 million (% of total population),EN.URB.MCTY.TL.ZS,2000,16.81404303,,
IDA & IBRD total,IBT,Population living in slums (% of urban population),EN.POP.SLUM.UR.ZS,2000,,,
IDA & IBRD total,IBT,Rural population (% of total population),SP.RUR.TOTL.ZS,2000,59.38208591,,
IDA & IBRD total,IBT,Urban population (% of total population),SP.URB.TOTL.IN.ZS,2000,40.61791409,,
IDA & IBRD total,IBT,Urban population growth (annual %),SP.URB.GROW,2000,3.143755811,,
IDA blend,IDB,Population density (people per sq. km of land area),EN.POP.DNST,2000,80.46009391,,
IDA blend,IDB,Population in urban agglomerations of more than 1 million (% of total population),EN.URB.MCTY.TL.ZS,2000,,,
IDA blend,IDB,Population living in slums (% of urban population),EN.POP.SLUM.UR.ZS,2000,66.47770945,,
IDA blend,IDB,Rural population (% of total population),SP.RUR.TOTL.ZS,2000,62.89739839,,
IDA blend,IDB,Urban population (% of total population),SP.URB.TOTL.IN.ZS,2000,37.10260161,,
IDA blend,IDB,Urban population growth (annual %),SP.URB.GROW,2000,3.879414541,,
IDA only,IDX,Population density (people per sq. km of land area),EN.POP.DNST,2000,41.64892217,,
IDA only,IDX,Population in urban agglomerations of more than 1 million (% of total population),EN.URB.MCTY.TL.ZS,2000,10.45942975,,
IDA only,IDX,Population living in slums (% of urban population),EN.POP.SLUM.UR.ZS,2000,61.79258363,,
IDA only,IDX,Rural population (% of total population),SP.RUR.TOTL.ZS,2000,73.94251884,,
IDA only,IDX,Urban population (% of total population),SP.URB.TOTL.IN.ZS,2000,26.05748116,,
IDA only,IDX,Urban population growth (annual %),SP.URB.GROW,2000,3.71775629,,
IDA total,IDA,Population density (people per sq. km of land area),EN.POP.DNST,2000,50.04627936,,
IDA total,IDA,Population in urban agglomerations of more than 1 million (% of total population),EN.URB.MCTY.TL.ZS,2000,11.97480414,,
IDA total,IDA,Population living in slums (% of urban population),EN.POP.SLUM.UR.ZS,2000,63.9849199,,
IDA total,IDA,Rural population (% of total population),SP.RUR.TOTL.ZS,2000,70.10045066,,
IDA total,IDA,Urban population (% of total population),SP.URB.TOTL.IN.ZS,2000,29.89954934,,
IDA total,IDA,Urban population growth (annual %),SP.URB.GROW,2000,3.787504436,,
Late-demographic dividend,LTE,Population density (people per sq. km of land area),EN.POP.DNST,2000,46.00989798,,
Late-demographic dividend,LTE,Population in urban agglomerations of more than 1 million (% of total population),EN.URB.MCTY.TL.ZS,2000,19.37087934,,
Late-demographic dividend,LTE,Population living in slums (% of urban population),EN.POP.SLUM.UR.ZS,2000,,,
Late-demographic dividend,LTE,Rural population (% of total population),SP.RUR.TOTL.ZS,2000,54.06989696,,
Late-demographic dividend,LTE,Urban population (% of total population),SP.URB.TOTL.IN.ZS,2000,45.93010304,,
Late-demographic dividend,LTE,Urban population growth (annual %),SP.URB.GROW,2000,3.370815574,,
Latin America & Caribbean,LCN,Population density (people per sq. km of land area),EN.POP.DNST,2000,25.95298024,,
Latin America & Caribbean,LCN,Population in urban agglomerations of more than 1 million (% of total population),EN.URB.MCTY.TL.ZS,2000,35.6396999,,
Latin America & Caribbean,LCN,Population living in slums (% of urban population),EN.POP.SLUM.UR.ZS,2000,31.89631227,,
Latin America & Caribbean,LCN,Rural population (% of total population),SP.RUR.TOTL.ZS,2000,24.43470612,,
Latin America & Caribbean,LCN,Urban population (% of total population),SP.URB.TOTL.IN.ZS,2000,75.56529388,,
Latin America & Caribbean,LCN,Urban population growth (annual %),SP.URB.GROW,2000,2.083293733,,
Latin America & Caribbean (excluding high income),LAC,Population density (people per sq. km of land area),EN.POP.DNST,2000,25.95893255,,
Latin America & Caribbean (excluding high income),LAC,Population in urban agglomerations of more than 1 million (% of total population),EN.URB.MCTY.TL.ZS,2000,35.33148915,,
Latin America & Caribbean (excluding high income),LAC,Population living in slums (% of urban population),EN.POP.SLUM.UR.ZS,2000,32.68268767,,
Latin America & Caribbean (excluding high income),LAC,Rural population (% of total population),SP.RUR.TOTL.ZS,2000,24.68134583,,
Latin America & Caribbean (excluding high income),LAC,Urban population (% of total population),SP.URB.TOTL.IN.ZS,2000,75.31865417,,
Latin America & Caribbean (excluding high income),LAC,Urban population growth (annual %),SP.URB.GROW,2000,2.127953087,,
Latin America & the Caribbean (IDA & IBRD countries),TLA,Population density (people per sq. km of land area),EN.POP.DNST,2000,25.33093866,,
Latin America & the Caribbean (IDA & IBRD countries),TLA,Population in urban agglomerations of more than 1 million (% of total population),EN.URB.MCTY.TL.ZS,2000,35.76475197,,
Latin America & the Caribbean (IDA & IBRD countries),TLA,Population living in slums (% of urban population),EN.POP.SLUM.UR.ZS,2000,32.56169173,,
Latin America & the Caribbean (IDA & IBRD countries),TLA,Rural population (% of total population),SP.RUR.TOTL.ZS,2000,24.5917871,,
Latin America & the Caribbean (IDA & IBRD countries),TLA,Urban population (% of total population),SP.URB.TOTL.IN.ZS,2000,75.4082129,,
Latin America & the Caribbean (IDA & IBRD countries),TLA,Urban population growth (annual %),SP.URB.GROW,2000,2.133975491,,
Least developed countries: UN classification,LDC,Population density (people per sq. km of land area),EN.POP.DNST,2000,38.01574945,,
Least developed countries: UN classification,LDC,Population in urban agglomerations of more than 1 million (% of total population),EN.URB.MCTY.TL.ZS,2000,9.919429557,,
Least developed countries: UN classification,LDC,Population living in slums (% of urban population),EN.POP.SLUM.UR.ZS,2000,61.87947271,,
Least developed countries: UN classification,LDC,Rural population (% of total population),SP.RUR.TOTL.ZS,2000,74.70715155,,
Least developed countries: UN classification,LDC,Urban population (% of total population),SP.URB.TOTL.IN.ZS,2000,25.29284845,,
Least developed countries: UN classification,LDC,Urban population growth (annual %),SP.URB.GROW,2000,3.969488784,,
Low & middle income,LMY,Population density (people per sq. km of land area),EN.POP.DNST,2000,65.22183539,,
Low & middle income,LMY,Population in urban agglomerations of more than 1 million (% of total population),EN.URB.MCTY.TL.ZS,2000,16.73439543,,
Low & middle income,LMY,Population living in slums (% of urban population),EN.POP.SLUM.UR.ZS,2000,,,
Low & middle income,LMY,Rural population (% of total population),SP.RUR.TOTL.ZS,2000,60.65580336,,
Low & middle income,LMY,Urban population (% of total population),SP.URB.TOTL.IN.ZS,2000,39.34419664,,
Low & middle income,LMY,Urban population growth (annual %),SP.URB.GROW,2000,3.410419231,,
Low income,LIC,Population density (people per sq. km of land area),EN.POP.DNST,2000,31.96761995,,
Low income,LIC,Population in urban agglomerations of more than 1 million (% of total population),EN.URB.MCTY.TL.ZS,2000,10.49752551,,
Low income,LIC,Population living in slums (% of urban population),EN.POP.SLUM.UR.ZS,2000,67.04105951,,
Low income,LIC,Rural population (% of total population),SP.RUR.TOTL.ZS,2000,73.4584549,,
Low income,LIC,Urban population (% of total population),SP.URB.TOTL.IN.ZS,2000,26.5415451,,
Low income,LIC,Urban population growth (annual %),SP.URB.GROW,2000,3.653795142,,
Lower middle income,LMC,Population density (people per sq. km of land area),EN.POP.DNST,2000,104.6343867,,
Lower middle income,LMC,Population in urban agglomerations of more than 1 million (% of total population),EN.URB.MCTY.TL.ZS,2000,13.54054622,,
Lower middle income,LMC,Population living in slums (% of urban population),EN.POP.SLUM.UR.ZS,2000,,,
Lower middle income,LMC,Rural population (% of total population),SP.RUR.TOTL.ZS,2000,67.97857707,,
Lower middle income,LMC,Urban population (% of total population),SP.URB.TOTL.IN.ZS,2000,32.02142293,,
Lower middle income,LMC,Urban population growth (annual %),SP.URB.GROW,2000,3.097627162,,
"Middle East, North Africa, Afghanistan & Pakistan",MEA,Population density (people per sq. km of land area),EN.POP.DNST,2000,39.12058136,,
"Middle East, North Africa, Afghanistan & Pakistan",MEA,Population in urban agglomerations of more than 1 million (% of total population),EN.URB.MCTY.TL.ZS,2000,21.09331683,,
"Middle East, North Africa, Afghanistan & Pakistan",MEA,Population living in slums (% of urban population),EN.POP.SLUM.UR.ZS,2000,51.0340937,,
"Middle East, North Africa, Afghanistan & Pakistan",MEA,Rural population (% of total population),SP.RUR.TOTL.ZS,2000,51.30057798,,
"Middle East, North Africa, Afghanistan & Pakistan",MEA,Urban population (% of total population),SP.URB.TOTL.IN.ZS,2000,48.69942202,,
"Middle East, North Africa, Afghanistan & Pakistan",MEA,Urban population growth (annual %),SP.URB.GROW,2000,2.968566338,,
"Middle East, North Africa, Afghanistan & Pakistan (excluding high income)",MNA,Population density (people per sq. km of land area),EN.POP.DNST,2000,45.98969132,,
"Middle East, North Africa, Afghanistan & Pakistan (excluding high income)",MNA,Population in urban agglomerations of more than 1 million (% of total population),EN.URB.MCTY.TL.ZS,2000,18.98462225,,
"Middle East, North Africa, Afghanistan & Pakistan (excluding high income)",MNA,Population living in slums (% of urban population),EN.POP.SLUM.UR.ZS,2000,52.92745314,,
"Middle East, North Africa, Afghanistan & Pakistan (excluding high income)",MNA,Rural population (% of total population),SP.RUR.TOTL.ZS,2000,53.68521166,,
"Middle East, North Africa, Afghanistan & Pakistan (excluding high income)",MNA,Urban population (% of total population),SP.URB.TOTL.IN.ZS,2000,46.31478834,,
"Middle East, North Africa, Afghanistan & Pakistan (excluding high income)",MNA,Urban population growth (annual %),SP.URB.GROW,2000,2.82825251,,
"Middle East, North Africa, Afghanistan & Pakistan (IDA & IBRD)",TMN,Population density (people per sq. km of land area),EN.POP.DNST,2000,45.72676644,,
"Middle East, North Africa, Afghanistan & Pakistan (IDA & IBRD)",TMN,Population in urban agglomerations of more than 1 million (% of total population),EN.URB.MCTY.TL.ZS,2000,18.98462225,,
"Middle East, North Africa, Afghanistan & Pakistan (IDA & IBRD)",TMN,Population living in slums (% of urban population),EN.POP.SLUM.UR.ZS,2000,52.92745314,,
"Middle East, North Africa, Afghanistan & Pakistan (IDA & IBRD)",TMN,Rural population (% of total population),SP.RUR.TOTL.ZS,2000,53.84879745,,
"Middle East, North Africa, Afghanistan & Pakistan (IDA & IBRD)",TMN,Urban population (% of total population),SP.URB.TOTL.IN.ZS,2000,46.15120255,,
"Middle East, North Africa, Afghanistan & Pakistan (IDA & IBRD)",TMN,Urban population growth (annual %),SP.URB.GROW,2000,2.81107001,,
Middle income,MIC,Population density (people per sq. km of land area),EN.POP.DNST,2000,71.56018798,,
Middle income,MIC,Population in urban agglomerations of more than 1 million (% of total population),EN.URB.MCTY.TL.ZS,2000,17.24626274,,
Middle income,MIC,Population living in slums (% of urban population),EN.POP.SLUM.UR.ZS,2000,,,
Middle income,MIC,Rural population (% of total population),SP.RUR.TOTL.ZS,2000,59.56569808,,
Middle income,MIC,Urban population (% of total population),SP.URB.TOTL.IN.ZS,2000,40.43430192,,
Middle income,MIC,Urban population growth (annual %),SP.URB.GROW,2000,3.39683408,,
North America,NAC,Population density (people per sq. km of land area),EN.POP.DNST,2000,17.2615411,,
North America,NAC,Population in urban agglomerations of more than 1 million (% of total population),EN.URB.MCTY.TL.ZS,2000,43.62024385,,
North America,NAC,Population living in slums (% of urban population),EN.POP.SLUM.UR.ZS,2000,0.204831693,,
North America,NAC,Rural population (% of total population),SP.RUR.TOTL.ZS,2000,20.96541274,,
North America,NAC,Urban population (% of total population),SP.URB.TOTL.IN.ZS,2000,79.03458726,,
North America,NAC,Urban population growth (annual %),SP.URB.GROW,2000,1.417112723,,
Not classified,INX,Population in urban agglomerations of more than 1 million (% of total population),EN.URB.MCTY.TL.ZS,2000,,,
Not classified,INX,Population living in slums (% of urban population),EN.POP.SLUM.UR.ZS,2000,,,
OECD members,OED,Population density (people per sq. km of land area),EN.POP.DNST,2000,33.8635487,,
OECD members,OED,Population in urban agglomerations of more than 1 million (% of total population),EN.URB.MCTY.TL.ZS,2000,34.64382727,,
OECD members,OED,Population living in slums (% of urban population),EN.POP.SLUM.UR.ZS,2000,6.04643351,,
OECD members,OED,Rural population (% of total population),SP.RUR.TOTL.ZS,2000,24.39694613,,
OECD members,OED,Urban population (% of total population),SP.URB.TOTL.IN.ZS,2000,75.60305387,,
OECD members,OED,Urban population growth (annual %),SP.URB.GROW,2000,1.071117362,,
Other small states,OSS,Population density (people per sq. km of land area),EN.POP.DNST,2000,37.32820026,,
Other small states,OSS,Population in urban agglomerations of more than 1 million (% of total population),EN.URB.MCTY.TL.ZS,2000,,,
Other small states,OSS,Population living in slums (% of urban population),EN.POP.SLUM.UR.ZS,2000,31.68604957,,
Other small states,OSS,Rural population (% of total population),SP.RUR.TOTL.ZS,2000,48.46465714,,
Other small states,OSS,Urban population (% of total population),SP.URB.TOTL.IN.ZS,2000,51.53534286,,
Other small states,OSS,Urban population growth (annual %),SP.URB.GROW,2000,1.150514171,,
Pacific island small states,PSS,Population density (people per sq. km of land area),EN.POP.DNST,2000,31.8111215,,
Pacific island small states,PSS,Population in urban agglomerations of more than 1 million (% of total population),EN.URB.MCTY.TL.ZS,2000,,,
Pacific island small states,PSS,Population living in slums (% of urban population),EN.POP.SLUM.UR.ZS,2000,4.342772583,,
Pacific island small states,PSS,Rural population (% of total population),SP.RUR.TOTL.ZS,2000,65.56155524,,
Pacific island small states,PSS,Urban population (% of total population),SP.URB.TOTL.IN.ZS,2000,34.43844476,,
Pacific island small states,PSS,Urban population growth (annual %),SP.URB.GROW,2000,2.082013828,,
Post-demographic dividend,PST,Population density (people per sq. km of land area),EN.POP.DNST,2000,32.57789304,,
Post-demographic dividend,PST,Population in urban agglomerations of more than 1 million (% of total population),EN.URB.MCTY.TL.ZS,2000,34.45713488,,
Post-demographic dividend,PST,Population living in slums (% of urban population),EN.POP.SLUM.UR.ZS,2000,0.666367885,,
Post-demographic dividend,PST,Rural population (% of total population),SP.RUR.TOTL.ZS,2000,23.17200304,,
Post-demographic dividend,PST,Urban population (% of total population),SP.URB.TOTL.IN.ZS,2000,76.82799696,,
Post-demographic dividend,PST,Urban population growth (annual %),SP.URB.GROW,2000,0.789176173,,
Pre-demographic dividend,PRE,Population density (people per sq. km of land area),EN.POP.DNST,2000,31.59307011,,
Pre-demographic dividend,PRE,Population in urban agglomerations of more than 1 million (% of total population),EN.URB.MCTY.TL.ZS,2000,13.54029813,,
Pre-demographic dividend,PRE,Population living in slums (% of urban population),EN.POP.SLUM.UR.ZS,2000,64.5250336,,
Pre-demographic dividend,PRE,Rural population (% of total population),SP.RUR.TOTL.ZS,2000,66.47439832,,
Pre-demographic dividend,PRE,Urban population (% of total population),SP.URB.TOTL.IN.ZS,2000,33.52560168,,
Pre-demographic dividend,PRE,Urban population growth (annual %),SP.URB.GROW,2000,4.160696192,,
Small states,SST,Population density (people per sq. km of land area),EN.POP.DNST,2000,21.77635874,,
Small states,SST,Population in urban agglomerations of more than 1 million (% of total population),EN.URB.MCTY.TL.ZS,2000,,,
Small states,SST,Population living in slums (% of urban population),EN.POP.SLUM.UR.ZS,2000,25.06656932,,
Small states,SST,Rural population (% of total population),SP.RUR.TOTL.ZS,2000,50.70381282,,
Small states,SST,Urban population (% of total population),SP.URB.TOTL.IN.ZS,2000,49.29618718,,
Small states,SST,Urban population growth (annual %),SP.URB.GROW,2000,1.139089765,,
South Asia,SAS,Population density (people per sq. km of land area),EN.POP.DNST,2000,369.3620226,,
South Asia,SAS,Population in urban agglomerations of more than 1 million (% of total population),EN.URB.MCTY.TL.ZS,2000,11.94859009,,
South Asia,SAS,Population living in slums (% of urban population),EN.POP.SLUM.UR.ZS,2000,,,
South Asia,SAS,Rural population (% of total population),SP.RUR.TOTL.ZS,2000,72.95881495,,
South Asia,SAS,Urban population (% of total population),SP.URB.TOTL.IN.ZS,2000,27.04118505,,
South Asia,SAS,Urban population growth (annual %),SP.URB.GROW,2000,2.887841842,,
South Asia (IDA & IBRD),TSA,Population density (people per sq. km of land area),EN.POP.DNST,2000,369.3620226,,
South Asia (IDA & IBRD),TSA,Population in urban agglomerations of more than 1 million (% of total population),EN.URB.MCTY.TL.ZS,2000,11.94859009,,
South Asia (IDA & IBRD),TSA,Population living in slums (% of urban population),EN.POP.SLUM.UR.ZS,2000,,,
South Asia (IDA & IBRD),TSA,Rural population (% of total population),SP.RUR.TOTL.ZS,2000,72.95881495,,
South Asia (IDA & IBRD),TSA,Urban population (% of total population),SP.URB.TOTL.IN.ZS,2000,27.04118505,,
South Asia (IDA & IBRD),TSA,Urban population growth (annual %),SP.URB.GROW,2000,2.887841842,,
Sub-Saharan Africa,SSF,Population density (people per sq. km of land area),EN.POP.DNST,2000,32.04916251,,
Sub-Saharan Africa,SSF,Population in urban agglomerations of more than 1 million (% of total population),EN.URB.MCTY.TL.ZS,2000,12.86740593,,
Sub-Saharan Africa,SSF,Population living in slums (% of urban population),EN.POP.SLUM.UR.ZS,2000,62.61884844,,
Sub-Saharan Africa,SSF,Rural population (% of total population),SP.RUR.TOTL.ZS,2000,67.33963639,,
Sub-Saharan Africa,SSF,Urban population (% of total population),SP.URB.TOTL.IN.ZS,2000,32.66036361,,
Sub-Saharan Africa,SSF,Urban population growth (annual %),SP.URB.GROW,2000,4.015889376,,
Sub-Saharan Africa (excluding high income),SSA,Population density (people per sq. km of land area),EN.POP.DNST,2000,32.04603701,,
Sub-Saharan Africa (excluding high income),SSA,Population in urban agglomerations of more than 1 million (% of total population),EN.URB.MCTY.TL.ZS,2000,12.86740593,,
Sub-Saharan Africa (excluding high income),SSA,Population living in slums (% of urban population),EN.POP.SLUM.UR.ZS,2000,62.61638623,,
Sub-Saharan Africa (excluding high income),SSA,Rural population (% of total population),SP.RUR.TOTL.ZS,2000,67.34091614,,
Sub-Saharan Africa (excluding high income),SSA,Urban population (% of total population),SP.URB.TOTL.IN.ZS,2000,32.65908386,,
Sub-Saharan Africa (excluding high income),SSA,Urban population growth (annual %),SP.URB.GROW,2000,4.016483106,,
Sub-Saharan Africa (IDA & IBRD countries),TSS,Population density (people per sq. km of land area),EN.POP.DNST,2000,32.04916251,,
Sub-Saharan Africa (IDA & IBRD countries),TSS,Population in urban agglomerations of more than 1 million (% of total population),EN.URB.MCTY.TL.ZS,2000,12.86740593,,
Sub-Saharan Africa (IDA & IBRD countries),TSS,Population living in slums (% of urban population),EN.POP.SLUM.UR.ZS,2000,62.61884844,,
Sub-Saharan Africa (IDA & IBRD countries),TSS,Rural population (% of total population),SP.RUR.TOTL.ZS,2000,67.33963639,,
Sub-Saharan Africa (IDA & IBRD countries),TSS,Urban population (% of total population),SP.URB.TOTL.IN.ZS,2000,32.66036361,,
Sub-Saharan Africa (IDA & IBRD countries),TSS,Urban population growth (annual %),SP.URB.GROW,2000,4.015889376,,
Upper middle income,UMC,Population density (people per sq. km of land area),EN.POP.DNST,2000,57.47540551,,
Upper middle income,UMC,Population in urban agglomerations of more than 1 million (% of total population),EN.URB.MCTY.TL.ZS,2000,20.11540698,,
Upper middle income,UMC,Population living in slums (% of urban population),EN.POP.SLUM.UR.ZS,2000,,,
Upper middle income,UMC,Rural population (% of total population),SP.RUR.TOTL.ZS,2000,53.04344203,,
Upper middle income,UMC,Urban population (% of total population),SP.URB.TOTL.IN.ZS,2000,46.95655797,,
Upper middle income,UMC,Urban population growth (annual %),SP.URB.GROW,2000,3.555383013,,
World,WLD,Population density (people per sq. km of land area),EN.POP.DNST,2000,48.44081701,,
World,WLD,Population in urban agglomerations of more than 1 million (% of total population),EN.URB.MCTY.TL.ZS,2000,20.12792492,,
World,WLD,Population living in slums (% of urban population),EN.POP.SLUM.UR.ZS,2000,,,
World,WLD,Rural population (% of total population),SP.RUR.TOTL.ZS,2000,53.16014468,,
World,WLD,Urban population (% of total population),SP.URB.TOTL.IN.ZS,2000,46.83985532,,
World,WLD,Urban population growth (annual %),SP.URB.GROW,2000,2.538628054,,
Africa Eastern and Southern,AFE,Population density (people per sq. km of land area),EN.POP.DNST,2001,34.17687461,,
Africa Eastern and Southern,AFE,Population in urban agglomerations of more than 1 million (% of total population),EN.URB.MCTY.TL.ZS,2001,11.9464291,,
Africa Eastern and Southern,AFE,Population living in slums (% of urban population),EN.POP.SLUM.UR.ZS,2001,,,
Africa Eastern and Southern,AFE,Rural population (% of total population),SP.RUR.TOTL.ZS,2001,71.16849386,,
Africa Eastern and Southern,AFE,Urban population (% of total population),SP.URB.TOTL.IN.ZS,2001,28.83150614,,
Africa Eastern and Southern,AFE,Urban population growth (annual %),SP.URB.GROW,2001,3.855034134,,
Africa Western and Central,AFW,Population density (people per sq. km of land area),EN.POP.DNST,2001,31.21980404,,
Africa Western and Central,AFW,Population in urban agglomerations of more than 1 million (% of total population),EN.URB.MCTY.TL.ZS,2001,14.59189344,,
Africa Western and Central,AFW,Population living in slums (% of urban population),EN.POP.SLUM.UR.ZS,2001,,,
Africa Western and Central,AFW,Rural population (% of total population),SP.RUR.TOTL.ZS,2001,60.53925301,,
Africa Western and Central,AFW,Urban population (% of total population),SP.URB.TOTL.IN.ZS,2001,39.46074699,,
Africa Western and Central,AFW,Urban population growth (annual %),SP.URB.GROW,2001,4.33340708,,
Arab World,ARB,Population density (people per sq. km of land area),EN.POP.DNST,2001,26.12986115,,
Arab World,ARB,Population in urban agglomerations of more than 1 million (% of total population),EN.URB.MCTY.TL.ZS,2001,22.01270274,,
Arab World,ARB,Population living in slums (% of urban population),EN.POP.SLUM.UR.ZS,2001,,,
Arab World,ARB,Rural population (% of total population),SP.RUR.TOTL.ZS,2001,47.26183157,,
Arab World,ARB,Urban population (% of total population),SP.URB.TOTL.IN.ZS,2001,52.73816843,,
Arab World,ARB,Urban population growth (annual %),SP.URB.GROW,2001,2.988715692,,
Caribbean small states,CSS,Population density (people per sq. km of land area),EN.POP.DNST,2001,10.00454398,,
Caribbean small states,CSS,Population in urban agglomerations of more than 1 million (% of total population),EN.URB.MCTY.TL.ZS,2001,,,
Caribbean small states,CSS,Population living in slums (% of urban population),EN.POP.SLUM.UR.ZS,2001,,,
Caribbean small states,CSS,Rural population (% of total population),SP.RUR.TOTL.ZS,2001,48.58565382,,
Caribbean small states,CSS,Urban population (% of total population),SP.URB.TOTL.IN.ZS,2001,51.41434618,,
Caribbean small states,CSS,Urban population growth (annual %),SP.URB.GROW,2001,0.754178049,,
Central Europe and the Baltics,CEB,Population density (people per sq. km of land area),EN.POP.DNST,2001,97.43263476,,
Central Europe and the Baltics,CEB,Population in urban agglomerations of more than 1 million (% of total population),EN.URB.MCTY.TL.ZS,2001,,,
Central Europe and the Baltics,CEB,Population living in slums (% of urban population),EN.POP.SLUM.UR.ZS,2001,,,
Central Europe and the Baltics,CEB,Rural population (% of total population),SP.RUR.TOTL.ZS,2001,38.46972233,,
Central Europe and the Baltics,CEB,Urban population (% of total population),SP.URB.TOTL.IN.ZS,2001,61.53027767,,
Central Europe and the Baltics,CEB,Urban population growth (annual %),SP.URB.GROW,2001,-0.583300616,,
Early-demographic dividend,EAR,Population density (people per sq. km of land area),EN.POP.DNST,2001,77.01766287,,
Early-demographic dividend,EAR,Population in urban agglomerations of more than 1 million (% of total population),EN.URB.MCTY.TL.ZS,2001,16.18652091,,
Early-demographic dividend,EAR,Population living in slums (% of urban population),EN.POP.SLUM.UR.ZS,2001,,,
Early-demographic dividend,EAR,Rural population (% of total population),SP.RUR.TOTL.ZS,2001,61.5375484,,
Early-demographic dividend,EAR,Urban population (% of total population),SP.URB.TOTL.IN.ZS,2001,38.4624516,,
Early-demographic dividend,EAR,Urban population growth (annual %),SP.URB.GROW,2001,2.850178839,,
East Asia & Pacific,EAS,Population density (people per sq. km of land area),EN.POP.DNST,2001,84.61802091,,
East Asia & Pacific,EAS,Population in urban agglomerations of more than 1 million (% of total population),EN.URB.MCTY.TL.ZS,2001,,,
East Asia & Pacific,EAS,Population living in slums (% of urban population),EN.POP.SLUM.UR.ZS,2001,,,
East Asia & Pacific,EAS,Rural population (% of total population),SP.RUR.TOTL.ZS,2001,57.38451053,,
East Asia & Pacific,EAS,Urban population (% of total population),SP.URB.TOTL.IN.ZS,2001,42.61548947,,
East Asia & Pacific,EAS,Urban population growth (annual %),SP.URB.GROW,2001,3.229139207,,
East Asia & Pacific (excluding high income),EAP,Population density (people per sq. km of land area),EN.POP.DNST,2001,114.9488481,,
East Asia & Pacific (excluding high income),EAP,Population in urban agglomerations of more than 1 million (% of total population),EN.URB.MCTY.TL.ZS,2001,,,
East Asia & Pacific (excluding high income),EAP,Population living in slums (% of urban population),EN.POP.SLUM.UR.ZS,2001,,,
East Asia & Pacific (excluding high income),EAP,Rural population (% of total population),SP.RUR.TOTL.ZS,2001,62.21581449,,
East Asia & Pacific (excluding high income),EAP,Urban population (% of total population),SP.URB.TOTL.IN.ZS,2001,37.78418551,,
East Asia & Pacific (excluding high income),EAP,Urban population growth (annual %),SP.URB.GROW,2001,3.828352401,,
East Asia & Pacific (IDA & IBRD countries),TEA,Population density (people per sq. km of land area),EN.POP.DNST,2001,114.318115,,
East Asia & Pacific (IDA & IBRD countries),TEA,Population in urban agglomerations of more than 1 million (% of total population),EN.URB.MCTY.TL.ZS,2001,,,
East Asia & Pacific (IDA & IBRD countries),TEA,Population living in slums (% of urban population),EN.POP.SLUM.UR.ZS,2001,,,
East Asia & Pacific (IDA & IBRD countries),TEA,Rural population (% of total population),SP.RUR.TOTL.ZS,2001,62.50019686,,
East Asia & Pacific (IDA & IBRD countries),TEA,Urban population (% of total population),SP.URB.TOTL.IN.ZS,2001,37.49980314,,
East Asia & Pacific (IDA & IBRD countries),TEA,Urban population growth (annual %),SP.URB.GROW,2001,3.893831134,,
Euro area,EMU,Population density (people per sq. km of land area),EN.POP.DNST,2001,118.0453296,,
Euro area,EMU,Population in urban agglomerations of more than 1 million (% of total population),EN.URB.MCTY.TL.ZS,2001,18.36331368,,
Euro area,EMU,Population living in slums (% of urban population),EN.POP.SLUM.UR.ZS,2001,,,
Euro area,EMU,Rural population (% of total population),SP.RUR.TOTL.ZS,2001,26.23731743,,
Euro area,EMU,Urban population (% of total population),SP.URB.TOTL.IN.ZS,2001,73.76268257,,
Euro area,EMU,Urban population growth (annual %),SP.URB.GROW,2001,0.643290225,,
Europe & Central Asia,ECS,Population density (people per sq. km of land area),EN.POP.DNST,2001,31.70375796,,
Europe & Central Asia,ECS,Population in urban agglomerations of more than 1 million (% of total population),EN.URB.MCTY.TL.ZS,2001,18.17357701,,
Europe & Central Asia,ECS,Population living in slums (% of urban population),EN.POP.SLUM.UR.ZS,2001,,,
Europe & Central Asia,ECS,Rural population (% of total population),SP.RUR.TOTL.ZS,2001,31.13371291,,
Europe & Central Asia,ECS,Urban population (% of total population),SP.URB.TOTL.IN.ZS,2001,68.86628709,,
Europe & Central Asia,ECS,Urban population growth (annual %),SP.URB.GROW,2001,0.442768205,,
Europe & Central Asia (excluding high income),ECA,Population density (people per sq. km of land area),EN.POP.DNST,2001,37.79063373,,
Europe & Central Asia (excluding high income),ECA,Population in urban agglomerations of more than 1 million (% of total population),EN.URB.MCTY.TL.ZS,2001,18.57495762,,
Europe & Central Asia (excluding high income),ECA,Population living in slums (% of urban population),EN.POP.SLUM.UR.ZS,2001,,,
Europe & Central Asia (excluding high income),ECA,Rural population (% of total population),SP.RUR.TOTL.ZS,2001,42.95967492,,
Europe & Central Asia (excluding high income),ECA,Urban population (% of total population),SP.URB.TOTL.IN.ZS,2001,57.04032508,,
Europe & Central Asia (excluding high income),ECA,Urban population growth (annual %),SP.URB.GROW,2001,0.972082751,,
Europe & Central Asia (IDA & IBRD countries),TEC,Population density (people per sq. km of land area),EN.POP.DNST,2001,19.1397286,,
Europe & Central Asia (IDA & IBRD countries),TEC,Population in urban agglomerations of more than 1 million (% of total population),EN.URB.MCTY.TL.ZS,2001,17.15240127,,
Europe & Central Asia (IDA & IBRD countries),TEC,Population living in slums (% of urban population),EN.POP.SLUM.UR.ZS,2001,,,
Europe & Central Asia (IDA & IBRD countries),TEC,Rural population (% of total population),SP.RUR.TOTL.ZS,2001,37.16054186,,
Europe & Central Asia (IDA & IBRD countries),TEC,Urban population (% of total population),SP.URB.TOTL.IN.ZS,2001,62.83945814,,
Europe & Central Asia (IDA & IBRD countries),TEC,Urban population growth (annual %),SP.URB.GROW,2001,0.198694253,,
European Union,EUU,Population density (people per sq. km of land area),EN.POP.DNST,2001,107.8271136,,
European Union,EUU,Population in urban agglomerations of more than 1 million (% of total population),EN.URB.MCTY.TL.ZS,2001,16.26080048,,
European Union,EUU,Population living in slums (% of urban population),EN.POP.SLUM.UR.ZS,2001,,,
European Union,EUU,Rural population (% of total population),SP.RUR.TOTL.ZS,2001,28.2430008,,
European Union,EUU,Urban population (% of total population),SP.URB.TOTL.IN.ZS,2001,71.7569992,,
European Union,EUU,Urban population growth (annual %),SP.URB.GROW,2001,0.463571429,,
Heavily indebted poor countries (HIPC),HPC,Population density (people per sq. km of land area),EN.POP.DNST,2001,28.4754948,,
Heavily indebted poor countries (HIPC),HPC,Population in urban agglomerations of more than 1 million (% of total population),EN.URB.MCTY.TL.ZS,2001,11.95366483,,
Heavily indebted poor countries (HIPC),HPC,Population living in slums (% of urban population),EN.POP.SLUM.UR.ZS,2001,,,
Heavily indebted poor countries (HIPC),HPC,Rural population (% of total population),SP.RUR.TOTL.ZS,2001,71.40682207,,
Heavily indebted poor countries (HIPC),HPC,Urban population (% of total population),SP.URB.TOTL.IN.ZS,2001,28.59317793,,
Heavily indebted poor countries (HIPC),HPC,Urban population growth (annual %),SP.URB.GROW,2001,3.898578878,,
High income,HIC,Population density (people per sq. km of land area),EN.POP.DNST,2001,24.2811851,,
High income,HIC,Population in urban agglomerations of more than 1 million (% of total population),EN.URB.MCTY.TL.ZS,2001,,,
High income,HIC,Population living in slums (% of urban population),EN.POP.SLUM.UR.ZS,2001,,,
High income,HIC,Rural population (% of total population),SP.RUR.TOTL.ZS,2001,23.61641953,,
High income,HIC,Urban population (% of total population),SP.URB.TOTL.IN.ZS,2001,76.38358047,,
High income,HIC,Urban population growth (annual %),SP.URB.GROW,2001,0.848123399,,
IBRD only,IBD,Population density (people per sq. km of land area),EN.POP.DNST,2001,57.03688038,,
IBRD only,IBD,Population in urban agglomerations of more than 1 million (% of total population),EN.URB.MCTY.TL.ZS,2001,18.40517259,,
IBRD only,IBD,Population living in slums (% of urban population),EN.POP.SLUM.UR.ZS,2001,,,
IBRD only,IBD,Rural population (% of total population),SP.RUR.TOTL.ZS,2001,55.70941542,,
IBRD only,IBD,Urban population (% of total population),SP.URB.TOTL.IN.ZS,2001,44.29058458,,
IBRD only,IBD,Urban population growth (annual %),SP.URB.GROW,2001,2.610302927,,
IDA & IBRD total,IBT,Population density (people per sq. km of land area),EN.POP.DNST,2001,55.63938535,,
IDA & IBRD total,IBT,Population in urban agglomerations of more than 1 million (% of total population),EN.URB.MCTY.TL.ZS,2001,17.06691296,,
IDA & IBRD total,IBT,Population living in slums (% of urban population),EN.POP.SLUM.UR.ZS,2001,,,
IDA & IBRD total,IBT,Rural population (% of total population),SP.RUR.TOTL.ZS,2001,58.83159056,,
IDA & IBRD total,IBT,Urban population (% of total population),SP.URB.TOTL.IN.ZS,2001,41.16840944,,
IDA & IBRD total,IBT,Urban population growth (annual %),SP.URB.GROW,2001,2.813161116,,
IDA blend,IDB,Population density (people per sq. km of land area),EN.POP.DNST,2001,82.61115871,,
IDA blend,IDB,Population in urban agglomerations of more than 1 million (% of total population),EN.URB.MCTY.TL.ZS,2001,,,
IDA blend,IDB,Population living in slums (% of urban population),EN.POP.SLUM.UR.ZS,2001,,,
IDA blend,IDB,Rural population (% of total population),SP.RUR.TOTL.ZS,2001,62.39225738,,
IDA blend,IDB,Urban population (% of total population),SP.URB.TOTL.IN.ZS,2001,37.60774262,,
IDA blend,IDB,Urban population growth (annual %),SP.URB.GROW,2001,3.98952626,,
IDA only,IDX,Population density (people per sq. km of land area),EN.POP.DNST,2001,42.62537219,,
IDA only,IDX,Population in urban agglomerations of more than 1 million (% of total population),EN.URB.MCTY.TL.ZS,2001,10.60273653,,
IDA only,IDX,Population living in slums (% of urban population),EN.POP.SLUM.UR.ZS,2001,,,
IDA only,IDX,Rural population (% of total population),SP.RUR.TOTL.ZS,2001,73.56895127,,
IDA only,IDX,Urban population (% of total population),SP.URB.TOTL.IN.ZS,2001,26.43104873,,
IDA only,IDX,Urban population growth (annual %),SP.URB.GROW,2001,3.740868621,,
IDA total,IDA,Population density (people per sq. km of land area),EN.POP.DNST,2001,51.2767995,,
IDA total,IDA,Population in urban agglomerations of more than 1 million (% of total population),EN.URB.MCTY.TL.ZS,2001,12.0981999,,
IDA total,IDA,Population living in slums (% of urban population),EN.POP.SLUM.UR.ZS,2001,,,
IDA total,IDA,Rural population (% of total population),SP.RUR.TOTL.ZS,2001,69.67300212,,
IDA total,IDA,Urban population (% of total population),SP.URB.TOTL.IN.ZS,2001,30.32699788,,
IDA total,IDA,Urban population growth (annual %),SP.URB.GROW,2001,3.848278184,,
Late-demographic dividend,LTE,Population density (people per sq. km of land area),EN.POP.DNST,2001,46.3489596,,
Late-demographic dividend,LTE,Population in urban agglomerations of more than 1 million (% of total population),EN.URB.MCTY.TL.ZS,2001,19.87332069,,
Late-demographic dividend,LTE,Population living in slums (% of urban population),EN.POP.SLUM.UR.ZS,2001,,,
Late-demographic dividend,LTE,Rural population (% of total population),SP.RUR.TOTL.ZS,2001,53.17587838,,
Late-demographic dividend,LTE,Urban population (% of total population),SP.URB.TOTL.IN.ZS,2001,46.82412162,,
Late-demographic dividend,LTE,Urban population growth (annual %),SP.URB.GROW,2001,2.660030479,,
Latin America & Caribbean,LCN,Population density (people per sq. km of land area),EN.POP.DNST,2001,26.31715279,,
Latin America & Caribbean,LCN,Population in urban agglomerations of more than 1 million (% of total population),EN.URB.MCTY.TL.ZS,2001,35.74524989,,
Latin America & Caribbean,LCN,Population living in slums (% of urban population),EN.POP.SLUM.UR.ZS,2001,,,
Latin America & Caribbean,LCN,Rural population (% of total population),SP.RUR.TOTL.ZS,2001,24.02395483,,
Latin America & Caribbean,LCN,Urban population (% of total population),SP.URB.TOTL.IN.ZS,2001,75.97604517,,
Latin America & Caribbean,LCN,Urban population growth (annual %),SP.URB.GROW,2001,1.935546884,,
Latin America & Caribbean (excluding high income),LAC,Population density (people per sq. km of land area),EN.POP.DNST,2001,26.32970326,,
Latin America & Caribbean (excluding high income),LAC,Population in urban agglomerations of more than 1 million (% of total population),EN.URB.MCTY.TL.ZS,2001,35.43936453,,
Latin America & Caribbean (excluding high income),LAC,Population living in slums (% of urban population),EN.POP.SLUM.UR.ZS,2001,,,
Latin America & Caribbean (excluding high income),LAC,Rural population (% of total population),SP.RUR.TOTL.ZS,2001,24.25831269,,
Latin America & Caribbean (excluding high income),LAC,Urban population (% of total population),SP.URB.TOTL.IN.ZS,2001,75.74168731,,
Latin America & Caribbean (excluding high income),LAC,Urban population growth (annual %),SP.URB.GROW,2001,1.978279446,,
Latin America & the Caribbean (IDA & IBRD countries),TLA,Population density (people per sq. km of land area),EN.POP.DNST,2001,25.69510894,,
Latin America & the Caribbean (IDA & IBRD countries),TLA,Population in urban agglomerations of more than 1 million (% of total population),EN.URB.MCTY.TL.ZS,2001,35.87387076,,
Latin America & the Caribbean (IDA & IBRD countries),TLA,Population living in slums (% of urban population),EN.POP.SLUM.UR.ZS,2001,,,
Latin America & the Caribbean (IDA & IBRD countries),TLA,Rural population (% of total population),SP.RUR.TOTL.ZS,2001,24.17193616,,
Latin America & the Caribbean (IDA & IBRD countries),TLA,Urban population (% of total population),SP.URB.TOTL.IN.ZS,2001,75.82806384,,
Latin America & the Caribbean (IDA & IBRD countries),TLA,Urban population growth (annual %),SP.URB.GROW,2001,1.982640467,,
Least developed countries: UN classification,LDC,Population density (people per sq. km of land area),EN.POP.DNST,2001,38.93226112,,
Least developed countries: UN classification,LDC,Population in urban agglomerations of more than 1 million (% of total population),EN.URB.MCTY.TL.ZS,2001,10.07865539,,
Least developed countries: UN classification,LDC,Population living in slums (% of urban population),EN.POP.SLUM.UR.ZS,2001,,,
Least developed countries: UN classification,LDC,Rural population (% of total population),SP.RUR.TOTL.ZS,2001,74.29999576,,
Least developed countries: UN classification,LDC,Urban population (% of total population),SP.URB.TOTL.IN.ZS,2001,25.70000424,,
Least developed countries: UN classification,LDC,Urban population growth (annual %),SP.URB.GROW,2001,3.979218968,,
Low & middle income,LMY,Population density (people per sq. km of land area),EN.POP.DNST,2001,66.24308615,,
Low & middle income,LMY,Population in urban agglomerations of more than 1 million (% of total population),EN.URB.MCTY.TL.ZS,2001,16.99067929,,
Low & middle income,LMY,Population living in slums (% of urban population),EN.POP.SLUM.UR.ZS,2001,,,
Low & middle income,LMY,Rural population (% of total population),SP.RUR.TOTL.ZS,2001,60.0605562,,
Low & middle income,LMY,Urban population (% of total population),SP.URB.TOTL.IN.ZS,2001,39.9394438,,
Low & middle income,LMY,Urban population growth (annual %),SP.URB.GROW,2001,3.055224463,,
Low income,LIC,Population density (people per sq. km of land area),EN.POP.DNST,2001,32.84294024,,
Low income,LIC,Population in urban agglomerations of more than 1 million (% of total population),EN.URB.MCTY.TL.ZS,2001,10.59502451,,
Low income,LIC,Population living in slums (% of urban population),EN.POP.SLUM.UR.ZS,2001,,,
Low income,LIC,Rural population (% of total population),SP.RUR.TOTL.ZS,2001,73.2083611,,
Low income,LIC,Urban population (% of total population),SP.URB.TOTL.IN.ZS,2001,26.7916389,,
Low income,LIC,Urban population growth (annual %),SP.URB.GROW,2001,3.639192019,,
Lower middle income,LMC,Population density (people per sq. km of land area),EN.POP.DNST,2001,106.779913,,
Lower middle income,LMC,Population in urban agglomerations of more than 1 million (% of total population),EN.URB.MCTY.TL.ZS,2001,13.66775228,,
Lower middle income,LMC,Population living in slums (% of urban population),EN.POP.SLUM.UR.ZS,2001,,,
Lower middle income,LMC,Rural population (% of total population),SP.RUR.TOTL.ZS,2001,67.62058182,,
Lower middle income,LMC,Urban population (% of total population),SP.URB.TOTL.IN.ZS,2001,32.37941818,,
Lower middle income,LMC,Urban population growth (annual %),SP.URB.GROW,2001,3.141256436,,
"Middle East, North Africa, Afghanistan & Pakistan",MEA,Population density (people per sq. km of land area),EN.POP.DNST,2001,40.03983253,,
"Middle East, North Africa, Afghanistan & Pakistan",MEA,Population in urban agglomerations of more than 1 million (% of total population),EN.URB.MCTY.TL.ZS,2001,21.14494044,,
"Middle East, North Africa, Afghanistan & Pakistan",MEA,Population living in slums (% of urban population),EN.POP.SLUM.UR.ZS,2001,,,
"Middle East, North Africa, Afghanistan & Pakistan",MEA,Rural population (% of total population),SP.RUR.TOTL.ZS,2001,50.98362946,,
"Middle East, North Africa, Afghanistan & Pakistan",MEA,Urban population (% of total population),SP.URB.TOTL.IN.ZS,2001,49.01637054,,
"Middle East, North Africa, Afghanistan & Pakistan",MEA,Urban population growth (annual %),SP.URB.GROW,2001,2.971324554,,
"Middle East, North Africa, Afghanistan & Pakistan (excluding high income)",MNA,Population density (people per sq. km of land area),EN.POP.DNST,2001,47.00718304,,
"Middle East, North Africa, Afghanistan & Pakistan (excluding high income)",MNA,Population in urban agglomerations of more than 1 million (% of total population),EN.URB.MCTY.TL.ZS,2001,19.03202454,,
"Middle East, North Africa, Afghanistan & Pakistan (excluding high income)",MNA,Population living in slums (% of urban population),EN.POP.SLUM.UR.ZS,2001,,,
"Middle East, North Africa, Afghanistan & Pakistan (excluding high income)",MNA,Rural population (% of total population),SP.RUR.TOTL.ZS,2001,53.40502318,,
"Middle East, North Africa, Afghanistan & Pakistan (excluding high income)",MNA,Urban population (% of total population),SP.URB.TOTL.IN.ZS,2001,46.59497682,,
"Middle East, North Africa, Afghanistan & Pakistan (excluding high income)",MNA,Urban population growth (annual %),SP.URB.GROW,2001,2.79145811,,
"Middle East, North Africa, Afghanistan & Pakistan (IDA & IBRD)",TMN,Population density (people per sq. km of land area),EN.POP.DNST,2001,46.73734975,,
"Middle East, North Africa, Afghanistan & Pakistan (IDA & IBRD)",TMN,Population in urban agglomerations of more than 1 million (% of total population),EN.URB.MCTY.TL.ZS,2001,19.03202454,,
"Middle East, North Africa, Afghanistan & Pakistan (IDA & IBRD)",TMN,Population living in slums (% of urban population),EN.POP.SLUM.UR.ZS,2001,,,
"Middle East, North Africa, Afghanistan & Pakistan (IDA & IBRD)",TMN,Rural population (% of total population),SP.RUR.TOTL.ZS,2001,53.57798779,,
"Middle East, North Africa, Afghanistan & Pakistan (IDA & IBRD)",TMN,Urban population (% of total population),SP.URB.TOTL.IN.ZS,2001,46.42201221,,
"Middle East, North Africa, Afghanistan & Pakistan (IDA & IBRD)",TMN,Urban population growth (annual %),SP.URB.GROW,2001,2.77105311,,
Middle income,MIC,Population density (people per sq. km of land area),EN.POP.DNST,2001,72.60925703,,
Middle income,MIC,Population in urban agglomerations of more than 1 million (% of total population),EN.URB.MCTY.TL.ZS,2001,17.52207717,,
Middle income,MIC,Population living in slums (% of urban population),EN.POP.SLUM.UR.ZS,2001,,,
Middle income,MIC,Rural population (% of total population),SP.RUR.TOTL.ZS,2001,58.92702569,,
Middle income,MIC,Urban population (% of total population),SP.URB.TOTL.IN.ZS,2001,41.07297431,,
Middle income,MIC,Urban population growth (annual %),SP.URB.GROW,2001,3.022484871,,
North America,NAC,Population density (people per sq. km of land area),EN.POP.DNST,2001,17.43486753,,
North America,NAC,Population in urban agglomerations of more than 1 million (% of total population),EN.URB.MCTY.TL.ZS,2001,43.65612739,,
North America,NAC,Population living in slums (% of urban population),EN.POP.SLUM.UR.ZS,2001,,,
North America,NAC,Rural population (% of total population),SP.RUR.TOTL.ZS,2001,20.73317824,,
North America,NAC,Urban population (% of total population),SP.URB.TOTL.IN.ZS,2001,79.26682176,,
North America,NAC,Urban population growth (annual %),SP.URB.GROW,2001,1.292519259,,
Not classified,INX,Population in urban agglomerations of more than 1 million (% of total population),EN.URB.MCTY.TL.ZS,2001,,,
Not classified,INX,Population living in slums (% of urban population),EN.POP.SLUM.UR.ZS,2001,,,
OECD members,OED,Population density (people per sq. km of land area),EN.POP.DNST,2001,34.11399036,,
OECD members,OED,Population in urban agglomerations of more than 1 million (% of total population),EN.URB.MCTY.TL.ZS,2001,34.73505761,,
OECD members,OED,Population living in slums (% of urban population),EN.POP.SLUM.UR.ZS,2001,,,
OECD members,OED,Rural population (% of total population),SP.RUR.TOTL.ZS,2001,24.08420717,,
OECD members,OED,Urban population (% of total population),SP.URB.TOTL.IN.ZS,2001,75.91579283,,
OECD members,OED,Urban population growth (annual %),SP.URB.GROW,2001,1.148937645,,
Other small states,OSS,Population density (people per sq. km of land area),EN.POP.DNST,2001,37.98963088,,
Other small states,OSS,Population in urban agglomerations of more than 1 million (% of total population),EN.URB.MCTY.TL.ZS,2001,,,
Other small states,OSS,Population living in slums (% of urban population),EN.POP.SLUM.UR.ZS,2001,,,
Other small states,OSS,Rural population (% of total population),SP.RUR.TOTL.ZS,2001,48.47836311,,
Other small states,OSS,Urban population (% of total population),SP.URB.TOTL.IN.ZS,2001,51.52163689,,
Other small states,OSS,Urban population growth (annual %),SP.URB.GROW,2001,1.729757795,,
Pacific island small states,PSS,Population density (people per sq. km of land area),EN.POP.DNST,2001,32.22892523,,
Pacific island small states,PSS,Population in urban agglomerations of more than 1 million (% of total population),EN.URB.MCTY.TL.ZS,2001,,,
Pacific island small states,PSS,Population living in slums (% of urban population),EN.POP.SLUM.UR.ZS,2001,,,
Pacific island small states,PSS,Rural population (% of total population),SP.RUR.TOTL.ZS,2001,65.33803958,,
Pacific island small states,PSS,Urban population (% of total population),SP.URB.TOTL.IN.ZS,2001,34.66196042,,
Pacific island small states,PSS,Urban population growth (annual %),SP.URB.GROW,2001,1.951744369,,
Post-demographic dividend,PST,Population density (people per sq. km of land area),EN.POP.DNST,2001,32.73624316,,
Post-demographic dividend,PST,Population in urban agglomerations of more than 1 million (% of total population),EN.URB.MCTY.TL.ZS,2001,34.54050839,,
Post-demographic dividend,PST,Population living in slums (% of urban population),EN.POP.SLUM.UR.ZS,2001,,,
Post-demographic dividend,PST,Rural population (% of total population),SP.RUR.TOTL.ZS,2001,22.89637516,,
Post-demographic dividend,PST,Urban population (% of total population),SP.URB.TOTL.IN.ZS,2001,77.10362484,,
Post-demographic dividend,PST,Urban population growth (annual %),SP.URB.GROW,2001,0.842210959,,
Pre-demographic dividend,PRE,Population density (people per sq. km of land area),EN.POP.DNST,2001,32.50040861,,
Pre-demographic dividend,PRE,Population in urban agglomerations of more than 1 million (% of total population),EN.URB.MCTY.TL.ZS,2001,13.68059469,,
Pre-demographic dividend,PRE,Population living in slums (% of urban population),EN.POP.SLUM.UR.ZS,2001,,,
Pre-demographic dividend,PRE,Rural population (% of total population),SP.RUR.TOTL.ZS,2001,65.98010342,,
Pre-demographic dividend,PRE,Urban population (% of total population),SP.URB.TOTL.IN.ZS,2001,34.01989658,,
Pre-demographic dividend,PRE,Urban population growth (annual %),SP.URB.GROW,2001,4.295104273,,
Small states,SST,Population density (people per sq. km of land area),EN.POP.DNST,2001,22.0951703,,
Small states,SST,Population in urban agglomerations of more than 1 million (% of total population),EN.URB.MCTY.TL.ZS,2001,,,
Small states,SST,Population living in slums (% of urban population),EN.POP.SLUM.UR.ZS,2001,,,
Small states,SST,Rural population (% of total population),SP.RUR.TOTL.ZS,2001,50.68290709,,
Small states,SST,Urban population (% of total population),SP.URB.TOTL.IN.ZS,2001,49.31709291,,
Small states,SST,Urban population growth (annual %),SP.URB.GROW,2001,1.495761127,,
South Asia,SAS,Population density (people per sq. km of land area),EN.POP.DNST,2001,376.2178031,,
South Asia,SAS,Population in urban agglomerations of more than 1 million (% of total population),EN.URB.MCTY.TL.ZS,2001,12.08688695,,
South Asia,SAS,Population living in slums (% of urban population),EN.POP.SLUM.UR.ZS,2001,,,
South Asia,SAS,Rural population (% of total population),SP.RUR.TOTL.ZS,2001,72.6632823,,
South Asia,SAS,Urban population (% of total population),SP.URB.TOTL.IN.ZS,2001,27.3367177,,
South Asia,SAS,Urban population growth (annual %),SP.URB.GROW,2001,2.926067997,,
South Asia (IDA & IBRD),TSA,Population density (people per sq. km of land area),EN.POP.DNST,2001,376.2178031,,
South Asia (IDA & IBRD),TSA,Population in urban agglomerations of more than 1 million (% of total population),EN.URB.MCTY.TL.ZS,2001,12.08688695,,
South Asia (IDA & IBRD),TSA,Population living in slums (% of urban population),EN.POP.SLUM.UR.ZS,2001,,,
South Asia (IDA & IBRD),TSA,Rural population (% of total population),SP.RUR.TOTL.ZS,2001,72.6632823,,
South Asia (IDA & IBRD),TSA,Urban population (% of total population),SP.URB.TOTL.IN.ZS,2001,27.3367177,,
South Asia (IDA & IBRD),TSA,Urban population growth (annual %),SP.URB.GROW,2001,2.926067997,,
Sub-Saharan Africa,SSF,Population density (people per sq. km of land area),EN.POP.DNST,2001,32.91758751,,
Sub-Saharan Africa,SSF,Population in urban agglomerations of more than 1 million (% of total population),EN.URB.MCTY.TL.ZS,2001,13.01375348,,
Sub-Saharan Africa,SSF,Population living in slums (% of urban population),EN.POP.SLUM.UR.ZS,2001,,,
Sub-Saharan Africa,SSF,Rural population (% of total population),SP.RUR.TOTL.ZS,2001,66.8754286,,
Sub-Saharan Africa,SSF,Urban population (% of total population),SP.URB.TOTL.IN.ZS,2001,33.1245714,,
Sub-Saharan Africa,SSF,Urban population growth (annual %),SP.URB.GROW,2001,4.084917539,,
Sub-Saharan Africa (excluding high income),SSA,Population density (people per sq. km of land area),EN.POP.DNST,2001,32.91447748,,
Sub-Saharan Africa (excluding high income),SSA,Population in urban agglomerations of more than 1 million (% of total population),EN.URB.MCTY.TL.ZS,2001,13.01375348,,
Sub-Saharan Africa (excluding high income),SSA,Population living in slums (% of urban population),EN.POP.SLUM.UR.ZS,2001,,,
Sub-Saharan Africa (excluding high income),SSA,Rural population (% of total population),SP.RUR.TOTL.ZS,2001,66.87660084,,
Sub-Saharan Africa (excluding high income),SSA,Urban population (% of total population),SP.URB.TOTL.IN.ZS,2001,33.12339916,,
Sub-Saharan Africa (excluding high income),SSA,Urban population growth (annual %),SP.URB.GROW,2001,4.085601564,,
Sub-Saharan Africa (IDA & IBRD countries),TSS,Population density (people per sq. km of land area),EN.POP.DNST,2001,32.91758751,,
Sub-Saharan Africa (IDA & IBRD countries),TSS,Population in urban agglomerations of more than 1 million (% of total population),EN.URB.MCTY.TL.ZS,2001,13.01375348,,
Sub-Saharan Africa (IDA & IBRD countries),TSS,Population living in slums (% of urban population),EN.POP.SLUM.UR.ZS,2001,,,
Sub-Saharan Africa (IDA & IBRD countries),TSS,Rural population (% of total population),SP.RUR.TOTL.ZS,2001,66.8754286,,
Sub-Saharan Africa (IDA & IBRD countries),TSS,Urban population (% of total population),SP.URB.TOTL.IN.ZS,2001,33.1245714,,
Sub-Saharan Africa (IDA & IBRD countries),TSS,Urban population growth (annual %),SP.URB.GROW,2001,4.084917539,,
Upper middle income,UMC,Population density (people per sq. km of land area),EN.POP.DNST,2001,58.05759171,,
Upper middle income,UMC,Population in urban agglomerations of more than 1 million (% of total population),EN.URB.MCTY.TL.ZS,2001,20.53689574,,
Upper middle income,UMC,Population living in slums (% of urban population),EN.POP.SLUM.UR.ZS,2001,,,
Upper middle income,UMC,Rural population (% of total population),SP.RUR.TOTL.ZS,2001,52.1179621,,
Upper middle income,UMC,Urban population (% of total population),SP.URB.TOTL.IN.ZS,2001,47.8820379,,
Upper middle income,UMC,Urban population growth (annual %),SP.URB.GROW,2001,2.959634991,,
World,WLD,Population density (people per sq. km of land area),EN.POP.DNST,2001,49.09546358,,
World,WLD,Population in urban agglomerations of more than 1 million (% of total population),EN.URB.MCTY.TL.ZS,2001,20.3268386,,
World,WLD,Population living in slums (% of urban population),EN.POP.SLUM.UR.ZS,2001,,,
World,WLD,Rural population (% of total population),SP.RUR.TOTL.ZS,2001,52.69501028,,
World,WLD,Urban population (% of total population),SP.URB.TOTL.IN.ZS,2001,47.30498972,,
World,WLD,Urban population growth (annual %),SP.URB.GROW,2001,2.329590867,,
Africa Eastern and Southern,AFE,Population density (people per sq. km of land area),EN.POP.DNST,2002,35.07986258,,
Africa Eastern and Southern,AFE,Population in urban agglomerations of more than 1 million (% of total population),EN.URB.MCTY.TL.ZS,2002,12.06241812,,
Africa Eastern and Southern,AFE,Population living in slums (% of urban population),EN.POP.SLUM.UR.ZS,2002,61.30496958,,
Africa Eastern and Southern,AFE,Rural population (% of total population),SP.RUR.TOTL.ZS,2002,70.77896938,,
Africa Eastern and Southern,AFE,Urban population (% of total population),SP.URB.TOTL.IN.ZS,2002,29.22103062,,
Africa Eastern and Southern,AFE,Urban population growth (annual %),SP.URB.GROW,2002,3.949792641,,
Africa Western and Central,AFW,Population density (people per sq. km of land area),EN.POP.DNST,2002,32.10951969,,
Africa Western and Central,AFW,Population in urban agglomerations of more than 1 million (% of total population),EN.URB.MCTY.TL.ZS,2002,14.76175088,,
Africa Western and Central,AFW,Population living in slums (% of urban population),EN.POP.SLUM.UR.ZS,2002,69.16076999,,
Africa Western and Central,AFW,Rural population (% of total population),SP.RUR.TOTL.ZS,2002,59.94259182,,
Africa Western and Central,AFW,Urban population (% of total population),SP.URB.TOTL.IN.ZS,2002,40.05740818,,
Africa Western and Central,AFW,Urban population growth (annual %),SP.URB.GROW,2002,4.310709317,,
Arab World,ARB,Population density (people per sq. km of land area),EN.POP.DNST,2002,26.76279254,,
Arab World,ARB,Population in urban agglomerations of more than 1 million (% of total population),EN.URB.MCTY.TL.ZS,2002,22.07583241,,
Arab World,ARB,Population living in slums (% of urban population),EN.POP.SLUM.UR.ZS,2002,43.40306055,,
Arab World,ARB,Rural population (% of total population),SP.RUR.TOTL.ZS,2002,46.95714739,,
Arab World,ARB,Urban population (% of total population),SP.URB.TOTL.IN.ZS,2002,53.04285261,,
Arab World,ARB,Urban population growth (annual %),SP.URB.GROW,2002,2.969449308,,
Caribbean small states,CSS,Population density (people per sq. km of land area),EN.POP.DNST,2002,10.08410935,,
Caribbean small states,CSS,Population in urban agglomerations of more than 1 million (% of total population),EN.URB.MCTY.TL.ZS,2002,,,
Caribbean small states,CSS,Population living in slums (% of urban population),EN.POP.SLUM.UR.ZS,2002,12.87577559,,
Caribbean small states,CSS,Rural population (% of total population),SP.RUR.TOTL.ZS,2002,48.62198141,,
Caribbean small states,CSS,Urban population (% of total population),SP.URB.TOTL.IN.ZS,2002,51.37801859,,
Caribbean small states,CSS,Urban population growth (annual %),SP.URB.GROW,2002,0.721560138,,
Central Europe and the Baltics,CEB,Population density (people per sq. km of land area),EN.POP.DNST,2002,96.94538924,,
Central Europe and the Baltics,CEB,Population in urban agglomerations of more than 1 million (% of total population),EN.URB.MCTY.TL.ZS,2002,,,
Central Europe and the Baltics,CEB,Population living in slums (% of urban population),EN.POP.SLUM.UR.ZS,2002,2.97688361,,
Central Europe and the Baltics,CEB,Rural population (% of total population),SP.RUR.TOTL.ZS,2002,38.41600641,,
Central Europe and the Baltics,CEB,Urban population (% of total population),SP.URB.TOTL.IN.ZS,2002,61.58399359,,
Central Europe and the Baltics,CEB,Urban population growth (annual %),SP.URB.GROW,2002,-0.565325552,,
Early-demographic dividend,EAR,Population density (people per sq. km of land area),EN.POP.DNST,2002,78.39096831,,
Early-demographic dividend,EAR,Population in urban agglomerations of more than 1 million (% of total population),EN.URB.MCTY.TL.ZS,2002,16.27311308,,
Early-demographic dividend,EAR,Population living in slums (% of urban population),EN.POP.SLUM.UR.ZS,2002,,,
Early-demographic dividend,EAR,Rural population (% of total population),SP.RUR.TOTL.ZS,2002,61.15500023,,
Early-demographic dividend,EAR,Urban population (% of total population),SP.URB.TOTL.IN.ZS,2002,38.84499977,,
Early-demographic dividend,EAR,Urban population growth (annual %),SP.URB.GROW,2002,2.757081055,,
East Asia & Pacific,EAS,Population density (people per sq. km of land area),EN.POP.DNST,2002,85.33399791,,
East Asia & Pacific,EAS,Population in urban agglomerations of more than 1 million (% of total population),EN.URB.MCTY.TL.ZS,2002,,,
East Asia & Pacific,EAS,Population living in slums (% of urban population),EN.POP.SLUM.UR.ZS,2002,,,
East Asia & Pacific,EAS,Rural population (% of total population),SP.RUR.TOTL.ZS,2002,56.23151468,,
East Asia & Pacific,EAS,Urban population (% of total population),SP.URB.TOTL.IN.ZS,2002,43.76848532,,
East Asia & Pacific,EAS,Urban population growth (annual %),SP.URB.GROW,2002,3.510211128,,
East Asia & Pacific (excluding high income),EAP,Population density (people per sq. km of land area),EN.POP.DNST,2002,115.9792926,,
East Asia & Pacific (excluding high income),EAP,Population in urban agglomerations of more than 1 million (% of total population),EN.URB.MCTY.TL.ZS,2002,,,
East Asia & Pacific (excluding high income),EAP,Population living in slums (% of urban population),EN.POP.SLUM.UR.ZS,2002,,,
East Asia & Pacific (excluding high income),EAP,Rural population (% of total population),SP.RUR.TOTL.ZS,2002,61.00371577,,
East Asia & Pacific (excluding high income),EAP,Urban population (% of total population),SP.URB.TOTL.IN.ZS,2002,38.99628423,,
East Asia & Pacific (excluding high income),EAP,Urban population growth (annual %),SP.URB.GROW,2002,4.046630097,,
East Asia & Pacific (IDA & IBRD countries),TEA,Population density (people per sq. km of land area),EN.POP.DNST,2002,115.348227,,
East Asia & Pacific (IDA & IBRD countries),TEA,Population in urban agglomerations of more than 1 million (% of total population),EN.URB.MCTY.TL.ZS,2002,,,
East Asia & Pacific (IDA & IBRD countries),TEA,Population living in slums (% of urban population),EN.POP.SLUM.UR.ZS,2002,,,
East Asia & Pacific (IDA & IBRD countries),TEA,Rural population (% of total population),SP.RUR.TOTL.ZS,2002,61.27203015,,
East Asia & Pacific (IDA & IBRD countries),TEA,Urban population (% of total population),SP.URB.TOTL.IN.ZS,2002,38.72796985,,
East Asia & Pacific (IDA & IBRD countries),TEA,Urban population growth (annual %),SP.URB.GROW,2002,4.116284986,,
Euro area,EMU,Population density (people per sq. km of land area),EN.POP.DNST,2002,118.6081561,,
Euro area,EMU,Population in urban agglomerations of more than 1 million (% of total population),EN.URB.MCTY.TL.ZS,2002,18.38962357,,
Euro area,EMU,Population living in slums (% of urban population),EN.POP.SLUM.UR.ZS,2002,0.289962747,,
Euro area,EMU,Rural population (% of total population),SP.RUR.TOTL.ZS,2002,26.04270106,,
Euro area,EMU,Urban population (% of total population),SP.URB.TOTL.IN.ZS,2002,73.95729894,,
Euro area,EMU,Urban population growth (annual %),SP.URB.GROW,2002,0.691549495,,
Europe & Central Asia,ECS,Population density (people per sq. km of land area),EN.POP.DNST,2002,31.76472425,,
Europe & Central Asia,ECS,Population in urban agglomerations of more than 1 million (% of total population),EN.URB.MCTY.TL.ZS,2002,18.30583994,,
Europe & Central Asia,ECS,Population living in slums (% of urban population),EN.POP.SLUM.UR.ZS,2002,4.806873023,,
Europe & Central Asia,ECS,Rural population (% of total population),SP.RUR.TOTL.ZS,2002,30.94215187,,
Europe & Central Asia,ECS,Urban population (% of total population),SP.URB.TOTL.IN.ZS,2002,69.05784813,,
Europe & Central Asia,ECS,Urban population growth (annual %),SP.URB.GROW,2002,0.467324616,,
Europe & Central Asia (excluding high income),ECA,Population density (people per sq. km of land area),EN.POP.DNST,2002,37.95693082,,
Europe & Central Asia (excluding high income),ECA,Population in urban agglomerations of more than 1 million (% of total population),EN.URB.MCTY.TL.ZS,2002,18.89292182,,
Europe & Central Asia (excluding high income),ECA,Population living in slums (% of urban population),EN.POP.SLUM.UR.ZS,2002,17.53763575,,
Europe & Central Asia (excluding high income),ECA,Rural population (% of total population),SP.RUR.TOTL.ZS,2002,42.62069426,,
Europe & Central Asia (excluding high income),ECA,Urban population (% of total population),SP.URB.TOTL.IN.ZS,2002,57.37930574,,
Europe & Central Asia (excluding high income),ECA,Urban population growth (annual %),SP.URB.GROW,2002,1.031418641,,
Europe & Central Asia (IDA & IBRD countries),TEC,Population density (people per sq. km of land area),EN.POP.DNST,2002,19.12789671,,
Europe & Central Asia (IDA & IBRD countries),TEC,Population in urban agglomerations of more than 1 million (% of total population),EN.URB.MCTY.TL.ZS,2002,17.39000988,,
Europe & Central Asia (IDA & IBRD countries),TEC,Population living in slums (% of urban population),EN.POP.SLUM.UR.ZS,2002,9.444862599,,
Europe & Central Asia (IDA & IBRD countries),TEC,Rural population (% of total population),SP.RUR.TOTL.ZS,2002,36.98663361,,
Europe & Central Asia (IDA & IBRD countries),TEC,Urban population (% of total population),SP.URB.TOTL.IN.ZS,2002,63.01336639,,
Europe & Central Asia (IDA & IBRD countries),TEC,Urban population growth (annual %),SP.URB.GROW,2002,0.209371372,,
European Union,EUU,Population density (people per sq. km of land area),EN.POP.DNST,2002,108.1139091,,
European Union,EUU,Population in urban agglomerations of more than 1 million (% of total population),EN.URB.MCTY.TL.ZS,2002,16.30794393,,
European Union,EUU,Population living in slums (% of urban population),EN.POP.SLUM.UR.ZS,2002,0.876412034,,
European Union,EUU,Rural population (% of total population),SP.RUR.TOTL.ZS,2002,28.05538381,,
European Union,EUU,Urban population (% of total population),SP.URB.TOTL.IN.ZS,2002,71.94461619,,
European Union,EUU,Urban population growth (annual %),SP.URB.GROW,2002,0.496893654,,
Heavily indebted poor countries (HIPC),HPC,Population density (people per sq. km of land area),EN.POP.DNST,2002,29.30817973,,
Heavily indebted poor countries (HIPC),HPC,Population in urban agglomerations of more than 1 million (% of total population),EN.URB.MCTY.TL.ZS,2002,12.07123924,,
Heavily indebted poor countries (HIPC),HPC,Population living in slums (% of urban population),EN.POP.SLUM.UR.ZS,2002,72.88221502,,
Heavily indebted poor countries (HIPC),HPC,Rural population (% of total population),SP.RUR.TOTL.ZS,2002,71.08833062,,
Heavily indebted poor countries (HIPC),HPC,Urban population (% of total population),SP.URB.TOTL.IN.ZS,2002,28.91166938,,
Heavily indebted poor countries (HIPC),HPC,Urban population growth (annual %),SP.URB.GROW,2002,3.989988866,,
High income,HIC,Population density (people per sq. km of land area),EN.POP.DNST,2002,24.40587811,,
High income,HIC,Population in urban agglomerations of more than 1 million (% of total population),EN.URB.MCTY.TL.ZS,2002,,,
High income,HIC,Population living in slums (% of urban population),EN.POP.SLUM.UR.ZS,2002,1.410093776,,
High income,HIC,Rural population (% of total population),SP.RUR.TOTL.ZS,2002,23.29427124,,
High income,HIC,Urban population (% of total population),SP.URB.TOTL.IN.ZS,2002,76.70572876,,
High income,HIC,Urban population growth (annual %),SP.URB.GROW,2002,0.931865547,,
IBRD only,IBD,Population density (people per sq. km of land area),EN.POP.DNST,2002,57.69125236,,
IBRD only,IBD,Population in urban agglomerations of more than 1 million (% of total population),EN.URB.MCTY.TL.ZS,2002,18.64831378,,
IBRD only,IBD,Population living in slums (% of urban population),EN.POP.SLUM.UR.ZS,2002,,,
IBRD only,IBD,Rural population (% of total population),SP.RUR.TOTL.ZS,2002,55.02452419,,
IBRD only,IBD,Urban population (% of total population),SP.URB.TOTL.IN.ZS,2002,44.97547581,,
IBRD only,IBD,Urban population growth (annual %),SP.URB.GROW,2002,2.672835667,,
IDA & IBRD total,IBT,Population density (people per sq. km of land area),EN.POP.DNST,2002,56.44184452,,
IDA & IBRD total,IBT,Population in urban agglomerations of more than 1 million (% of total population),EN.URB.MCTY.TL.ZS,2002,17.26964332,,
IDA & IBRD total,IBT,Population living in slums (% of urban population),EN.POP.SLUM.UR.ZS,2002,,,
IDA & IBRD total,IBT,Rural population (% of total population),SP.RUR.TOTL.ZS,2002,58.23284908,,
IDA & IBRD total,IBT,Urban population (% of total population),SP.URB.TOTL.IN.ZS,2002,41.76715092,,
IDA & IBRD total,IBT,Urban population growth (annual %),SP.URB.GROW,2002,2.874000244,,
IDA blend,IDB,Population density (people per sq. km of land area),EN.POP.DNST,2002,84.7083096,,
IDA blend,IDB,Population in urban agglomerations of more than 1 million (% of total population),EN.URB.MCTY.TL.ZS,2002,,,
IDA blend,IDB,Population living in slums (% of urban population),EN.POP.SLUM.UR.ZS,2002,64.63838635,,
IDA blend,IDB,Rural population (% of total population),SP.RUR.TOTL.ZS,2002,61.85500496,,
IDA blend,IDB,Urban population (% of total population),SP.URB.TOTL.IN.ZS,2002,38.14499504,,
IDA blend,IDB,Urban population growth (annual %),SP.URB.GROW,2002,3.925354526,,
IDA only,IDX,Population density (people per sq. km of land area),EN.POP.DNST,2002,43.6604117,,
IDA only,IDX,Population in urban agglomerations of more than 1 million (% of total population),EN.URB.MCTY.TL.ZS,2002,10.72982859,,
IDA only,IDX,Population living in slums (% of urban population),EN.POP.SLUM.UR.ZS,2002,65.61418301,,
IDA only,IDX,Rural population (% of total population),SP.RUR.TOTL.ZS,2002,73.18015364,,
IDA only,IDX,Urban population (% of total population),SP.URB.TOTL.IN.ZS,2002,26.81984636,,
IDA only,IDX,Urban population growth (annual %),SP.URB.GROW,2002,3.859483156,,
IDA total,IDA,Population density (people per sq. km of land area),EN.POP.DNST,2002,52.54164015,,
IDA total,IDA,Population in urban agglomerations of more than 1 million (% of total population),EN.URB.MCTY.TL.ZS,2002,12.21807099,,
IDA total,IDA,Population living in slums (% of urban population),EN.POP.SLUM.UR.ZS,2002,65.18435897,,
IDA total,IDA,Rural population (% of total population),SP.RUR.TOTL.ZS,2002,69.22968679,,
IDA total,IDA,Urban population (% of total population),SP.URB.TOTL.IN.ZS,2002,30.77031321,,
IDA total,IDA,Urban population growth (annual %),SP.URB.GROW,2002,3.887962217,,
Late-demographic dividend,LTE,Population density (people per sq. km of land area),EN.POP.DNST,2002,46.66400574,,
Late-demographic dividend,LTE,Population in urban agglomerations of more than 1 million (% of total population),EN.URB.MCTY.TL.ZS,2002,20.2802935,,
Late-demographic dividend,LTE,Population living in slums (% of urban population),EN.POP.SLUM.UR.ZS,2002,,,
Late-demographic dividend,LTE,Rural population (% of total population),SP.RUR.TOTL.ZS,2002,52.15429847,,
Late-demographic dividend,LTE,Urban population (% of total population),SP.URB.TOTL.IN.ZS,2002,47.84570153,,
Late-demographic dividend,LTE,Urban population growth (annual %),SP.URB.GROW,2002,2.836006043,,
Latin America & Caribbean,LCN,Population density (people per sq. km of land area),EN.POP.DNST,2002,26.67361752,,
Latin America & Caribbean,LCN,Population in urban agglomerations of more than 1 million (% of total population),EN.URB.MCTY.TL.ZS,2002,35.85096202,,
Latin America & Caribbean,LCN,Population living in slums (% of urban population),EN.POP.SLUM.UR.ZS,2002,30.24059577,,
Latin America & Caribbean,LCN,Rural population (% of total population),SP.RUR.TOTL.ZS,2002,23.64874982,,
Latin America & Caribbean,LCN,Urban population (% of total population),SP.URB.TOTL.IN.ZS,2002,76.35125018,,
Latin America & Caribbean,LCN,Urban population growth (annual %),SP.URB.GROW,2002,1.832998063,,
Latin America & Caribbean (excluding high income),LAC,Population density (people per sq. km of land area),EN.POP.DNST,2002,26.69280073,,
Latin America & Caribbean (excluding high income),LAC,Population in urban agglomerations of more than 1 million (% of total population),EN.URB.MCTY.TL.ZS,2002,35.54825456,,
Latin America & Caribbean (excluding high income),LAC,Population living in slums (% of urban population),EN.POP.SLUM.UR.ZS,2002,31.0848447,,
Latin America & Caribbean (excluding high income),LAC,Rural population (% of total population),SP.RUR.TOTL.ZS,2002,23.87034688,,
Latin America & Caribbean (excluding high income),LAC,Urban population (% of total population),SP.URB.TOTL.IN.ZS,2002,76.12965312,,
Latin America & Caribbean (excluding high income),LAC,Urban population growth (annual %),SP.URB.GROW,2002,1.875156098,,
Latin America & the Caribbean (IDA & IBRD countries),TLA,Population density (people per sq. km of land area),EN.POP.DNST,2002,26.05016199,,
Latin America & the Caribbean (IDA & IBRD countries),TLA,Population in urban agglomerations of more than 1 million (% of total population),EN.URB.MCTY.TL.ZS,2002,35.98276612,,
Latin America & the Caribbean (IDA & IBRD countries),TLA,Population living in slums (% of urban population),EN.POP.SLUM.UR.ZS,2002,30.85340071,,
Latin America & the Caribbean (IDA & IBRD countries),TLA,Rural population (% of total population),SP.RUR.TOTL.ZS,2002,23.78258522,,
Latin America & the Caribbean (IDA & IBRD countries),TLA,Urban population (% of total population),SP.URB.TOTL.IN.ZS,2002,76.21741478,,
Latin America & the Caribbean (IDA & IBRD countries),TLA,Urban population growth (annual %),SP.URB.GROW,2002,1.884485315,,
Least developed countries: UN classification,LDC,Population density (people per sq. km of land area),EN.POP.DNST,2002,39.91332913,,
Least developed countries: UN classification,LDC,Population in urban agglomerations of more than 1 million (% of total population),EN.URB.MCTY.TL.ZS,2002,10.22093493,,
Least developed countries: UN classification,LDC,Population living in slums (% of urban population),EN.POP.SLUM.UR.ZS,2002,66.21887621,,
Least developed countries: UN classification,LDC,Rural population (% of total population),SP.RUR.TOTL.ZS,2002,73.88070447,,
Least developed countries: UN classification,LDC,Urban population (% of total population),SP.URB.TOTL.IN.ZS,2002,26.11929553,,
Least developed countries: UN classification,LDC,Urban population growth (annual %),SP.URB.GROW,2002,4.107024534,,
Low & middle income,LMY,Population density (people per sq. km of land area),EN.POP.DNST,2002,67.25442925,,
Low & middle income,LMY,Population in urban agglomerations of more than 1 million (% of total population),EN.URB.MCTY.TL.ZS,2002,17.19369735,,
Low & middle income,LMY,Population living in slums (% of urban population),EN.POP.SLUM.UR.ZS,2002,,,
Low & middle income,LMY,Rural population (% of total population),SP.RUR.TOTL.ZS,2002,59.41592513,,
Low & middle income,LMY,Urban population (% of total population),SP.URB.TOTL.IN.ZS,2002,40.58407487,,
Low & middle income,LMY,Urban population growth (annual %),SP.URB.GROW,2002,3.114235769,,
Low income,LIC,Population density (people per sq. km of land area),EN.POP.DNST,2002,33.82102562,,
Low income,LIC,Population in urban agglomerations of more than 1 million (% of total population),EN.URB.MCTY.TL.ZS,2002,10.67830725,,
Low income,LIC,Population living in slums (% of urban population),EN.POP.SLUM.UR.ZS,2002,75.46593748,,
Low income,LIC,Rural population (% of total population),SP.RUR.TOTL.ZS,2002,72.99059486,,
Low income,LIC,Urban population (% of total population),SP.URB.TOTL.IN.ZS,2002,27.00940514,,
Low income,LIC,Urban population growth (annual %),SP.URB.GROW,2002,3.744112703,,
Lower middle income,LMC,Population density (people per sq. km of land area),EN.POP.DNST,2002,108.892488,,
Lower middle income,LMC,Population in urban agglomerations of more than 1 million (% of total population),EN.URB.MCTY.TL.ZS,2002,13.77002194,,
Lower middle income,LMC,Population living in slums (% of urban population),EN.POP.SLUM.UR.ZS,2002,,,
Lower middle income,LMC,Rural population (% of total population),SP.RUR.TOTL.ZS,2002,67.23619818,,
Lower middle income,LMC,Urban population (% of total population),SP.URB.TOTL.IN.ZS,2002,32.76380182,,
Lower middle income,LMC,Urban population growth (annual %),SP.URB.GROW,2002,3.139253387,,
"Middle East, North Africa, Afghanistan & Pakistan",MEA,Population density (people per sq. km of land area),EN.POP.DNST,2002,40.96595346,,
"Middle East, North Africa, Afghanistan & Pakistan",MEA,Population in urban agglomerations of more than 1 million (% of total population),EN.URB.MCTY.TL.ZS,2002,21.21901236,,
"Middle East, North Africa, Afghanistan & Pakistan",MEA,Population living in slums (% of urban population),EN.POP.SLUM.UR.ZS,2002,50.15051598,,
"Middle East, North Africa, Afghanistan & Pakistan",MEA,Rural population (% of total population),SP.RUR.TOTL.ZS,2002,50.72709311,,
"Middle East, North Africa, Afghanistan & Pakistan",MEA,Urban population (% of total population),SP.URB.TOTL.IN.ZS,2002,49.27290689,,
"Middle East, North Africa, Afghanistan & Pakistan",MEA,Urban population growth (annual %),SP.URB.GROW,2002,2.808657533,,
"Middle East, North Africa, Afghanistan & Pakistan (excluding high income)",MNA,Population density (people per sq. km of land area),EN.POP.DNST,2002,48.03199706,,
"Middle East, North Africa, Afghanistan & Pakistan (excluding high income)",MNA,Population in urban agglomerations of more than 1 million (% of total population),EN.URB.MCTY.TL.ZS,2002,19.0991549,,
"Middle East, North Africa, Afghanistan & Pakistan (excluding high income)",MNA,Population living in slums (% of urban population),EN.POP.SLUM.UR.ZS,2002,51.99804774,,
"Middle East, North Africa, Afghanistan & Pakistan (excluding high income)",MNA,Rural population (% of total population),SP.RUR.TOTL.ZS,2002,53.18906367,,
"Middle East, North Africa, Afghanistan & Pakistan (excluding high income)",MNA,Urban population (% of total population),SP.URB.TOTL.IN.ZS,2002,46.81093633,,
"Middle East, North Africa, Afghanistan & Pakistan (excluding high income)",MNA,Urban population growth (annual %),SP.URB.GROW,2002,2.619108779,,
"Middle East, North Africa, Afghanistan & Pakistan (IDA & IBRD)",TMN,Population density (people per sq. km of land area),EN.POP.DNST,2002,47.75506514,,
"Middle East, North Africa, Afghanistan & Pakistan (IDA & IBRD)",TMN,Population in urban agglomerations of more than 1 million (% of total population),EN.URB.MCTY.TL.ZS,2002,19.0991549,,
"Middle East, North Africa, Afghanistan & Pakistan (IDA & IBRD)",TMN,Population living in slums (% of urban population),EN.POP.SLUM.UR.ZS,2002,52.26731858,,
"Middle East, North Africa, Afghanistan & Pakistan (IDA & IBRD)",TMN,Rural population (% of total population),SP.RUR.TOTL.ZS,2002,53.37268373,,
"Middle East, North Africa, Afghanistan & Pakistan (IDA & IBRD)",TMN,Urban population (% of total population),SP.URB.TOTL.IN.ZS,2002,46.62731627,,
"Middle East, North Africa, Afghanistan & Pakistan (IDA & IBRD)",TMN,Urban population growth (annual %),SP.URB.GROW,2002,2.595431822,,
Middle income,MIC,Population density (people per sq. km of land area),EN.POP.DNST,2002,73.62709669,,
Middle income,MIC,Population in urban agglomerations of more than 1 million (% of total population),EN.URB.MCTY.TL.ZS,2002,17.74340012,,
Middle income,MIC,Population living in slums (% of urban population),EN.POP.SLUM.UR.ZS,2002,,,
Middle income,MIC,Rural population (% of total population),SP.RUR.TOTL.ZS,2002,58.22737082,,
Middle income,MIC,Urban population (% of total population),SP.URB.TOTL.IN.ZS,2002,41.77262918,,
Middle income,MIC,Urban population growth (annual %),SP.URB.GROW,2002,3.078695194,,
North America,NAC,Population density (people per sq. km of land area),EN.POP.DNST,2002,17.60007765,,
North America,NAC,Population in urban agglomerations of more than 1 million (% of total population),EN.URB.MCTY.TL.ZS,2002,43.72468387,,
North America,NAC,Population living in slums (% of urban population),EN.POP.SLUM.UR.ZS,2002,0.204845996,,
North America,NAC,Rural population (% of total population),SP.RUR.TOTL.ZS,2002,20.49385584,,
North America,NAC,Urban population (% of total population),SP.URB.TOTL.IN.ZS,2002,79.50614416,,
North America,NAC,Urban population growth (annual %),SP.URB.GROW,2002,1.244588413,,
Not classified,INX,Population in urban agglomerations of more than 1 million (% of total population),EN.URB.MCTY.TL.ZS,2002,,,
Not classified,INX,Population living in slums (% of urban population),EN.POP.SLUM.UR.ZS,2002,,,
OECD members,OED,Population density (people per sq. km of land area),EN.POP.DNST,2002,34.36676821,,
OECD members,OED,Population in urban agglomerations of more than 1 million (% of total population),EN.URB.MCTY.TL.ZS,2002,34.85805538,,
OECD members,OED,Population living in slums (% of urban population),EN.POP.SLUM.UR.ZS,2002,5.755849808,,
OECD members,OED,Rural population (% of total population),SP.RUR.TOTL.ZS,2002,23.69502948,,
OECD members,OED,Urban population (% of total population),SP.URB.TOTL.IN.ZS,2002,76.30497052,,
OECD members,OED,Urban population growth (annual %),SP.URB.GROW,2002,1.251072338,,
Other small states,OSS,Population density (people per sq. km of land area),EN.POP.DNST,2002,38.65492848,,
Other small states,OSS,Population in urban agglomerations of more than 1 million (% of total population),EN.URB.MCTY.TL.ZS,2002,,,
Other small states,OSS,Population living in slums (% of urban population),EN.POP.SLUM.UR.ZS,2002,31.38864169,,
Other small states,OSS,Rural population (% of total population),SP.RUR.TOTL.ZS,2002,48.48247163,,
Other small states,OSS,Urban population (% of total population),SP.URB.TOTL.IN.ZS,2002,51.51752837,,
Other small states,OSS,Urban population growth (annual %),SP.URB.GROW,2002,1.728116832,,
Pacific island small states,PSS,Population density (people per sq. km of land area),EN.POP.DNST,2002,32.63665109,,
Pacific island small states,PSS,Population in urban agglomerations of more than 1 million (% of total population),EN.URB.MCTY.TL.ZS,2002,,,
Pacific island small states,PSS,Population living in slums (% of urban population),EN.POP.SLUM.UR.ZS,2002,11.77946005,,
Pacific island small states,PSS,Rural population (% of total population),SP.RUR.TOTL.ZS,2002,65.11229108,,
Pacific island small states,PSS,Urban population (% of total population),SP.URB.TOTL.IN.ZS,2002,34.88770892,,
Pacific island small states,PSS,Urban population growth (annual %),SP.URB.GROW,2002,1.906308526,,
Post-demographic dividend,PST,Population density (people per sq. km of land area),EN.POP.DNST,2002,32.90448054,,
Post-demographic dividend,PST,Population in urban agglomerations of more than 1 million (% of total population),EN.URB.MCTY.TL.ZS,2002,34.65752026,,
Post-demographic dividend,PST,Population living in slums (% of urban population),EN.POP.SLUM.UR.ZS,2002,0.637899193,,
Post-demographic dividend,PST,Rural population (% of total population),SP.RUR.TOTL.ZS,2002,22.53367969,,
Post-demographic dividend,PST,Urban population (% of total population),SP.URB.TOTL.IN.ZS,2002,77.46632031,,
Post-demographic dividend,PST,Urban population growth (annual %),SP.URB.GROW,2002,0.974464954,,
Pre-demographic dividend,PRE,Population density (people per sq. km of land area),EN.POP.DNST,2002,33.48485342,,
Pre-demographic dividend,PRE,Population in urban agglomerations of more than 1 million (% of total population),EN.URB.MCTY.TL.ZS,2002,13.81009016,,
Pre-demographic dividend,PRE,Population living in slums (% of urban population),EN.POP.SLUM.UR.ZS,2002,67.64186312,,
Pre-demographic dividend,PRE,Rural population (% of total population),SP.RUR.TOTL.ZS,2002,65.48122949,,
Pre-demographic dividend,PRE,Urban population (% of total population),SP.URB.TOTL.IN.ZS,2002,34.51877051,,
Pre-demographic dividend,PRE,Urban population growth (annual %),SP.URB.GROW,2002,4.439823727,,
Small states,SST,Population density (people per sq. km of land area),EN.POP.DNST,2002,22.41566199,,
Small states,SST,Population in urban agglomerations of more than 1 million (% of total population),EN.URB.MCTY.TL.ZS,2002,,,
Small states,SST,Population living in slums (% of urban population),EN.POP.SLUM.UR.ZS,2002,25.53230743,,
Small states,SST,Rural population (% of total population),SP.RUR.TOTL.ZS,2002,50.66119352,,
Small states,SST,Urban population (% of total population),SP.URB.TOTL.IN.ZS,2002,49.33880648,,
Small states,SST,Urban population growth (annual %),SP.URB.GROW,2002,1.484120013,,
South Asia,SAS,Population density (people per sq. km of land area),EN.POP.DNST,2002,382.9159987,,
South Asia,SAS,Population in urban agglomerations of more than 1 million (% of total population),EN.URB.MCTY.TL.ZS,2002,12.1753935,,
South Asia,SAS,Population living in slums (% of urban population),EN.POP.SLUM.UR.ZS,2002,,,
South Asia,SAS,Rural population (% of total population),SP.RUR.TOTL.ZS,2002,72.33758891,,
South Asia,SAS,Urban population (% of total population),SP.URB.TOTL.IN.ZS,2002,27.66241109,,
South Asia,SAS,Urban population growth (annual %),SP.URB.GROW,2002,2.949112092,,
South Asia (IDA & IBRD),TSA,Population density (people per sq. km of land area),EN.POP.DNST,2002,382.9159987,,
South Asia (IDA & IBRD),TSA,Population in urban agglomerations of more than 1 million (% of total population),EN.URB.MCTY.TL.ZS,2002,12.1753935,,
South Asia (IDA & IBRD),TSA,Population living in slums (% of urban population),EN.POP.SLUM.UR.ZS,2002,,,
South Asia (IDA & IBRD),TSA,Rural population (% of total population),SP.RUR.TOTL.ZS,2002,72.33758891,,
South Asia (IDA & IBRD),TSA,Urban population (% of total population),SP.URB.TOTL.IN.ZS,2002,27.66241109,,
South Asia (IDA & IBRD),TSA,Urban population growth (annual %),SP.URB.GROW,2002,2.949112092,,
Sub-Saharan Africa,SSF,Population density (people per sq. km of land area),EN.POP.DNST,2002,33.81492337,,
Sub-Saharan Africa,SSF,Population in urban agglomerations of more than 1 million (% of total population),EN.URB.MCTY.TL.ZS,2002,13.15282333,,
Sub-Saharan Africa,SSF,Population living in slums (% of urban population),EN.POP.SLUM.UR.ZS,2002,65.08499951,,
Sub-Saharan Africa,SSF,Rural population (% of total population),SP.RUR.TOTL.ZS,2002,66.39696712,,
Sub-Saharan Africa,SSF,Urban population (% of total population),SP.URB.TOTL.IN.ZS,2002,33.60303288,,
Sub-Saharan Africa,SSF,Urban population growth (annual %),SP.URB.GROW,2002,4.123610218,,
Sub-Saharan Africa (excluding high income),SSA,Population density (people per sq. km of land area),EN.POP.DNST,2002,33.81171409,,
Sub-Saharan Africa (excluding high income),SSA,Population in urban agglomerations of more than 1 million (% of total population),EN.URB.MCTY.TL.ZS,2002,13.15282333,,
Sub-Saharan Africa (excluding high income),SSA,Population living in slums (% of urban population),EN.POP.SLUM.UR.ZS,2002,65.0835494,,
Sub-Saharan Africa (excluding high income),SSA,Rural population (% of total population),SP.RUR.TOTL.ZS,2002,66.39807362,,
Sub-Saharan Africa (excluding high income),SSA,Urban population (% of total population),SP.URB.TOTL.IN.ZS,2002,33.60192638,,
Sub-Saharan Africa (excluding high income),SSA,Urban population growth (annual %),SP.URB.GROW,2002,4.123813407,,
Sub-Saharan Africa (IDA & IBRD countries),TSS,Population density (people per sq. km of land area),EN.POP.DNST,2002,33.81492337,,
Sub-Saharan Africa (IDA & IBRD countries),TSS,Population in urban agglomerations of more than 1 million (% of total population),EN.URB.MCTY.TL.ZS,2002,13.15282333,,
Sub-Saharan Africa (IDA & IBRD countries),TSS,Population living in slums (% of urban population),EN.POP.SLUM.UR.ZS,2002,65.08499951,,
Sub-Saharan Africa (IDA & IBRD countries),TSS,Rural population (% of total population),SP.RUR.TOTL.ZS,2002,66.39696712,,
Sub-Saharan Africa (IDA & IBRD countries),TSS,Urban population (% of total population),SP.URB.TOTL.IN.ZS,2002,33.60303288,,
Sub-Saharan Africa (IDA & IBRD countries),TSS,Urban population growth (annual %),SP.URB.GROW,2002,4.123610218,,
Upper middle income,UMC,Population density (people per sq. km of land area),EN.POP.DNST,2002,58.60870601,,
Upper middle income,UMC,Population in urban agglomerations of more than 1 million (% of total population),EN.URB.MCTY.TL.ZS,2002,20.88296708,,
Upper middle income,UMC,Population living in slums (% of urban population),EN.POP.SLUM.UR.ZS,2002,,,
Upper middle income,UMC,Rural population (% of total population),SP.RUR.TOTL.ZS,2002,51.09918943,,
Upper middle income,UMC,Urban population (% of total population),SP.URB.TOTL.IN.ZS,2002,48.90081057,,
Upper middle income,UMC,Urban population growth (annual %),SP.URB.GROW,2002,3.04660588,,
World,WLD,Population density (people per sq. km of land area),EN.POP.DNST,2002,49.74439096,,
World,WLD,Population in urban agglomerations of more than 1 million (% of total population),EN.URB.MCTY.TL.ZS,2002,20.49081206,,
World,WLD,Population living in slums (% of urban population),EN.POP.SLUM.UR.ZS,2002,,,
World,WLD,Rural population (% of total population),SP.RUR.TOTL.ZS,2002,52.17375202,,
World,WLD,Urban population (% of total population),SP.URB.TOTL.IN.ZS,2002,47.82624798,,
World,WLD,Urban population growth (annual %),SP.URB.GROW,2002,2.407262993,,
Africa Eastern and Southern,AFE,Population density (people per sq. km of land area),EN.POP.DNST,2003,36.01076535,,
Africa Eastern and Southern,AFE,Population in urban agglomerations of more than 1 million (% of total population),EN.URB.MCTY.TL.ZS,2003,12.16691236,,
Africa Eastern and Southern,AFE,Population living in slums (% of urban population),EN.POP.SLUM.UR.ZS,2003,,,
Africa Eastern and Southern,AFE,Rural population (% of total population),SP.RUR.TOTL.ZS,2003,70.3609644,,
Africa Eastern and Southern,AFE,Urban population (% of total population),SP.URB.TOTL.IN.ZS,2003,29.6390356,,
Africa Eastern and Southern,AFE,Urban population growth (annual %),SP.URB.GROW,2003,4.039428498,,
Africa Western and Central,AFW,Population density (people per sq. km of land area),EN.POP.DNST,2003,33.02587394,,
Africa Western and Central,AFW,Population in urban agglomerations of more than 1 million (% of total population),EN.URB.MCTY.TL.ZS,2003,14.93641725,,
Africa Western and Central,AFW,Population living in slums (% of urban population),EN.POP.SLUM.UR.ZS,2003,,,
Africa Western and Central,AFW,Rural population (% of total population),SP.RUR.TOTL.ZS,2003,59.34689942,,
Africa Western and Central,AFW,Urban population (% of total population),SP.URB.TOTL.IN.ZS,2003,40.65310058,,
Africa Western and Central,AFW,Urban population growth (annual %),SP.URB.GROW,2003,4.290024009,,
Arab World,ARB,Population density (people per sq. km of land area),EN.POP.DNST,2003,27.39726108,,
Arab World,ARB,Population in urban agglomerations of more than 1 million (% of total population),EN.URB.MCTY.TL.ZS,2003,22.12158283,,
Arab World,ARB,Population living in slums (% of urban population),EN.POP.SLUM.UR.ZS,2003,,,
Arab World,ARB,Rural population (% of total population),SP.RUR.TOTL.ZS,2003,46.6478086,,
Arab World,ARB,Urban population (% of total population),SP.URB.TOTL.IN.ZS,2003,53.3521914,,
Arab World,ARB,Urban population growth (annual %),SP.URB.GROW,2003,2.922938033,,
Caribbean small states,CSS,Population density (people per sq. km of land area),EN.POP.DNST,2003,10.16489171,,
Caribbean small states,CSS,Population in urban agglomerations of more than 1 million (% of total population),EN.URB.MCTY.TL.ZS,2003,,,
Caribbean small states,CSS,Population living in slums (% of urban population),EN.POP.SLUM.UR.ZS,2003,,,
Caribbean small states,CSS,Rural population (% of total population),SP.RUR.TOTL.ZS,2003,48.69986643,,
Caribbean small states,CSS,Urban population (% of total population),SP.URB.TOTL.IN.ZS,2003,51.30013357,,
Caribbean small states,CSS,Urban population growth (annual %),SP.URB.GROW,2003,0.64620939,,
Central Europe and the Baltics,CEB,Population density (people per sq. km of land area),EN.POP.DNST,2003,96.63579463,,
Central Europe and the Baltics,CEB,Population in urban agglomerations of more than 1 million (% of total population),EN.URB.MCTY.TL.ZS,2003,,,
Central Europe and the Baltics,CEB,Population living in slums (% of urban population),EN.POP.SLUM.UR.ZS,2003,,,
Central Europe and the Baltics,CEB,Rural population (% of total population),SP.RUR.TOTL.ZS,2003,38.42873163,,
Central Europe and the Baltics,CEB,Urban population (% of total population),SP.URB.TOTL.IN.ZS,2003,61.57126837,,
Central Europe and the Baltics,CEB,Urban population growth (annual %),SP.URB.GROW,2003,-0.33490923,,
Early-demographic dividend,EAR,Population density (people per sq. km of land area),EN.POP.DNST,2003,79.75302611,,
Early-demographic dividend,EAR,Population in urban agglomerations of more than 1 million (% of total population),EN.URB.MCTY.TL.ZS,2003,16.36419106,,
Early-demographic dividend,EAR,Population living in slums (% of urban population),EN.POP.SLUM.UR.ZS,2003,,,
Early-demographic dividend,EAR,Rural population (% of total population),SP.RUR.TOTL.ZS,2003,60.76277551,,
Early-demographic dividend,EAR,Urban population (% of total population),SP.URB.TOTL.IN.ZS,2003,39.23722449,,
Early-demographic dividend,EAR,Urban population growth (annual %),SP.URB.GROW,2003,2.726606183,,
East Asia & Pacific,EAS,Population density (people per sq. km of land area),EN.POP.DNST,2003,85.98986259,,
East Asia & Pacific,EAS,Population in urban agglomerations of more than 1 million (% of total population),EN.URB.MCTY.TL.ZS,2003,,,
East Asia & Pacific,EAS,Population living in slums (% of urban population),EN.POP.SLUM.UR.ZS,2003,,,
East Asia & Pacific,EAS,Rural population (% of total population),SP.RUR.TOTL.ZS,2003,55.04868909,,
East Asia & Pacific,EAS,Urban population (% of total population),SP.URB.TOTL.IN.ZS,2003,44.95131091,,
East Asia & Pacific,EAS,Urban population growth (annual %),SP.URB.GROW,2003,3.459999938,,
East Asia & Pacific (excluding high income),EAP,Population density (people per sq. km of land area),EN.POP.DNST,2003,116.9157939,,
East Asia & Pacific (excluding high income),EAP,Population in urban agglomerations of more than 1 million (% of total population),EN.URB.MCTY.TL.ZS,2003,,,
East Asia & Pacific (excluding high income),EAP,Population living in slums (% of urban population),EN.POP.SLUM.UR.ZS,2003,,,
East Asia & Pacific (excluding high income),EAP,Rural population (% of total population),SP.RUR.TOTL.ZS,2003,59.78791603,,
East Asia & Pacific (excluding high income),EAP,Urban population (% of total population),SP.URB.TOTL.IN.ZS,2003,40.21208397,,
East Asia & Pacific (excluding high income),EAP,Urban population growth (annual %),SP.URB.GROW,2003,3.916699617,,
East Asia & Pacific (IDA & IBRD countries),TEA,Population density (people per sq. km of land area),EN.POP.DNST,2003,116.2828564,,
East Asia & Pacific (IDA & IBRD countries),TEA,Population in urban agglomerations of more than 1 million (% of total population),EN.URB.MCTY.TL.ZS,2003,,,
East Asia & Pacific (IDA & IBRD countries),TEA,Population living in slums (% of urban population),EN.POP.SLUM.UR.ZS,2003,,,
East Asia & Pacific (IDA & IBRD countries),TEA,Rural population (% of total population),SP.RUR.TOTL.ZS,2003,60.04054721,,
East Asia & Pacific (IDA & IBRD countries),TEA,Urban population (% of total population),SP.URB.TOTL.IN.ZS,2003,39.95945279,,
East Asia & Pacific (IDA & IBRD countries),TEA,Urban population growth (annual %),SP.URB.GROW,2003,3.979992685,,
Euro area,EMU,Population density (people per sq. km of land area),EN.POP.DNST,2003,119.2206549,,
Euro area,EMU,Population in urban agglomerations of more than 1 million (% of total population),EN.URB.MCTY.TL.ZS,2003,18.40493072,,
Euro area,EMU,Population living in slums (% of urban population),EN.POP.SLUM.UR.ZS,2003,,,
Euro area,EMU,Rural population (% of total population),SP.RUR.TOTL.ZS,2003,25.87633687,,
Euro area,EMU,Urban population (% of total population),SP.URB.TOTL.IN.ZS,2003,74.12366313,,
Euro area,EMU,Urban population growth (annual %),SP.URB.GROW,2003,0.745130376,,
Europe & Central Asia,ECS,Population density (people per sq. km of land area),EN.POP.DNST,2003,31.84843113,,
Europe & Central Asia,ECS,Population in urban agglomerations of more than 1 million (% of total population),EN.URB.MCTY.TL.ZS,2003,18.4384586,,
Europe & Central Asia,ECS,Population living in slums (% of urban population),EN.POP.SLUM.UR.ZS,2003,,,
Europe & Central Asia,ECS,Rural population (% of total population),SP.RUR.TOTL.ZS,2003,30.75159752,,
Europe & Central Asia,ECS,Urban population (% of total population),SP.URB.TOTL.IN.ZS,2003,69.24840248,,
Europe & Central Asia,ECS,Urban population growth (annual %),SP.URB.GROW,2003,0.53948859,,
Europe & Central Asia (excluding high income),ECA,Population density (people per sq. km of land area),EN.POP.DNST,2003,38.12913671,,
Europe & Central Asia (excluding high income),ECA,Population in urban agglomerations of more than 1 million (% of total population),EN.URB.MCTY.TL.ZS,2003,19.22302443,,
Europe & Central Asia (excluding high income),ECA,Population living in slums (% of urban population),EN.POP.SLUM.UR.ZS,2003,,,
Europe & Central Asia (excluding high income),ECA,Rural population (% of total population),SP.RUR.TOTL.ZS,2003,42.24070085,,
Europe & Central Asia (excluding high income),ECA,Urban population (% of total population),SP.URB.TOTL.IN.ZS,2003,57.75929915,,
Europe & Central Asia (excluding high income),ECA,Urban population growth (annual %),SP.URB.GROW,2003,1.112501082,,
Europe & Central Asia (IDA & IBRD countries),TEC,Population density (people per sq. km of land area),EN.POP.DNST,2003,19.13215518,,
Europe & Central Asia (IDA & IBRD countries),TEC,Population in urban agglomerations of more than 1 million (% of total population),EN.URB.MCTY.TL.ZS,2003,17.6351228,,
Europe & Central Asia (IDA & IBRD countries),TEC,Population living in slums (% of urban population),EN.POP.SLUM.UR.ZS,2003,,,
Europe & Central Asia (IDA & IBRD countries),TEC,Rural population (% of total population),SP.RUR.TOTL.ZS,2003,36.77773206,,
Europe & Central Asia (IDA & IBRD countries),TEC,Urban population (% of total population),SP.URB.TOTL.IN.ZS,2003,63.22226794,,
Europe & Central Asia (IDA & IBRD countries),TEC,Urban population growth (annual %),SP.URB.GROW,2003,0.353576002,,
European Union,EUU,Population density (people per sq. km of land area),EN.POP.DNST,2003,108.5075671,,
European Union,EUU,Population in urban agglomerations of more than 1 million (% of total population),EN.URB.MCTY.TL.ZS,2003,16.3406171,,
European Union,EUU,Population living in slums (% of urban population),EN.POP.SLUM.UR.ZS,2003,,,
European Union,EUU,Rural population (% of total population),SP.RUR.TOTL.ZS,2003,27.91114903,,
European Union,EUU,Urban population (% of total population),SP.URB.TOTL.IN.ZS,2003,72.08885097,,
European Union,EUU,Urban population growth (annual %),SP.URB.GROW,2003,0.568297556,,
Heavily indebted poor countries (HIPC),HPC,Population density (people per sq. km of land area),EN.POP.DNST,2003,30.17610453,,
Heavily indebted poor countries (HIPC),HPC,Population in urban agglomerations of more than 1 million (% of total population),EN.URB.MCTY.TL.ZS,2003,12.1865019,,
Heavily indebted poor countries (HIPC),HPC,Population living in slums (% of urban population),EN.POP.SLUM.UR.ZS,2003,,,
Heavily indebted poor countries (HIPC),HPC,Rural population (% of total population),SP.RUR.TOTL.ZS,2003,70.78075186,,
Heavily indebted poor countries (HIPC),HPC,Urban population (% of total population),SP.URB.TOTL.IN.ZS,2003,29.21924814,,
Heavily indebted poor countries (HIPC),HPC,Urban population growth (annual %),SP.URB.GROW,2003,3.976610286,,
High income,HIC,Population density (people per sq. km of land area),EN.POP.DNST,2003,24.53352557,,
High income,HIC,Population in urban agglomerations of more than 1 million (% of total population),EN.URB.MCTY.TL.ZS,2003,,,
High income,HIC,Population living in slums (% of urban population),EN.POP.SLUM.UR.ZS,2003,,,
High income,HIC,Rural population (% of total population),SP.RUR.TOTL.ZS,2003,22.93936162,,
High income,HIC,Urban population (% of total population),SP.URB.TOTL.IN.ZS,2003,77.06063838,,
High income,HIC,Urban population growth (annual %),SP.URB.GROW,2003,0.983765366,,
IBRD only,IBD,Population density (people per sq. km of land area),EN.POP.DNST,2003,58.33004597,,
IBRD only,IBD,Population in urban agglomerations of more than 1 million (% of total population),EN.URB.MCTY.TL.ZS,2003,18.89974713,,
IBRD only,IBD,Population living in slums (% of urban population),EN.POP.SLUM.UR.ZS,2003,,,
IBRD only,IBD,Rural population (% of total population),SP.RUR.TOTL.ZS,2003,54.3298866,,
IBRD only,IBD,Urban population (% of total population),SP.URB.TOTL.IN.ZS,2003,45.6701134,,
IBRD only,IBD,Urban population growth (annual %),SP.URB.GROW,2003,2.643586167,,
IDA & IBRD total,IBT,Population density (people per sq. km of land area),EN.POP.DNST,2003,57.23810422,,
IDA & IBRD total,IBT,Population in urban agglomerations of more than 1 million (% of total population),EN.URB.MCTY.TL.ZS,2003,17.47876875,,
IDA & IBRD total,IBT,Population living in slums (% of urban population),EN.POP.SLUM.UR.ZS,2003,,,
IDA & IBRD total,IBT,Rural population (% of total population),SP.RUR.TOTL.ZS,2003,57.62314534,,
IDA & IBRD total,IBT,Urban population (% of total population),SP.URB.TOTL.IN.ZS,2003,42.37685466,,
IDA & IBRD total,IBT,Urban population growth (annual %),SP.URB.GROW,2003,2.857251537,,
IDA blend,IDB,Population density (people per sq. km of land area),EN.POP.DNST,2003,86.82720374,,
IDA blend,IDB,Population in urban agglomerations of more than 1 million (% of total population),EN.URB.MCTY.TL.ZS,2003,,,
IDA blend,IDB,Population living in slums (% of urban population),EN.POP.SLUM.UR.ZS,2003,,,
IDA blend,IDB,Rural population (% of total population),SP.RUR.TOTL.ZS,2003,61.29539577,,
IDA blend,IDB,Urban population (% of total population),SP.URB.TOTL.IN.ZS,2003,38.70460423,,
IDA blend,IDB,Urban population growth (annual %),SP.URB.GROW,2003,3.92633505,,
IDA only,IDX,Population density (people per sq. km of land area),EN.POP.DNST,2003,44.71826148,,
IDA only,IDX,Population in urban agglomerations of more than 1 million (% of total population),EN.URB.MCTY.TL.ZS,2003,10.86063032,,
IDA only,IDX,Population living in slums (% of urban population),EN.POP.SLUM.UR.ZS,2003,,,
IDA only,IDX,Rural population (% of total population),SP.RUR.TOTL.ZS,2003,72.76834728,,
IDA only,IDX,Urban population (% of total population),SP.URB.TOTL.IN.ZS,2003,27.23165272,,
IDA only,IDX,Urban population growth (annual %),SP.URB.GROW,2003,3.916732073,,
IDA total,IDA,Population density (people per sq. km of land area),EN.POP.DNST,2003,53.82908712,,
IDA total,IDA,Population in urban agglomerations of more than 1 million (% of total population),EN.URB.MCTY.TL.ZS,2003,12.34120489,,
IDA total,IDA,Population living in slums (% of urban population),EN.POP.SLUM.UR.ZS,2003,,,
IDA total,IDA,Rural population (% of total population),SP.RUR.TOTL.ZS,2003,68.76431693,,
IDA total,IDA,Urban population (% of total population),SP.URB.TOTL.IN.ZS,2003,31.23568307,,
IDA total,IDA,Urban population growth (annual %),SP.URB.GROW,2003,3.920884748,,
Late-demographic dividend,LTE,Population density (people per sq. km of land area),EN.POP.DNST,2003,46.96157967,,
Late-demographic dividend,LTE,Population in urban agglomerations of more than 1 million (% of total population),EN.URB.MCTY.TL.ZS,2003,20.70188361,,
Late-demographic dividend,LTE,Population living in slums (% of urban population),EN.POP.SLUM.UR.ZS,2003,,,
Late-demographic dividend,LTE,Rural population (% of total population),SP.RUR.TOTL.ZS,2003,51.11892458,,
Late-demographic dividend,LTE,Urban population (% of total population),SP.URB.TOTL.IN.ZS,2003,48.88107542,,
Late-demographic dividend,LTE,Urban population growth (annual %),SP.URB.GROW,2003,2.792041059,,
Latin America & Caribbean,LCN,Population density (people per sq. km of land area),EN.POP.DNST,2003,27.02040014,,
Latin America & Caribbean,LCN,Population in urban agglomerations of more than 1 million (% of total population),EN.URB.MCTY.TL.ZS,2003,35.95546441,,
Latin America & Caribbean,LCN,Population living in slums (% of urban population),EN.POP.SLUM.UR.ZS,2003,,,
Latin America & Caribbean,LCN,Rural population (% of total population),SP.RUR.TOTL.ZS,2003,23.30852647,,
Latin America & Caribbean,LCN,Urban population (% of total population),SP.URB.TOTL.IN.ZS,2003,76.69147353,,
Latin America & Caribbean,LCN,Urban population growth (annual %),SP.URB.GROW,2003,1.736380228,,
Latin America & Caribbean (excluding high income),LAC,Population density (people per sq. km of land area),EN.POP.DNST,2003,27.04616726,,
Latin America & Caribbean (excluding high income),LAC,Population in urban agglomerations of more than 1 million (% of total population),EN.URB.MCTY.TL.ZS,2003,35.66650432,,
Latin America & Caribbean (excluding high income),LAC,Population living in slums (% of urban population),EN.POP.SLUM.UR.ZS,2003,,,
Latin America & Caribbean (excluding high income),LAC,Rural population (% of total population),SP.RUR.TOTL.ZS,2003,23.51820395,,
Latin America & Caribbean (excluding high income),LAC,Urban population (% of total population),SP.URB.TOTL.IN.ZS,2003,76.48179605,,
Latin America & Caribbean (excluding high income),LAC,Urban population growth (annual %),SP.URB.GROW,2003,1.776684676,,
Latin America & the Caribbean (IDA & IBRD countries),TLA,Population density (people per sq. km of land area),EN.POP.DNST,2003,26.39683633,,
Latin America & the Caribbean (IDA & IBRD countries),TLA,Population in urban agglomerations of more than 1 million (% of total population),EN.URB.MCTY.TL.ZS,2003,36.09243496,,
Latin America & the Caribbean (IDA & IBRD countries),TLA,Population living in slums (% of urban population),EN.POP.SLUM.UR.ZS,2003,,,
Latin America & the Caribbean (IDA & IBRD countries),TLA,Rural population (% of total population),SP.RUR.TOTL.ZS,2003,23.43048086,,
Latin America & the Caribbean (IDA & IBRD countries),TLA,Urban population (% of total population),SP.URB.TOTL.IN.ZS,2003,76.56951914,,
Latin America & the Caribbean (IDA & IBRD countries),TLA,Urban population growth (annual %),SP.URB.GROW,2003,1.782927568,,
Least developed countries: UN classification,LDC,Population density (people per sq. km of land area),EN.POP.DNST,2003,40.92025484,,
Least developed countries: UN classification,LDC,Population in urban agglomerations of more than 1 million (% of total population),EN.URB.MCTY.TL.ZS,2003,10.36673511,,
Least developed countries: UN classification,LDC,Population living in slums (% of urban population),EN.POP.SLUM.UR.ZS,2003,,,
Least developed countries: UN classification,LDC,Rural population (% of total population),SP.RUR.TOTL.ZS,2003,73.43962283,,
Least developed countries: UN classification,LDC,Urban population (% of total population),SP.URB.TOTL.IN.ZS,2003,26.56037717,,
Least developed countries: UN classification,LDC,Urban population growth (annual %),SP.URB.GROW,2003,4.166104769,,
Low & middle income,LMY,Population density (people per sq. km of land area),EN.POP.DNST,2003,68.25277288,,
Low & middle income,LMY,Population in urban agglomerations of more than 1 million (% of total population),EN.URB.MCTY.TL.ZS,2003,17.40410933,,
Low & middle income,LMY,Population living in slums (% of urban population),EN.POP.SLUM.UR.ZS,2003,,,
Low & middle income,LMY,Rural population (% of total population),SP.RUR.TOTL.ZS,2003,58.7637223,,
Low & middle income,LMY,Urban population (% of total population),SP.URB.TOTL.IN.ZS,2003,41.2362777,,
Low & middle income,LMY,Urban population growth (annual %),SP.URB.GROW,2003,3.076522735,,
Low income,LIC,Population density (people per sq. km of land area),EN.POP.DNST,2003,34.8403285,,
Low income,LIC,Population in urban agglomerations of more than 1 million (% of total population),EN.URB.MCTY.TL.ZS,2003,10.75659644,,
Low income,LIC,Population living in slums (% of urban population),EN.POP.SLUM.UR.ZS,2003,,,
Low income,LIC,Rural population (% of total population),SP.RUR.TOTL.ZS,2003,72.78728806,,
Low income,LIC,Urban population (% of total population),SP.URB.TOTL.IN.ZS,2003,27.21271194,,
Low income,LIC,Urban population growth (annual %),SP.URB.GROW,2003,3.717621745,,
Lower middle income,LMC,Population density (people per sq. km of land area),EN.POP.DNST,2003,110.986903,,
Lower middle income,LMC,Population in urban agglomerations of more than 1 million (% of total population),EN.URB.MCTY.TL.ZS,2003,13.87735158,,
Lower middle income,LMC,Population living in slums (% of urban population),EN.POP.SLUM.UR.ZS,2003,,,
Lower middle income,LMC,Rural population (% of total population),SP.RUR.TOTL.ZS,2003,66.82414255,,
Lower middle income,LMC,Urban population (% of total population),SP.URB.TOTL.IN.ZS,2003,33.17585745,,
Lower middle income,LMC,Urban population growth (annual %),SP.URB.GROW,2003,3.154748202,,
"Middle East, North Africa, Afghanistan & Pakistan",MEA,Population density (people per sq. km of land area),EN.POP.DNST,2003,41.92674845,,
"Middle East, North Africa, Afghanistan & Pakistan",MEA,Population in urban agglomerations of more than 1 million (% of total population),EN.URB.MCTY.TL.ZS,2003,21.26818951,,
"Middle East, North Africa, Afghanistan & Pakistan",MEA,Population living in slums (% of urban population),EN.POP.SLUM.UR.ZS,2003,,,
"Middle East, North Africa, Afghanistan & Pakistan",MEA,Rural population (% of total population),SP.RUR.TOTL.ZS,2003,50.48164261,,
"Middle East, North Africa, Afghanistan & Pakistan",MEA,Urban population (% of total population),SP.URB.TOTL.IN.ZS,2003,49.51835739,,
"Middle East, North Africa, Afghanistan & Pakistan",MEA,Urban population growth (annual %),SP.URB.GROW,2003,2.813756065,,
"Middle East, North Africa, Afghanistan & Pakistan (excluding high income)",MNA,Population density (people per sq. km of land area),EN.POP.DNST,2003,49.10057416,,
"Middle East, North Africa, Afghanistan & Pakistan (excluding high income)",MNA,Population in urban agglomerations of more than 1 million (% of total population),EN.URB.MCTY.TL.ZS,2003,19.14035699,,
"Middle East, North Africa, Afghanistan & Pakistan (excluding high income)",MNA,Population living in slums (% of urban population),EN.POP.SLUM.UR.ZS,2003,,,
"Middle East, North Africa, Afghanistan & Pakistan (excluding high income)",MNA,Rural population (% of total population),SP.RUR.TOTL.ZS,2003,52.98205659,,
"Middle East, North Africa, Afghanistan & Pakistan (excluding high income)",MNA,Urban population (% of total population),SP.URB.TOTL.IN.ZS,2003,47.01794341,,
"Middle East, North Africa, Afghanistan & Pakistan (excluding high income)",MNA,Urban population growth (annual %),SP.URB.GROW,2003,2.639691505,,
"Middle East, North Africa, Afghanistan & Pakistan (IDA & IBRD)",TMN,Population density (people per sq. km of land area),EN.POP.DNST,2003,48.81636494,,
"Middle East, North Africa, Afghanistan & Pakistan (IDA & IBRD)",TMN,Population in urban agglomerations of more than 1 million (% of total population),EN.URB.MCTY.TL.ZS,2003,19.14035699,,
"Middle East, North Africa, Afghanistan & Pakistan (IDA & IBRD)",TMN,Population living in slums (% of urban population),EN.POP.SLUM.UR.ZS,2003,,,
"Middle East, North Africa, Afghanistan & Pakistan (IDA & IBRD)",TMN,Rural population (% of total population),SP.RUR.TOTL.ZS,2003,53.17649729,,
"Middle East, North Africa, Afghanistan & Pakistan (IDA & IBRD)",TMN,Urban population (% of total population),SP.URB.TOTL.IN.ZS,2003,46.82350271,,
"Middle East, North Africa, Afghanistan & Pakistan (IDA & IBRD)",TMN,Urban population growth (annual %),SP.URB.GROW,2003,2.616030599,,
Middle income,MIC,Population density (people per sq. km of land area),EN.POP.DNST,2003,74.62066308,,
Middle income,MIC,Population in urban agglomerations of more than 1 million (% of total population),EN.URB.MCTY.TL.ZS,2003,17.9739429,,
Middle income,MIC,Population living in slums (% of urban population),EN.POP.SLUM.UR.ZS,2003,,,
Middle income,MIC,Rural population (% of total population),SP.RUR.TOTL.ZS,2003,57.51585355,,
Middle income,MIC,Urban population (% of total population),SP.URB.TOTL.IN.ZS,2003,42.48414645,,
Middle income,MIC,Urban population growth (annual %),SP.URB.GROW,2003,3.040105244,,
North America,NAC,Population density (people per sq. km of land area),EN.POP.DNST,2003,17.75267653,,
North America,NAC,Population in urban agglomerations of more than 1 million (% of total population),EN.URB.MCTY.TL.ZS,2003,43.83264749,,
North America,NAC,Population living in slums (% of urban population),EN.POP.SLUM.UR.ZS,2003,,,
North America,NAC,Rural population (% of total population),SP.RUR.TOTL.ZS,2003,20.25669387,,
North America,NAC,Urban population (% of total population),SP.URB.TOTL.IN.ZS,2003,79.74330613,,
North America,NAC,Urban population growth (annual %),SP.URB.GROW,2003,1.161148356,,
Not classified,INX,Population in urban agglomerations of more than 1 million (% of total population),EN.URB.MCTY.TL.ZS,2003,,,
Not classified,INX,Population living in slums (% of urban population),EN.POP.SLUM.UR.ZS,2003,,,
OECD members,OED,Population density (people per sq. km of land area),EN.POP.DNST,2003,34.61767522,,
OECD members,OED,Population in urban agglomerations of more than 1 million (% of total population),EN.URB.MCTY.TL.ZS,2003,34.98704365,,
OECD members,OED,Population living in slums (% of urban population),EN.POP.SLUM.UR.ZS,2003,,,
OECD members,OED,Rural population (% of total population),SP.RUR.TOTL.ZS,2003,23.27580291,,
OECD members,OED,Urban population (% of total population),SP.URB.TOTL.IN.ZS,2003,76.72419709,,
OECD members,OED,Urban population growth (annual %),SP.URB.GROW,2003,1.275589266,,
Other small states,OSS,Population density (people per sq. km of land area),EN.POP.DNST,2003,39.16374737,,
Other small states,OSS,Population in urban agglomerations of more than 1 million (% of total population),EN.URB.MCTY.TL.ZS,2003,,,
Other small states,OSS,Population living in slums (% of urban population),EN.POP.SLUM.UR.ZS,2003,,,
Other small states,OSS,Rural population (% of total population),SP.RUR.TOTL.ZS,2003,48.4144166,,
Other small states,OSS,Urban population (% of total population),SP.URB.TOTL.IN.ZS,2003,51.5855834,,
Other small states,OSS,Urban population growth (annual %),SP.URB.GROW,2003,1.439751914,,
Pacific island small states,PSS,Population density (people per sq. km of land area),EN.POP.DNST,2003,33.03102804,,
Pacific island small states,PSS,Population in urban agglomerations of more than 1 million (% of total population),EN.URB.MCTY.TL.ZS,2003,,,
Pacific island small states,PSS,Population living in slums (% of urban population),EN.POP.SLUM.UR.ZS,2003,,,
Pacific island small states,PSS,Rural population (% of total population),SP.RUR.TOTL.ZS,2003,64.88528739,,
Pacific island small states,PSS,Urban population (% of total population),SP.URB.TOTL.IN.ZS,2003,35.11471261,,
Pacific island small states,PSS,Urban population growth (annual %),SP.URB.GROW,2003,1.84956534,,
Post-demographic dividend,PST,Population density (people per sq. km of land area),EN.POP.DNST,2003,33.07008664,,
Post-demographic dividend,PST,Population in urban agglomerations of more than 1 million (% of total population),EN.URB.MCTY.TL.ZS,2003,34.78072298,,
Post-demographic dividend,PST,Population living in slums (% of urban population),EN.POP.SLUM.UR.ZS,2003,,,
Post-demographic dividend,PST,Rural population (% of total population),SP.RUR.TOTL.ZS,2003,22.12447531,,
Post-demographic dividend,PST,Urban population (% of total population),SP.URB.TOTL.IN.ZS,2003,77.87552469,,
Post-demographic dividend,PST,Urban population growth (annual %),SP.URB.GROW,2003,1.02941759,,
Pre-demographic dividend,PRE,Population density (people per sq. km of land area),EN.POP.DNST,2003,34.50462293,,
Pre-demographic dividend,PRE,Population in urban agglomerations of more than 1 million (% of total population),EN.URB.MCTY.TL.ZS,2003,13.9465953,,
Pre-demographic dividend,PRE,Population living in slums (% of urban population),EN.POP.SLUM.UR.ZS,2003,,,
Pre-demographic dividend,PRE,Rural population (% of total population),SP.RUR.TOTL.ZS,2003,64.96568884,,
Pre-demographic dividend,PRE,Urban population (% of total population),SP.URB.TOTL.IN.ZS,2003,35.03431116,,
Pre-demographic dividend,PRE,Urban population growth (annual %),SP.URB.GROW,2003,4.482476966,,
Small states,SST,Population density (people per sq. km of land area),EN.POP.DNST,2003,22.67904066,,
Small states,SST,Population in urban agglomerations of more than 1 million (% of total population),EN.URB.MCTY.TL.ZS,2003,,,
Small states,SST,Population living in slums (% of urban population),EN.POP.SLUM.UR.ZS,2003,,,
Small states,SST,Rural population (% of total population),SP.RUR.TOTL.ZS,2003,50.60917642,,
Small states,SST,Urban population (% of total population),SP.URB.TOTL.IN.ZS,2003,49.39082358,,
Small states,SST,Urban population growth (annual %),SP.URB.GROW,2003,1.273502826,,
South Asia,SAS,Population density (people per sq. km of land area),EN.POP.DNST,2003,389.4133458,,
South Asia,SAS,Population in urban agglomerations of more than 1 million (% of total population),EN.URB.MCTY.TL.ZS,2003,12.27612418,,
South Asia,SAS,Population living in slums (% of urban population),EN.POP.SLUM.UR.ZS,2003,,,
South Asia,SAS,Rural population (% of total population),SP.RUR.TOTL.ZS,2003,71.97720707,,
South Asia,SAS,Urban population (% of total population),SP.URB.TOTL.IN.ZS,2003,28.02279293,,
South Asia,SAS,Urban population growth (annual %),SP.URB.GROW,2003,2.976944423,,
South Asia (IDA & IBRD),TSA,Population density (people per sq. km of land area),EN.POP.DNST,2003,389.4133458,,
South Asia (IDA & IBRD),TSA,Population in urban agglomerations of more than 1 million (% of total population),EN.URB.MCTY.TL.ZS,2003,12.27612418,,
South Asia (IDA & IBRD),TSA,Population living in slums (% of urban population),EN.POP.SLUM.UR.ZS,2003,,,
South Asia (IDA & IBRD),TSA,Rural population (% of total population),SP.RUR.TOTL.ZS,2003,71.97720707,,
South Asia (IDA & IBRD),TSA,Urban population (% of total population),SP.URB.TOTL.IN.ZS,2003,28.02279293,,
South Asia (IDA & IBRD),TSA,Urban population growth (annual %),SP.URB.GROW,2003,2.976944423,,
Sub-Saharan Africa,SSF,Population density (people per sq. km of land area),EN.POP.DNST,2003,34.73963056,,
Sub-Saharan Africa,SSF,Population in urban agglomerations of more than 1 million (% of total population),EN.URB.MCTY.TL.ZS,2003,13.28702523,,
Sub-Saharan Africa,SSF,Population living in slums (% of urban population),EN.POP.SLUM.UR.ZS,2003,,,
Sub-Saharan Africa,SSF,Rural population (% of total population),SP.RUR.TOTL.ZS,2003,65.90194024,,
Sub-Saharan Africa,SSF,Urban population (% of total population),SP.URB.TOTL.IN.ZS,2003,34.09805976,,
Sub-Saharan Africa,SSF,Urban population growth (annual %),SP.URB.GROW,2003,4.160306673,,
Sub-Saharan Africa (excluding high income),SSA,Population density (people per sq. km of land area),EN.POP.DNST,2003,34.73648566,,
Sub-Saharan Africa (excluding high income),SSA,Population in urban agglomerations of more than 1 million (% of total population),EN.URB.MCTY.TL.ZS,2003,13.28702523,,
Sub-Saharan Africa (excluding high income),SSA,Population living in slums (% of urban population),EN.POP.SLUM.UR.ZS,2003,,,
Sub-Saharan Africa (excluding high income),SSA,Rural population (% of total population),SP.RUR.TOTL.ZS,2003,65.90293954,,
Sub-Saharan Africa (excluding high income),SSA,Urban population (% of total population),SP.URB.TOTL.IN.ZS,2003,34.09706046,,
Sub-Saharan Africa (excluding high income),SSA,Urban population growth (annual %),SP.URB.GROW,2003,4.161106699,,
Sub-Saharan Africa (IDA & IBRD countries),TSS,Population density (people per sq. km of land area),EN.POP.DNST,2003,34.73963056,,
Sub-Saharan Africa (IDA & IBRD countries),TSS,Population in urban agglomerations of more than 1 million (% of total population),EN.URB.MCTY.TL.ZS,2003,13.28702523,,
Sub-Saharan Africa (IDA & IBRD countries),TSS,Population living in slums (% of urban population),EN.POP.SLUM.UR.ZS,2003,,,
Sub-Saharan Africa (IDA & IBRD countries),TSS,Rural population (% of total population),SP.RUR.TOTL.ZS,2003,65.90194024,,
Sub-Saharan Africa (IDA & IBRD countries),TSS,Urban population (% of total population),SP.URB.TOTL.IN.ZS,2003,34.09805976,,
Sub-Saharan Africa (IDA & IBRD countries),TSS,Urban population growth (annual %),SP.URB.GROW,2003,4.160306673,,
Upper middle income,UMC,Population density (people per sq. km of land area),EN.POP.DNST,2003,59.13586021,,
Upper middle income,UMC,Population in urban agglomerations of more than 1 million (% of total population),EN.URB.MCTY.TL.ZS,2003,21.24298372,,
Upper middle income,UMC,Population living in slums (% of urban population),EN.POP.SLUM.UR.ZS,2003,,,
Upper middle income,UMC,Rural population (% of total population),SP.RUR.TOTL.ZS,2003,50.07713795,,
Upper middle income,UMC,Urban population (% of total population),SP.URB.TOTL.IN.ZS,2003,49.92286205,,
Upper middle income,UMC,Urban population growth (annual %),SP.URB.GROW,2003,2.979275339,,
World,WLD,Population density (people per sq. km of land area),EN.POP.DNST,2003,50.38779696,,
World,WLD,Population in urban agglomerations of more than 1 million (% of total population),EN.URB.MCTY.TL.ZS,2003,20.66249721,,
World,WLD,Population living in slums (% of urban population),EN.POP.SLUM.UR.ZS,2003,,,
World,WLD,Rural population (% of total population),SP.RUR.TOTL.ZS,2003,51.63613083,,
World,WLD,Urban population (% of total population),SP.URB.TOTL.IN.ZS,2003,48.36386917,,
World,WLD,Urban population growth (annual %),SP.URB.GROW,2003,2.408339865,,
Africa Eastern and Southern,AFE,Population density (people per sq. km of land area),EN.POP.DNST,2004,36.52957466,,
Africa Eastern and Southern,AFE,Population in urban agglomerations of more than 1 million (% of total population),EN.URB.MCTY.TL.ZS,2004,12.27312201,,
Africa Eastern and Southern,AFE,Population living in slums (% of urban population),EN.POP.SLUM.UR.ZS,2004,60.15726248,,
Africa Eastern and Southern,AFE,Rural population (% of total population),SP.RUR.TOTL.ZS,2004,69.91216293,,
Africa Eastern and Southern,AFE,Urban population (% of total population),SP.URB.TOTL.IN.ZS,2004,30.08783707,,
Africa Eastern and Southern,AFE,Urban population growth (annual %),SP.URB.GROW,2004,4.144246138,,
Africa Western and Central,AFW,Population density (people per sq. km of land area),EN.POP.DNST,2004,33.97273778,,
Africa Western and Central,AFW,Population in urban agglomerations of more than 1 million (% of total population),EN.URB.MCTY.TL.ZS,2004,15.11704702,,
Africa Western and Central,AFW,Population living in slums (% of urban population),EN.POP.SLUM.UR.ZS,2004,66.7231485,,
Africa Western and Central,AFW,Rural population (% of total population),SP.RUR.TOTL.ZS,2004,58.75161552,,
Africa Western and Central,AFW,Urban population (% of total population),SP.URB.TOTL.IN.ZS,2004,41.24838448,,
Africa Western and Central,AFW,Urban population growth (annual %),SP.URB.GROW,2004,4.280391515,,
Arab World,ARB,Population density (people per sq. km of land area),EN.POP.DNST,2004,28.04214676,,
Arab World,ARB,Population in urban agglomerations of more than 1 million (% of total population),EN.URB.MCTY.TL.ZS,2004,22.07713691,,
Arab World,ARB,Population living in slums (% of urban population),EN.POP.SLUM.UR.ZS,2004,41.16763679,,
Arab World,ARB,Rural population (% of total population),SP.RUR.TOTL.ZS,2004,46.33612301,,
Arab World,ARB,Urban population (% of total population),SP.URB.TOTL.IN.ZS,2004,53.66387699,,
Arab World,ARB,Urban population growth (annual %),SP.URB.GROW,2004,2.908971916,,
Caribbean small states,CSS,Population density (people per sq. km of land area),EN.POP.DNST,2004,10.23911242,,
Caribbean small states,CSS,Population in urban agglomerations of more than 1 million (% of total population),EN.URB.MCTY.TL.ZS,2004,,,
Caribbean small states,CSS,Population living in slums (% of urban population),EN.POP.SLUM.UR.ZS,2004,12.90128087,,
Caribbean small states,CSS,Rural population (% of total population),SP.RUR.TOTL.ZS,2004,48.82637532,,
Caribbean small states,CSS,Urban population (% of total population),SP.URB.TOTL.IN.ZS,2004,51.17362468,,
Caribbean small states,CSS,Urban population growth (annual %),SP.URB.GROW,2004,0.480566486,,
Central Europe and the Baltics,CEB,Population density (people per sq. km of land area),EN.POP.DNST,2004,96.36113319,,
Central Europe and the Baltics,CEB,Population in urban agglomerations of more than 1 million (% of total population),EN.URB.MCTY.TL.ZS,2004,,,
Central Europe and the Baltics,CEB,Population living in slums (% of urban population),EN.POP.SLUM.UR.ZS,2004,2.728494125,,
Central Europe and the Baltics,CEB,Rural population (% of total population),SP.RUR.TOTL.ZS,2004,38.42548158,,
Central Europe and the Baltics,CEB,Urban population (% of total population),SP.URB.TOTL.IN.ZS,2004,61.57451842,,
Central Europe and the Baltics,CEB,Urban population growth (annual %),SP.URB.GROW,2004,-0.269379104,,
Early-demographic dividend,EAR,Population density (people per sq. km of land area),EN.POP.DNST,2004,80.83250513,,
Early-demographic dividend,EAR,Population in urban agglomerations of more than 1 million (% of total population),EN.URB.MCTY.TL.ZS,2004,16.4564429,,
Early-demographic dividend,EAR,Population living in slums (% of urban population),EN.POP.SLUM.UR.ZS,2004,,,
Early-demographic dividend,EAR,Rural population (% of total population),SP.RUR.TOTL.ZS,2004,60.35925651,,
Early-demographic dividend,EAR,Urban population (% of total population),SP.URB.TOTL.IN.ZS,2004,39.64074349,,
Early-demographic dividend,EAR,Urban population growth (annual %),SP.URB.GROW,2004,2.748786033,,
East Asia & Pacific,EAS,Population density (people per sq. km of land area),EN.POP.DNST,2004,86.64479011,,
East Asia & Pacific,EAS,Population in urban agglomerations of more than 1 million (% of total population),EN.URB.MCTY.TL.ZS,2004,,,
East Asia & Pacific,EAS,Population living in slums (% of urban population),EN.POP.SLUM.UR.ZS,2004,,,
East Asia & Pacific,EAS,Rural population (% of total population),SP.RUR.TOTL.ZS,2004,53.98608662,,
East Asia & Pacific,EAS,Urban population (% of total population),SP.URB.TOTL.IN.ZS,2004,46.01391338,,
East Asia & Pacific,EAS,Urban population growth (annual %),SP.URB.GROW,2004,3.093749283,,
East Asia & Pacific (excluding high income),EAP,Population density (people per sq. km of land area),EN.POP.DNST,2004,117.8736842,,
East Asia & Pacific (excluding high income),EAP,Population in urban agglomerations of more than 1 million (% of total population),EN.URB.MCTY.TL.ZS,2004,,,
East Asia & Pacific (excluding high income),EAP,Population living in slums (% of urban population),EN.POP.SLUM.UR.ZS,2004,,,
East Asia & Pacific (excluding high income),EAP,Rural population (% of total population),SP.RUR.TOTL.ZS,2004,58.7216665,,
East Asia & Pacific (excluding high income),EAP,Urban population (% of total population),SP.URB.TOTL.IN.ZS,2004,41.2783335,,
East Asia & Pacific (excluding high income),EAP,Urban population growth (annual %),SP.URB.GROW,2004,3.430714798,,
East Asia & Pacific (IDA & IBRD countries),TEA,Population density (people per sq. km of land area),EN.POP.DNST,2004,117.2376099,,
East Asia & Pacific (IDA & IBRD countries),TEA,Population in urban agglomerations of more than 1 million (% of total population),EN.URB.MCTY.TL.ZS,2004,,,
East Asia & Pacific (IDA & IBRD countries),TEA,Population living in slums (% of urban population),EN.POP.SLUM.UR.ZS,2004,,,
East Asia & Pacific (IDA & IBRD countries),TEA,Rural population (% of total population),SP.RUR.TOTL.ZS,2004,58.96094789,,
East Asia & Pacific (IDA & IBRD countries),TEA,Urban population (% of total population),SP.URB.TOTL.IN.ZS,2004,41.03905211,,
East Asia & Pacific (IDA & IBRD countries),TEA,Urban population growth (annual %),SP.URB.GROW,2004,3.481309338,,
Euro area,EMU,Population density (people per sq. km of land area),EN.POP.DNST,2004,119.8575922,,
Euro area,EMU,Population in urban agglomerations of more than 1 million (% of total population),EN.URB.MCTY.TL.ZS,2004,18.41677892,,
Euro area,EMU,Population living in slums (% of urban population),EN.POP.SLUM.UR.ZS,2004,0.283765661,,
Euro area,EMU,Rural population (% of total population),SP.RUR.TOTL.ZS,2004,25.72452393,,
Euro area,EMU,Urban population (% of total population),SP.URB.TOTL.IN.ZS,2004,74.27547607,,
Euro area,EMU,Urban population growth (annual %),SP.URB.GROW,2004,0.734255512,,
Europe & Central Asia,ECS,Population density (people per sq. km of land area),EN.POP.DNST,2004,31.9410264,,
Europe & Central Asia,ECS,Population in urban agglomerations of more than 1 million (% of total population),EN.URB.MCTY.TL.ZS,2004,18.56854306,,
Europe & Central Asia,ECS,Population living in slums (% of urban population),EN.POP.SLUM.UR.ZS,2004,4.541321987,,
Europe & Central Asia,ECS,Rural population (% of total population),SP.RUR.TOTL.ZS,2004,30.59568332,,
Europe & Central Asia,ECS,Urban population (% of total population),SP.URB.TOTL.IN.ZS,2004,69.40431668,,
Europe & Central Asia,ECS,Urban population growth (annual %),SP.URB.GROW,2004,0.516253116,,
Europe & Central Asia (excluding high income),ECA,Population density (people per sq. km of land area),EN.POP.DNST,2004,38.30373009,,
Europe & Central Asia (excluding high income),ECA,Population in urban agglomerations of more than 1 million (% of total population),EN.URB.MCTY.TL.ZS,2004,19.55391499,,
Europe & Central Asia (excluding high income),ECA,Population living in slums (% of urban population),EN.POP.SLUM.UR.ZS,2004,16.28557815,,
Europe & Central Asia (excluding high income),ECA,Rural population (% of total population),SP.RUR.TOTL.ZS,2004,41.85561313,,
Europe & Central Asia (excluding high income),ECA,Urban population (% of total population),SP.URB.TOTL.IN.ZS,2004,58.14438687,,
Europe & Central Asia (excluding high income),ECA,Urban population growth (annual %),SP.URB.GROW,2004,1.121268648,,
Europe & Central Asia (IDA & IBRD countries),TEC,Population density (people per sq. km of land area),EN.POP.DNST,2004,19.14189483,,
Europe & Central Asia (IDA & IBRD countries),TEC,Population in urban agglomerations of more than 1 million (% of total population),EN.URB.MCTY.TL.ZS,2004,17.88197764,,
Europe & Central Asia (IDA & IBRD countries),TEC,Population living in slums (% of urban population),EN.POP.SLUM.UR.ZS,2004,8.953790128,,
Europe & Central Asia (IDA & IBRD countries),TEC,Rural population (% of total population),SP.RUR.TOTL.ZS,2004,36.63764465,,
Europe & Central Asia (IDA & IBRD countries),TEC,Urban population (% of total population),SP.URB.TOTL.IN.ZS,2004,63.36235535,,
Europe & Central Asia (IDA & IBRD countries),TEC,Urban population growth (annual %),SP.URB.GROW,2004,0.273867322,,
European Union,EUU,Population density (people per sq. km of land area),EN.POP.DNST,2004,108.9280308,,
European Union,EUU,Population in urban agglomerations of more than 1 million (% of total population),EN.URB.MCTY.TL.ZS,2004,16.36878758,,
European Union,EUU,Population living in slums (% of urban population),EN.POP.SLUM.UR.ZS,2004,0.811729645,,
European Union,EUU,Rural population (% of total population),SP.RUR.TOTL.ZS,2004,27.76911269,,
European Union,EUU,Urban population (% of total population),SP.URB.TOTL.IN.ZS,2004,72.23088731,,
European Union,EUU,Urban population growth (annual %),SP.URB.GROW,2004,0.58458737,,
Heavily indebted poor countries (HIPC),HPC,Population density (people per sq. km of land area),EN.POP.DNST,2004,30.77686655,,
Heavily indebted poor countries (HIPC),HPC,Population in urban agglomerations of more than 1 million (% of total population),EN.URB.MCTY.TL.ZS,2004,12.31423521,,
Heavily indebted poor countries (HIPC),HPC,Population living in slums (% of urban population),EN.POP.SLUM.UR.ZS,2004,70.8137444,,
Heavily indebted poor countries (HIPC),HPC,Rural population (% of total population),SP.RUR.TOTL.ZS,2004,70.45786856,,
Heavily indebted poor countries (HIPC),HPC,Urban population (% of total population),SP.URB.TOTL.IN.ZS,2004,29.54213144,,
Heavily indebted poor countries (HIPC),HPC,Urban population growth (annual %),SP.URB.GROW,2004,3.921667116,,
High income,HIC,Population density (people per sq. km of land area),EN.POP.DNST,2004,24.66742255,,
High income,HIC,Population in urban agglomerations of more than 1 million (% of total population),EN.URB.MCTY.TL.ZS,2004,,,
High income,HIC,Population living in slums (% of urban population),EN.POP.SLUM.UR.ZS,2004,1.290665778,,
High income,HIC,Rural population (% of total population),SP.RUR.TOTL.ZS,2004,22.59040251,,
High income,HIC,Urban population (% of total population),SP.URB.TOTL.IN.ZS,2004,77.40959749,,
High income,HIC,Urban population growth (annual %),SP.URB.GROW,2004,0.996721016,,
IBRD only,IBD,Population density (people per sq. km of land area),EN.POP.DNST,2004,58.9793317,,
IBRD only,IBD,Population in urban agglomerations of more than 1 million (% of total population),EN.URB.MCTY.TL.ZS,2004,19.15235479,,
IBRD only,IBD,Population living in slums (% of urban population),EN.POP.SLUM.UR.ZS,2004,,,
IBRD only,IBD,Rural population (% of total population),SP.RUR.TOTL.ZS,2004,53.70620944,,
IBRD only,IBD,Urban population (% of total population),SP.URB.TOTL.IN.ZS,2004,46.29379056,,
IBRD only,IBD,Urban population growth (annual %),SP.URB.GROW,2004,2.463568925,,
IDA & IBRD total,IBT,Population density (people per sq. km of land area),EN.POP.DNST,2004,57.95347612,,
IDA & IBRD total,IBT,Population in urban agglomerations of more than 1 million (% of total population),EN.URB.MCTY.TL.ZS,2004,17.69010162,,
IDA & IBRD total,IBT,Population living in slums (% of urban population),EN.POP.SLUM.UR.ZS,2004,,,
IDA & IBRD total,IBT,Rural population (% of total population),SP.RUR.TOTL.ZS,2004,57.0628995,,
IDA & IBRD total,IBT,Urban population (% of total population),SP.URB.TOTL.IN.ZS,2004,42.9371005,,
IDA & IBRD total,IBT,Urban population growth (annual %),SP.URB.GROW,2004,2.712746457,,
IDA blend,IDB,Population density (people per sq. km of land area),EN.POP.DNST,2004,89.03983792,,
IDA blend,IDB,Population in urban agglomerations of more than 1 million (% of total population),EN.URB.MCTY.TL.ZS,2004,,,
IDA blend,IDB,Population living in slums (% of urban population),EN.POP.SLUM.UR.ZS,2004,62.69954122,,
IDA blend,IDB,Rural population (% of total population),SP.RUR.TOTL.ZS,2004,60.72879619,,
IDA blend,IDB,Urban population (% of total population),SP.URB.TOTL.IN.ZS,2004,39.27120381,,
IDA blend,IDB,Urban population growth (annual %),SP.URB.GROW,2004,3.969197406,,
IDA only,IDX,Population density (people per sq. km of land area),EN.POP.DNST,2004,45.38750187,,
IDA only,IDX,Population in urban agglomerations of more than 1 million (% of total population),EN.URB.MCTY.TL.ZS,2004,11.00286648,,
IDA only,IDX,Population living in slums (% of urban population),EN.POP.SLUM.UR.ZS,2004,64.22282863,,
IDA only,IDX,Rural population (% of total population),SP.RUR.TOTL.ZS,2004,72.32864045,,
IDA only,IDX,Urban population (% of total population),SP.URB.TOTL.IN.ZS,2004,27.67135955,,
IDA only,IDX,Urban population growth (annual %),SP.URB.GROW,2004,3.911085341,,
IDA total,IDA,Population density (people per sq. km of land area),EN.POP.DNST,2004,54.77139534,,
IDA total,IDA,Population in urban agglomerations of more than 1 million (% of total population),EN.URB.MCTY.TL.ZS,2004,12.47134986,,
IDA total,IDA,Population living in slums (% of urban population),EN.POP.SLUM.UR.ZS,2004,63.55127657,,
IDA total,IDA,Rural population (% of total population),SP.RUR.TOTL.ZS,2004,68.27487802,,
IDA total,IDA,Urban population (% of total population),SP.URB.TOTL.IN.ZS,2004,31.72512198,,
IDA total,IDA,Urban population growth (annual %),SP.URB.GROW,2004,3.936219928,,
Late-demographic dividend,LTE,Population density (people per sq. km of land area),EN.POP.DNST,2004,47.26020629,,
Late-demographic dividend,LTE,Population in urban agglomerations of more than 1 million (% of total population),EN.URB.MCTY.TL.ZS,2004,21.14305759,,
Late-demographic dividend,LTE,Population living in slums (% of urban population),EN.POP.SLUM.UR.ZS,2004,,,
Late-demographic dividend,LTE,Rural population (% of total population),SP.RUR.TOTL.ZS,2004,50.22800456,,
Late-demographic dividend,LTE,Urban population (% of total population),SP.URB.TOTL.IN.ZS,2004,49.77199544,,
Late-demographic dividend,LTE,Urban population growth (annual %),SP.URB.GROW,2004,2.440477134,,
Latin America & Caribbean,LCN,Population density (people per sq. km of land area),EN.POP.DNST,2004,27.36021954,,
Latin America & Caribbean,LCN,Population in urban agglomerations of more than 1 million (% of total population),EN.URB.MCTY.TL.ZS,2004,36.07571081,,
Latin America & Caribbean,LCN,Population living in slums (% of urban population),EN.POP.SLUM.UR.ZS,2004,28.18013133,,
Latin America & Caribbean,LCN,Rural population (% of total population),SP.RUR.TOTL.ZS,2004,23.00456636,,
Latin America & Caribbean,LCN,Urban population (% of total population),SP.URB.TOTL.IN.ZS,2004,76.99543364,,
Latin America & Caribbean,LCN,Urban population growth (annual %),SP.URB.GROW,2004,1.645405479,,
Latin America & Caribbean (excluding high income),LAC,Population density (people per sq. km of land area),EN.POP.DNST,2004,27.39245824,,
Latin America & Caribbean (excluding high income),LAC,Population in urban agglomerations of more than 1 million (% of total population),EN.URB.MCTY.TL.ZS,2004,35.80037608,,
Latin America & Caribbean (excluding high income),LAC,Population living in slums (% of urban population),EN.POP.SLUM.UR.ZS,2004,29.0558538,,
Latin America & Caribbean (excluding high income),LAC,Rural population (% of total population),SP.RUR.TOTL.ZS,2004,23.20453815,,
Latin America & Caribbean (excluding high income),LAC,Urban population (% of total population),SP.URB.TOTL.IN.ZS,2004,76.79546185,,
Latin America & Caribbean (excluding high income),LAC,Urban population growth (annual %),SP.URB.GROW,2004,1.681575681,,
Latin America & the Caribbean (IDA & IBRD countries),TLA,Population density (people per sq. km of land area),EN.POP.DNST,2004,26.73667896,,
Latin America & the Caribbean (IDA & IBRD countries),TLA,Population in urban agglomerations of more than 1 million (% of total population),EN.URB.MCTY.TL.ZS,2004,36.21844634,,
Latin America & the Caribbean (IDA & IBRD countries),TLA,Population living in slums (% of urban population),EN.POP.SLUM.UR.ZS,2004,28.73236471,,
Latin America & the Caribbean (IDA & IBRD countries),TLA,Rural population (% of total population),SP.RUR.TOTL.ZS,2004,23.11670631,,
Latin America & the Caribbean (IDA & IBRD countries),TLA,Urban population (% of total population),SP.URB.TOTL.IN.ZS,2004,76.88329369,,
Latin America & the Caribbean (IDA & IBRD countries),TLA,Urban population growth (annual %),SP.URB.GROW,2004,1.688173171,,
Least developed countries: UN classification,LDC,Population density (people per sq. km of land area),EN.POP.DNST,2004,41.5649793,,
Least developed countries: UN classification,LDC,Population in urban agglomerations of more than 1 million (% of total population),EN.URB.MCTY.TL.ZS,2004,10.52404433,,
Least developed countries: UN classification,LDC,Population living in slums (% of urban population),EN.POP.SLUM.UR.ZS,2004,64.85919288,,
Least developed countries: UN classification,LDC,Rural population (% of total population),SP.RUR.TOTL.ZS,2004,72.97187558,,
Least developed countries: UN classification,LDC,Urban population (% of total population),SP.URB.TOTL.IN.ZS,2004,27.02812442,,
Least developed countries: UN classification,LDC,Urban population growth (annual %),SP.URB.GROW,2004,4.143796352,,
Low & middle income,LMY,Population density (people per sq. km of land area),EN.POP.DNST,2004,69.12891736,,
Low & middle income,LMY,Population in urban agglomerations of more than 1 million (% of total population),EN.URB.MCTY.TL.ZS,2004,17.61658143,,
Low & middle income,LMY,Population living in slums (% of urban population),EN.POP.SLUM.UR.ZS,2004,,,
Low & middle income,LMY,Rural population (% of total population),SP.RUR.TOTL.ZS,2004,58.15839095,,
Low & middle income,LMY,Urban population (% of total population),SP.URB.TOTL.IN.ZS,2004,41.84160905,,
Low & middle income,LMY,Urban population growth (annual %),SP.URB.GROW,2004,2.927387103,,
Low income,LIC,Population density (people per sq. km of land area),EN.POP.DNST,2004,35.41338628,,
Low income,LIC,Population in urban agglomerations of more than 1 million (% of total population),EN.URB.MCTY.TL.ZS,2004,10.84618816,,
Low income,LIC,Population living in slums (% of urban population),EN.POP.SLUM.UR.ZS,2004,73.77812142,,
Low income,LIC,Rural population (% of total population),SP.RUR.TOTL.ZS,2004,72.56406255,,
Low income,LIC,Urban population (% of total population),SP.URB.TOTL.IN.ZS,2004,27.43593745,,
Low income,LIC,Urban population growth (annual %),SP.URB.GROW,2004,3.674582793,,
Lower middle income,LMC,Population density (people per sq. km of land area),EN.POP.DNST,2004,113.1141584,,
Lower middle income,LMC,Population in urban agglomerations of more than 1 million (% of total population),EN.URB.MCTY.TL.ZS,2004,13.99084443,,
Lower middle income,LMC,Population living in slums (% of urban population),EN.POP.SLUM.UR.ZS,2004,,,
Lower middle income,LMC,Rural population (% of total population),SP.RUR.TOTL.ZS,2004,66.39260583,,
Lower middle income,LMC,Urban population (% of total population),SP.URB.TOTL.IN.ZS,2004,33.60739417,,
Lower middle income,LMC,Urban population growth (annual %),SP.URB.GROW,2004,3.181220724,,
"Middle East, North Africa, Afghanistan & Pakistan",MEA,Population density (people per sq. km of land area),EN.POP.DNST,2004,42.93455713,,
"Middle East, North Africa, Afghanistan & Pakistan",MEA,Population in urban agglomerations of more than 1 million (% of total population),EN.URB.MCTY.TL.ZS,2004,21.24453397,,
"Middle East, North Africa, Afghanistan & Pakistan",MEA,Population living in slums (% of urban population),EN.POP.SLUM.UR.ZS,2004,48.35145844,,
"Middle East, North Africa, Afghanistan & Pakistan",MEA,Rural population (% of total population),SP.RUR.TOTL.ZS,2004,50.19201155,,
"Middle East, North Africa, Afghanistan & Pakistan",MEA,Urban population (% of total population),SP.URB.TOTL.IN.ZS,2004,49.80798845,,
"Middle East, North Africa, Afghanistan & Pakistan",MEA,Urban population growth (annual %),SP.URB.GROW,2004,2.958414925,,
"Middle East, North Africa, Afghanistan & Pakistan (excluding high income)",MNA,Population density (people per sq. km of land area),EN.POP.DNST,2004,50.22614674,,
"Middle East, North Africa, Afghanistan & Pakistan (excluding high income)",MNA,Population in urban agglomerations of more than 1 million (% of total population),EN.URB.MCTY.TL.ZS,2004,19.1046523,,
"Middle East, North Africa, Afghanistan & Pakistan (excluding high income)",MNA,Population living in slums (% of urban population),EN.POP.SLUM.UR.ZS,2004,50.17916395,,
"Middle East, North Africa, Afghanistan & Pakistan (excluding high income)",MNA,Rural population (% of total population),SP.RUR.TOTL.ZS,2004,52.72537734,,
"Middle East, North Africa, Afghanistan & Pakistan (excluding high income)",MNA,Urban population (% of total population),SP.URB.TOTL.IN.ZS,2004,47.27462266,,
"Middle East, North Africa, Afghanistan & Pakistan (excluding high income)",MNA,Urban population growth (annual %),SP.URB.GROW,2004,2.810735562,,
"Middle East, North Africa, Afghanistan & Pakistan (IDA & IBRD)",TMN,Population density (people per sq. km of land area),EN.POP.DNST,2004,49.93449411,,
"Middle East, North Africa, Afghanistan & Pakistan (IDA & IBRD)",TMN,Population in urban agglomerations of more than 1 million (% of total population),EN.URB.MCTY.TL.ZS,2004,19.1046523,,
"Middle East, North Africa, Afghanistan & Pakistan (IDA & IBRD)",TMN,Population living in slums (% of urban population),EN.POP.SLUM.UR.ZS,2004,50.43690396,,
"Middle East, North Africa, Afghanistan & Pakistan (IDA & IBRD)",TMN,Rural population (% of total population),SP.RUR.TOTL.ZS,2004,52.92972259,,
"Middle East, North Africa, Afghanistan & Pakistan (IDA & IBRD)",TMN,Urban population (% of total population),SP.URB.TOTL.IN.ZS,2004,47.07027741,,
"Middle East, North Africa, Afghanistan & Pakistan (IDA & IBRD)",TMN,Urban population growth (annual %),SP.URB.GROW,2004,2.790091436,,
Middle income,MIC,Population density (people per sq. km of land area),EN.POP.DNST,2004,75.63405753,,
Middle income,MIC,Population in urban agglomerations of more than 1 million (% of total population),EN.URB.MCTY.TL.ZS,2004,18.20551614,,
Middle income,MIC,Population living in slums (% of urban population),EN.POP.SLUM.UR.ZS,2004,,,
Middle income,MIC,Rural population (% of total population),SP.RUR.TOTL.ZS,2004,56.85699269,,
Middle income,MIC,Urban population (% of total population),SP.URB.TOTL.IN.ZS,2004,43.14300731,,
Middle income,MIC,Urban population growth (annual %),SP.URB.GROW,2004,2.884630213,,
North America,NAC,Population density (people per sq. km of land area),EN.POP.DNST,2004,17.91783275,,
North America,NAC,Population in urban agglomerations of more than 1 million (% of total population),EN.URB.MCTY.TL.ZS,2004,43.91837351,,
North America,NAC,Population living in slums (% of urban population),EN.POP.SLUM.UR.ZS,2004,0.204859217,,
North America,NAC,Rural population (% of total population),SP.RUR.TOTL.ZS,2004,20.02992566,,
North America,NAC,Urban population (% of total population),SP.URB.TOTL.IN.ZS,2004,79.97007434,,
North America,NAC,Urban population growth (annual %),SP.URB.GROW,2004,1.209985602,,
Not classified,INX,Population in urban agglomerations of more than 1 million (% of total population),EN.URB.MCTY.TL.ZS,2004,,,
Not classified,INX,Population living in slums (% of urban population),EN.POP.SLUM.UR.ZS,2004,,,
OECD members,OED,Population density (people per sq. km of land area),EN.POP.DNST,2004,34.86790315,,
OECD members,OED,Population in urban agglomerations of more than 1 million (% of total population),EN.URB.MCTY.TL.ZS,2004,35.12358888,,
OECD members,OED,Population living in slums (% of urban population),EN.POP.SLUM.UR.ZS,2004,5.445992723,,
OECD members,OED,Rural population (% of total population),SP.RUR.TOTL.ZS,2004,22.86508044,,
OECD members,OED,Urban population (% of total population),SP.URB.TOTL.IN.ZS,2004,77.13491956,,
OECD members,OED,Urban population growth (annual %),SP.URB.GROW,2004,1.254181497,,
Other small states,OSS,Population density (people per sq. km of land area),EN.POP.DNST,2004,39.80632,,
Other small states,OSS,Population in urban agglomerations of more than 1 million (% of total population),EN.URB.MCTY.TL.ZS,2004,,,
Other small states,OSS,Population living in slums (% of urban population),EN.POP.SLUM.UR.ZS,2004,32.63666148,,
Other small states,OSS,Rural population (% of total population),SP.RUR.TOTL.ZS,2004,48.28288463,,
Other small states,OSS,Urban population (% of total population),SP.URB.TOTL.IN.ZS,2004,51.71711537,,
Other small states,OSS,Urban population growth (annual %),SP.URB.GROW,2004,1.238222615,,
Pacific island small states,PSS,Population density (people per sq. km of land area),EN.POP.DNST,2004,33.419081,,
Pacific island small states,PSS,Population in urban agglomerations of more than 1 million (% of total population),EN.URB.MCTY.TL.ZS,2004,,,
Pacific island small states,PSS,Population living in slums (% of urban population),EN.POP.SLUM.UR.ZS,2004,11.69940224,,
Pacific island small states,PSS,Rural population (% of total population),SP.RUR.TOTL.ZS,2004,64.65544154,,
Pacific island small states,PSS,Urban population (% of total population),SP.URB.TOTL.IN.ZS,2004,35.34455846,,
Pacific island small states,PSS,Urban population growth (annual %),SP.URB.GROW,2004,1.820460426,,
Post-demographic dividend,PST,Population density (people per sq. km of land area),EN.POP.DNST,2004,33.24219879,,
Post-demographic dividend,PST,Population in urban agglomerations of more than 1 million (% of total population),EN.URB.MCTY.TL.ZS,2004,34.90176924,,
Post-demographic dividend,PST,Population living in slums (% of urban population),EN.POP.SLUM.UR.ZS,2004,0.589719223,,
Post-demographic dividend,PST,Rural population (% of total population),SP.RUR.TOTL.ZS,2004,21.70840217,,
Post-demographic dividend,PST,Urban population (% of total population),SP.URB.TOTL.IN.ZS,2004,78.29159783,,
Post-demographic dividend,PST,Urban population growth (annual %),SP.URB.GROW,2004,1.051733501,,
Pre-demographic dividend,PRE,Population density (people per sq. km of land area),EN.POP.DNST,2004,35.48545897,,
Pre-demographic dividend,PRE,Population in urban agglomerations of more than 1 million (% of total population),EN.URB.MCTY.TL.ZS,2004,14.04648909,,
Pre-demographic dividend,PRE,Population living in slums (% of urban population),EN.POP.SLUM.UR.ZS,2004,65.90188831,,
Pre-demographic dividend,PRE,Rural population (% of total population),SP.RUR.TOTL.ZS,2004,64.41759724,,
Pre-demographic dividend,PRE,Urban population (% of total population),SP.URB.TOTL.IN.ZS,2004,35.58240276,,
Pre-demographic dividend,PRE,Urban population growth (annual %),SP.URB.GROW,2004,4.467557165,,
Small states,SST,Population density (people per sq. km of land area),EN.POP.DNST,2004,22.94749366,,
Small states,SST,Population in urban agglomerations of more than 1 million (% of total population),EN.URB.MCTY.TL.ZS,2004,,,
Small states,SST,Population living in slums (% of urban population),EN.POP.SLUM.UR.ZS,2004,26.74621316,,
Small states,SST,Rural population (% of total population),SP.RUR.TOTL.ZS,2004,50.53298132,,
Small states,SST,Urban population (% of total population),SP.URB.TOTL.IN.ZS,2004,49.46701868,,
Small states,SST,Urban population growth (annual %),SP.URB.GROW,2004,1.098506177,,
South Asia,SAS,Population density (people per sq. km of land area),EN.POP.DNST,2004,396.0618713,,
South Asia,SAS,Population in urban agglomerations of more than 1 million (% of total population),EN.URB.MCTY.TL.ZS,2004,12.38500104,,
South Asia,SAS,Population living in slums (% of urban population),EN.POP.SLUM.UR.ZS,2004,,,
South Asia,SAS,Rural population (% of total population),SP.RUR.TOTL.ZS,2004,71.58935143,,
South Asia,SAS,Urban population (% of total population),SP.URB.TOTL.IN.ZS,2004,28.41064857,,
South Asia,SAS,Urban population growth (annual %),SP.URB.GROW,2004,3.017230272,,
South Asia (IDA & IBRD),TSA,Population density (people per sq. km of land area),EN.POP.DNST,2004,396.0618713,,
South Asia (IDA & IBRD),TSA,Population in urban agglomerations of more than 1 million (% of total population),EN.URB.MCTY.TL.ZS,2004,12.38500104,,
South Asia (IDA & IBRD),TSA,Population living in slums (% of urban population),EN.POP.SLUM.UR.ZS,2004,,,
South Asia (IDA & IBRD),TSA,Rural population (% of total population),SP.RUR.TOTL.ZS,2004,71.58935143,,
South Asia (IDA & IBRD),TSA,Urban population (% of total population),SP.URB.TOTL.IN.ZS,2004,28.41064857,,
South Asia (IDA & IBRD),TSA,Urban population growth (annual %),SP.URB.GROW,2004,3.017230272,,
Sub-Saharan Africa,SSF,Population density (people per sq. km of land area),EN.POP.DNST,2004,35.44829297,,
Sub-Saharan Africa,SSF,Population in urban agglomerations of more than 1 million (% of total population),EN.URB.MCTY.TL.ZS,2004,13.42475547,,
Sub-Saharan Africa,SSF,Population living in slums (% of urban population),EN.POP.SLUM.UR.ZS,2004,63.32203391,,
Sub-Saharan Africa,SSF,Rural population (% of total population),SP.RUR.TOTL.ZS,2004,65.38885094,,
Sub-Saharan Africa,SSF,Urban population (% of total population),SP.URB.TOTL.IN.ZS,2004,34.61114906,,
Sub-Saharan Africa,SSF,Urban population growth (annual %),SP.URB.GROW,2004,4.20998346,,
Sub-Saharan Africa (excluding high income),SSA,Population density (people per sq. km of land area),EN.POP.DNST,2004,35.44519946,,
Sub-Saharan Africa (excluding high income),SSA,Population in urban agglomerations of more than 1 million (% of total population),EN.URB.MCTY.TL.ZS,2004,13.42475547,,
Sub-Saharan Africa (excluding high income),SSA,Population living in slums (% of urban population),EN.POP.SLUM.UR.ZS,2004,63.32081264,,
Sub-Saharan Africa (excluding high income),SSA,Rural population (% of total population),SP.RUR.TOTL.ZS,2004,65.38975521,,
Sub-Saharan Africa (excluding high income),SSA,Urban population (% of total population),SP.URB.TOTL.IN.ZS,2004,34.61024479,,
Sub-Saharan Africa (excluding high income),SSA,Urban population growth (annual %),SP.URB.GROW,2004,4.210642667,,
Sub-Saharan Africa (IDA & IBRD countries),TSS,Population density (people per sq. km of land area),EN.POP.DNST,2004,35.44829297,,
Sub-Saharan Africa (IDA & IBRD countries),TSS,Population in urban agglomerations of more than 1 million (% of total population),EN.URB.MCTY.TL.ZS,2004,13.42475547,,
Sub-Saharan Africa (IDA & IBRD countries),TSS,Population living in slums (% of urban population),EN.POP.SLUM.UR.ZS,2004,63.32203391,,
Sub-Saharan Africa (IDA & IBRD countries),TSS,Rural population (% of total population),SP.RUR.TOTL.ZS,2004,65.38885094,,
Sub-Saharan Africa (IDA & IBRD countries),TSS,Urban population (% of total population),SP.URB.TOTL.IN.ZS,2004,34.61114906,,
Sub-Saharan Africa (IDA & IBRD countries),TSS,Urban population growth (annual %),SP.URB.GROW,2004,4.20998346,,
Upper middle income,UMC,Population density (people per sq. km of land area),EN.POP.DNST,2004,59.67643936,,
Upper middle income,UMC,Population in urban agglomerations of more than 1 million (% of total population),EN.URB.MCTY.TL.ZS,2004,21.6016261,,
Upper middle income,UMC,Population living in slums (% of urban population),EN.POP.SLUM.UR.ZS,2004,,,
Upper middle income,UMC,Rural population (% of total population),SP.RUR.TOTL.ZS,2004,49.16161382,,
Upper middle income,UMC,Urban population (% of total population),SP.URB.TOTL.IN.ZS,2004,50.83838618,,
Upper middle income,UMC,Urban population growth (annual %),SP.URB.GROW,2004,2.726761894,,
World,WLD,Population density (people per sq. km of land area),EN.POP.DNST,2004,50.98147429,,
World,WLD,Population in urban agglomerations of more than 1 million (% of total population),EN.URB.MCTY.TL.ZS,2004,20.83681248,,
World,WLD,Population living in slums (% of urban population),EN.POP.SLUM.UR.ZS,2004,,,
World,WLD,Rural population (% of total population),SP.RUR.TOTL.ZS,2004,51.13410683,,
World,WLD,Urban population (% of total population),SP.URB.TOTL.IN.ZS,2004,48.86589317,,
World,WLD,Urban population growth (annual %),SP.URB.GROW,2004,2.319368218,,
Africa Eastern and Southern,AFE,Population density (people per sq. km of land area),EN.POP.DNST,2005,37.51359195,,
Africa Eastern and Southern,AFE,Population in urban agglomerations of more than 1 million (% of total population),EN.URB.MCTY.TL.ZS,2005,12.37909964,,
Africa Eastern and Southern,AFE,Population living in slums (% of urban population),EN.POP.SLUM.UR.ZS,2005,,,
Africa Eastern and Southern,AFE,Rural population (% of total population),SP.RUR.TOTL.ZS,2005,69.46272414,,
Africa Eastern and Southern,AFE,Urban population (% of total population),SP.URB.TOTL.IN.ZS,2005,30.53727586,,
Africa Eastern and Southern,AFE,Urban population growth (annual %),SP.URB.GROW,2005,4.141188247,,
Africa Western and Central,AFW,Population density (people per sq. km of land area),EN.POP.DNST,2005,34.95077251,,
Africa Western and Central,AFW,Population in urban agglomerations of more than 1 million (% of total population),EN.URB.MCTY.TL.ZS,2005,15.21959352,,
Africa Western and Central,AFW,Population living in slums (% of urban population),EN.POP.SLUM.UR.ZS,2005,,,
Africa Western and Central,AFW,Rural population (% of total population),SP.RUR.TOTL.ZS,2005,58.15468643,,
Africa Western and Central,AFW,Urban population (% of total population),SP.URB.TOTL.IN.ZS,2005,41.84531357,,
Africa Western and Central,AFW,Urban population growth (annual %),SP.URB.GROW,2005,4.27500705,,
Arab World,ARB,Population density (people per sq. km of land area),EN.POP.DNST,2005,28.7157315,,
Arab World,ARB,Population in urban agglomerations of more than 1 million (% of total population),EN.URB.MCTY.TL.ZS,2005,22.06705524,,
Arab World,ARB,Population living in slums (% of urban population),EN.POP.SLUM.UR.ZS,2005,,,
Arab World,ARB,Rural population (% of total population),SP.RUR.TOTL.ZS,2005,46.01799971,,
Arab World,ARB,Urban population (% of total population),SP.URB.TOTL.IN.ZS,2005,53.98200029,,
Arab World,ARB,Urban population growth (annual %),SP.URB.GROW,2005,2.964795461,,
Caribbean small states,CSS,Population density (people per sq. km of land area),EN.POP.DNST,2005,10.16107265,,
Caribbean small states,CSS,Population in urban agglomerations of more than 1 million (% of total population),EN.URB.MCTY.TL.ZS,2005,,,
Caribbean small states,CSS,Population living in slums (% of urban population),EN.POP.SLUM.UR.ZS,2005,,,
Caribbean small states,CSS,Rural population (% of total population),SP.RUR.TOTL.ZS,2005,49.05061123,,
Caribbean small states,CSS,Urban population (% of total population),SP.URB.TOTL.IN.ZS,2005,50.94938877,,
Caribbean small states,CSS,Urban population growth (annual %),SP.URB.GROW,2005,-1.20424758,,
Central Europe and the Baltics,CEB,Population density (people per sq. km of land area),EN.POP.DNST,2005,96.11156771,,
Central Europe and the Baltics,CEB,Population in urban agglomerations of more than 1 million (% of total population),EN.URB.MCTY.TL.ZS,2005,,,
Central Europe and the Baltics,CEB,Population living in slums (% of urban population),EN.POP.SLUM.UR.ZS,2005,,,
Central Europe and the Baltics,CEB,Rural population (% of total population),SP.RUR.TOTL.ZS,2005,38.33156233,,
Central Europe and the Baltics,CEB,Urban population (% of total population),SP.URB.TOTL.IN.ZS,2005,61.66843767,,
Central Europe and the Baltics,CEB,Urban population growth (annual %),SP.URB.GROW,2005,-0.120506512,,
Early-demographic dividend,EAR,Population density (people per sq. km of land area),EN.POP.DNST,2005,82.203116,,
Early-demographic dividend,EAR,Population in urban agglomerations of more than 1 million (% of total population),EN.URB.MCTY.TL.ZS,2005,16.56208712,,
Early-demographic dividend,EAR,Population living in slums (% of urban population),EN.POP.SLUM.UR.ZS,2005,,,
Early-demographic dividend,EAR,Rural population (% of total population),SP.RUR.TOTL.ZS,2005,59.95088004,,
Early-demographic dividend,EAR,Urban population (% of total population),SP.URB.TOTL.IN.ZS,2005,40.04911996,,
Early-demographic dividend,EAR,Urban population growth (annual %),SP.URB.GROW,2005,2.706171964,,
East Asia & Pacific,EAS,Population density (people per sq. km of land area),EN.POP.DNST,2005,87.28218296,,
East Asia & Pacific,EAS,Population in urban agglomerations of more than 1 million (% of total population),EN.URB.MCTY.TL.ZS,2005,,,
East Asia & Pacific,EAS,Population living in slums (% of urban population),EN.POP.SLUM.UR.ZS,2005,,,
East Asia & Pacific,EAS,Rural population (% of total population),SP.RUR.TOTL.ZS,2005,52.95915002,,
East Asia & Pacific,EAS,Urban population (% of total population),SP.URB.TOTL.IN.ZS,2005,47.04084998,,
East Asia & Pacific,EAS,Urban population growth (annual %),SP.URB.GROW,2005,2.951391779,,
East Asia & Pacific (excluding high income),EAP,Population density (people per sq. km of land area),EN.POP.DNST,2005,118.8033842,,
East Asia & Pacific (excluding high income),EAP,Population in urban agglomerations of more than 1 million (% of total population),EN.URB.MCTY.TL.ZS,2005,,,
East Asia & Pacific (excluding high income),EAP,Population living in slums (% of urban population),EN.POP.SLUM.UR.ZS,2005,,,
East Asia & Pacific (excluding high income),EAP,Rural population (% of total population),SP.RUR.TOTL.ZS,2005,57.66030852,,
East Asia & Pacific (excluding high income),EAP,Urban population (% of total population),SP.URB.TOTL.IN.ZS,2005,42.33969148,,
East Asia & Pacific (excluding high income),EAP,Urban population growth (annual %),SP.URB.GROW,2005,3.341288695,,
East Asia & Pacific (IDA & IBRD countries),TEA,Population density (people per sq. km of land area),EN.POP.DNST,2005,118.1655271,,
East Asia & Pacific (IDA & IBRD countries),TEA,Population in urban agglomerations of more than 1 million (% of total population),EN.URB.MCTY.TL.ZS,2005,,,
East Asia & Pacific (IDA & IBRD countries),TEA,Population living in slums (% of urban population),EN.POP.SLUM.UR.ZS,2005,,,
East Asia & Pacific (IDA & IBRD countries),TEA,Rural population (% of total population),SP.RUR.TOTL.ZS,2005,57.88623025,,
East Asia & Pacific (IDA & IBRD countries),TEA,Urban population (% of total population),SP.URB.TOTL.IN.ZS,2005,42.11376975,,
East Asia & Pacific (IDA & IBRD countries),TEA,Urban population growth (annual %),SP.URB.GROW,2005,3.390496293,,
Euro area,EMU,Population density (people per sq. km of land area),EN.POP.DNST,2005,120.4676645,,
Euro area,EMU,Population in urban agglomerations of more than 1 million (% of total population),EN.URB.MCTY.TL.ZS,2005,18.4392719,,
Euro area,EMU,Population living in slums (% of urban population),EN.POP.SLUM.UR.ZS,2005,,,
Euro area,EMU,Rural population (% of total population),SP.RUR.TOTL.ZS,2005,25.56452457,,
Euro area,EMU,Urban population (% of total population),SP.URB.TOTL.IN.ZS,2005,74.43547543,,
Euro area,EMU,Urban population growth (annual %),SP.URB.GROW,2005,0.714072096,,
Europe & Central Asia,ECS,Population density (people per sq. km of land area),EN.POP.DNST,2005,32.03236653,,
Europe & Central Asia,ECS,Population in urban agglomerations of more than 1 million (% of total population),EN.URB.MCTY.TL.ZS,2005,18.70323117,,
Europe & Central Asia,ECS,Population living in slums (% of urban population),EN.POP.SLUM.UR.ZS,2005,,,
Europe & Central Asia,ECS,Rural population (% of total population),SP.RUR.TOTL.ZS,2005,30.43434547,,
Europe & Central Asia,ECS,Urban population (% of total population),SP.URB.TOTL.IN.ZS,2005,69.56565453,,
Europe & Central Asia,ECS,Urban population growth (annual %),SP.URB.GROW,2005,0.517494547,,
Europe & Central Asia (excluding high income),ECA,Population density (people per sq. km of land area),EN.POP.DNST,2005,38.46645003,,
Europe & Central Asia (excluding high income),ECA,Population in urban agglomerations of more than 1 million (% of total population),EN.URB.MCTY.TL.ZS,2005,19.89634019,,
Europe & Central Asia (excluding high income),ECA,Population living in slums (% of urban population),EN.POP.SLUM.UR.ZS,2005,,,
Europe & Central Asia (excluding high income),ECA,Rural population (% of total population),SP.RUR.TOTL.ZS,2005,41.4793155,,
Europe & Central Asia (excluding high income),ECA,Urban population (% of total population),SP.URB.TOTL.IN.ZS,2005,58.5206845,,
Europe & Central Asia (excluding high income),ECA,Urban population growth (annual %),SP.URB.GROW,2005,1.069901701,,
Europe & Central Asia (IDA & IBRD countries),TEC,Population density (people per sq. km of land area),EN.POP.DNST,2005,19.15044839,,
Europe & Central Asia (IDA & IBRD countries),TEC,Population in urban agglomerations of more than 1 million (% of total population),EN.URB.MCTY.TL.ZS,2005,18.13450333,,
Europe & Central Asia (IDA & IBRD countries),TEC,Population living in slums (% of urban population),EN.POP.SLUM.UR.ZS,2005,,,
Europe & Central Asia (IDA & IBRD countries),TEC,Rural population (% of total population),SP.RUR.TOTL.ZS,2005,36.51412324,,
Europe & Central Asia (IDA & IBRD countries),TEC,Urban population (% of total population),SP.URB.TOTL.IN.ZS,2005,63.48587676,,
Europe & Central Asia (IDA & IBRD countries),TEC,Urban population growth (annual %),SP.URB.GROW,2005,0.239743741,,
European Union,EUU,Population density (people per sq. km of land area),EN.POP.DNST,2005,109.3360795,,
European Union,EUU,Population in urban agglomerations of more than 1 million (% of total population),EN.URB.MCTY.TL.ZS,2005,16.40423282,,
European Union,EUU,Population living in slums (% of urban population),EN.POP.SLUM.UR.ZS,2005,,,
European Union,EUU,Rural population (% of total population),SP.RUR.TOTL.ZS,2005,27.59976483,,
European Union,EUU,Urban population (% of total population),SP.URB.TOTL.IN.ZS,2005,72.40023517,,
European Union,EUU,Urban population growth (annual %),SP.URB.GROW,2005,0.601059457,,
Heavily indebted poor countries (HIPC),HPC,Population density (people per sq. km of land area),EN.POP.DNST,2005,31.66342999,,
Heavily indebted poor countries (HIPC),HPC,Population in urban agglomerations of more than 1 million (% of total population),EN.URB.MCTY.TL.ZS,2005,12.39071135,,
Heavily indebted poor countries (HIPC),HPC,Population living in slums (% of urban population),EN.POP.SLUM.UR.ZS,2005,,,
Heavily indebted poor countries (HIPC),HPC,Rural population (% of total population),SP.RUR.TOTL.ZS,2005,70.12856441,,
Heavily indebted poor countries (HIPC),HPC,Urban population (% of total population),SP.URB.TOTL.IN.ZS,2005,29.87143559,,
Heavily indebted poor countries (HIPC),HPC,Urban population growth (annual %),SP.URB.GROW,2005,3.948691341,,
High income,HIC,Population density (people per sq. km of land area),EN.POP.DNST,2005,24.80131861,,
High income,HIC,Population in urban agglomerations of more than 1 million (% of total population),EN.URB.MCTY.TL.ZS,2005,,,
High income,HIC,Population living in slums (% of urban population),EN.POP.SLUM.UR.ZS,2005,,,
High income,HIC,Rural population (% of total population),SP.RUR.TOTL.ZS,2005,22.2898393,,
High income,HIC,Urban population (% of total population),SP.URB.TOTL.IN.ZS,2005,77.7101607,,
High income,HIC,Urban population growth (annual %),SP.URB.GROW,2005,0.928705869,,
IBRD only,IBD,Population density (people per sq. km of land area),EN.POP.DNST,2005,59.61933909,,
IBRD only,IBD,Population in urban agglomerations of more than 1 million (% of total population),EN.URB.MCTY.TL.ZS,2005,19.41660275,,
IBRD only,IBD,Population living in slums (% of urban population),EN.POP.SLUM.UR.ZS,2005,,,
IBRD only,IBD,Rural population (% of total population),SP.RUR.TOTL.ZS,2005,53.08543063,,
IBRD only,IBD,Urban population (% of total population),SP.URB.TOTL.IN.ZS,2005,46.91456937,,
IBRD only,IBD,Urban population growth (annual %),SP.URB.GROW,2005,2.415358067,,
IDA & IBRD total,IBT,Population density (people per sq. km of land area),EN.POP.DNST,2005,58.7577273,,
IDA & IBRD total,IBT,Population in urban agglomerations of more than 1 million (% of total population),EN.URB.MCTY.TL.ZS,2005,17.90530229,,
IDA & IBRD total,IBT,Population living in slums (% of urban population),EN.POP.SLUM.UR.ZS,2005,,,
IDA & IBRD total,IBT,Rural population (% of total population),SP.RUR.TOTL.ZS,2005,56.5043152,,
IDA & IBRD total,IBT,Urban population (% of total population),SP.URB.TOTL.IN.ZS,2005,43.4956848,,
IDA & IBRD total,IBT,Urban population growth (annual %),SP.URB.GROW,2005,2.673779636,,
IDA blend,IDB,Population density (people per sq. km of land area),EN.POP.DNST,2005,91.28260889,,
IDA blend,IDB,Population in urban agglomerations of more than 1 million (% of total population),EN.URB.MCTY.TL.ZS,2005,,,
IDA blend,IDB,Population living in slums (% of urban population),EN.POP.SLUM.UR.ZS,2005,,,
IDA blend,IDB,Rural population (% of total population),SP.RUR.TOTL.ZS,2005,60.16512218,,
IDA blend,IDB,Urban population (% of total population),SP.URB.TOTL.IN.ZS,2005,39.83487782,,
IDA blend,IDB,Urban population growth (annual %),SP.URB.GROW,2005,3.912689989,,
IDA only,IDX,Population density (people per sq. km of land area),EN.POP.DNST,2005,46.44667003,,
IDA only,IDX,Population in urban agglomerations of more than 1 million (% of total population),EN.URB.MCTY.TL.ZS,2005,11.10998191,,
IDA only,IDX,Population living in slums (% of urban population),EN.POP.SLUM.UR.ZS,2005,,,
IDA only,IDX,Rural population (% of total population),SP.RUR.TOTL.ZS,2005,71.87511841,,
IDA only,IDX,Urban population (% of total population),SP.URB.TOTL.IN.ZS,2005,28.12488159,,
IDA only,IDX,Urban population growth (annual %),SP.URB.GROW,2005,3.932389764,,
IDA total,IDA,Population density (people per sq. km of land area),EN.POP.DNST,2005,56.08500135,,
IDA total,IDA,Population in urban agglomerations of more than 1 million (% of total population),EN.URB.MCTY.TL.ZS,2005,12.5815161,,
IDA total,IDA,Population living in slums (% of urban population),EN.POP.SLUM.UR.ZS,2005,,,
IDA total,IDA,Rural population (% of total population),SP.RUR.TOTL.ZS,2005,67.77804593,,
IDA total,IDA,Urban population (% of total population),SP.URB.TOTL.IN.ZS,2005,32.22195407,,
IDA total,IDA,Urban population growth (annual %),SP.URB.GROW,2005,3.923868303,,
Late-demographic dividend,LTE,Population density (people per sq. km of land area),EN.POP.DNST,2005,47.55403481,,
Late-demographic dividend,LTE,Population in urban agglomerations of more than 1 million (% of total population),EN.URB.MCTY.TL.ZS,2005,21.5987706,,
Late-demographic dividend,LTE,Population living in slums (% of urban population),EN.POP.SLUM.UR.ZS,2005,,,
Late-demographic dividend,LTE,Rural population (% of total population),SP.RUR.TOTL.ZS,2005,49.34148681,,
Late-demographic dividend,LTE,Urban population (% of total population),SP.URB.TOTL.IN.ZS,2005,50.65851319,,
Late-demographic dividend,LTE,Urban population growth (annual %),SP.URB.GROW,2005,2.391818913,,
Latin America & Caribbean,LCN,Population density (people per sq. km of land area),EN.POP.DNST,2005,27.69267869,,
Latin America & Caribbean,LCN,Population in urban agglomerations of more than 1 million (% of total population),EN.URB.MCTY.TL.ZS,2005,36.20960798,,
Latin America & Caribbean,LCN,Population living in slums (% of urban population),EN.POP.SLUM.UR.ZS,2005,,,
Latin America & Caribbean,LCN,Rural population (% of total population),SP.RUR.TOTL.ZS,2005,22.73313145,,
Latin America & Caribbean,LCN,Urban population (% of total population),SP.URB.TOTL.IN.ZS,2005,77.26686855,,
Latin America & Caribbean,LCN,Urban population growth (annual %),SP.URB.GROW,2005,1.559858127,,
Latin America & Caribbean (excluding high income),LAC,Population density (people per sq. km of land area),EN.POP.DNST,2005,27.73425434,,
Latin America & Caribbean (excluding high income),LAC,Population in urban agglomerations of more than 1 million (% of total population),EN.URB.MCTY.TL.ZS,2005,35.94622038,,
Latin America & Caribbean (excluding high income),LAC,Population living in slums (% of urban population),EN.POP.SLUM.UR.ZS,2005,,,
Latin America & Caribbean (excluding high income),LAC,Rural population (% of total population),SP.RUR.TOTL.ZS,2005,22.92831548,,
Latin America & Caribbean (excluding high income),LAC,Urban population (% of total population),SP.URB.TOTL.IN.ZS,2005,77.07168452,,
Latin America & Caribbean (excluding high income),LAC,Urban population growth (annual %),SP.URB.GROW,2005,1.599253415,,
Latin America & the Caribbean (IDA & IBRD countries),TLA,Population density (people per sq. km of land area),EN.POP.DNST,2005,27.06965453,,
Latin America & the Caribbean (IDA & IBRD countries),TLA,Population in urban agglomerations of more than 1 million (% of total population),EN.URB.MCTY.TL.ZS,2005,36.35756641,,
Latin America & the Caribbean (IDA & IBRD countries),TLA,Population living in slums (% of urban population),EN.POP.SLUM.UR.ZS,2005,,,
Latin America & the Caribbean (IDA & IBRD countries),TLA,Rural population (% of total population),SP.RUR.TOTL.ZS,2005,22.83709804,,
Latin America & the Caribbean (IDA & IBRD countries),TLA,Urban population (% of total population),SP.URB.TOTL.IN.ZS,2005,77.16290196,,
Latin America & the Caribbean (IDA & IBRD countries),TLA,Urban population growth (annual %),SP.URB.GROW,2005,1.600715943,,
Least developed countries: UN classification,LDC,Population density (people per sq. km of land area),EN.POP.DNST,2005,42.57333057,,
Least developed countries: UN classification,LDC,Population in urban agglomerations of more than 1 million (% of total population),EN.URB.MCTY.TL.ZS,2005,10.64484326,,
Least developed countries: UN classification,LDC,Population living in slums (% of urban population),EN.POP.SLUM.UR.ZS,2005,,,
Least developed countries: UN classification,LDC,Rural population (% of total population),SP.RUR.TOTL.ZS,2005,72.491109,,
Least developed countries: UN classification,LDC,Urban population (% of total population),SP.URB.TOTL.IN.ZS,2005,27.508891,,
Least developed countries: UN classification,LDC,Urban population growth (annual %),SP.URB.GROW,2005,4.160051848,,
Low & middle income,LMY,Population density (people per sq. km of land area),EN.POP.DNST,2005,70.13594774,,
Low & middle income,LMY,Population in urban agglomerations of more than 1 million (% of total population),EN.URB.MCTY.TL.ZS,2005,17.83297262,,
Low & middle income,LMY,Population living in slums (% of urban population),EN.POP.SLUM.UR.ZS,2005,,,
Low & middle income,LMY,Rural population (% of total population),SP.RUR.TOTL.ZS,2005,57.55513671,,
Low & middle income,LMY,Urban population (% of total population),SP.URB.TOTL.IN.ZS,2005,42.44486329,,
Low & middle income,LMY,Urban population growth (annual %),SP.URB.GROW,2005,2.881455746,,
Low income,LIC,Population density (people per sq. km of land area),EN.POP.DNST,2005,36.44891773,,
Low income,LIC,Population in urban agglomerations of more than 1 million (% of total population),EN.URB.MCTY.TL.ZS,2005,10.86650763,,
Low income,LIC,Population living in slums (% of urban population),EN.POP.SLUM.UR.ZS,2005,,,
Low income,LIC,Rural population (% of total population),SP.RUR.TOTL.ZS,2005,72.34448775,,
Low income,LIC,Urban population (% of total population),SP.URB.TOTL.IN.ZS,2005,27.65551225,,
Low income,LIC,Urban population growth (annual %),SP.URB.GROW,2005,3.679692515,,
Lower middle income,LMC,Population density (people per sq. km of land area),EN.POP.DNST,2005,115.2116605,,
Lower middle income,LMC,Population in urban agglomerations of more than 1 million (% of total population),EN.URB.MCTY.TL.ZS,2005,14.11431583,,
Lower middle income,LMC,Population living in slums (% of urban population),EN.POP.SLUM.UR.ZS,2005,,,
Lower middle income,LMC,Rural population (% of total population),SP.RUR.TOTL.ZS,2005,65.94543089,,
Lower middle income,LMC,Urban population (% of total population),SP.URB.TOTL.IN.ZS,2005,34.05456911,,
Lower middle income,LMC,Urban population growth (annual %),SP.URB.GROW,2005,3.15881168,,
"Middle East, North Africa, Afghanistan & Pakistan",MEA,Population density (people per sq. km of land area),EN.POP.DNST,2005,43.972037,,
"Middle East, North Africa, Afghanistan & Pakistan",MEA,Population in urban agglomerations of more than 1 million (% of total population),EN.URB.MCTY.TL.ZS,2005,21.23903573,,
"Middle East, North Africa, Afghanistan & Pakistan",MEA,Population living in slums (% of urban population),EN.POP.SLUM.UR.ZS,2005,,,
"Middle East, North Africa, Afghanistan & Pakistan",MEA,Rural population (% of total population),SP.RUR.TOTL.ZS,2005,49.89569208,,
"Middle East, North Africa, Afghanistan & Pakistan",MEA,Urban population (% of total population),SP.URB.TOTL.IN.ZS,2005,50.10430792,,
"Middle East, North Africa, Afghanistan & Pakistan",MEA,Urban population growth (annual %),SP.URB.GROW,2005,2.980928085,,
"Middle East, North Africa, Afghanistan & Pakistan (excluding high income)",MNA,Population density (people per sq. km of land area),EN.POP.DNST,2005,51.38064944,,
"Middle East, North Africa, Afghanistan & Pakistan (excluding high income)",MNA,Population in urban agglomerations of more than 1 million (% of total population),EN.URB.MCTY.TL.ZS,2005,19.0677182,,
"Middle East, North Africa, Afghanistan & Pakistan (excluding high income)",MNA,Population living in slums (% of urban population),EN.POP.SLUM.UR.ZS,2005,,,
"Middle East, North Africa, Afghanistan & Pakistan (excluding high income)",MNA,Rural population (% of total population),SP.RUR.TOTL.ZS,2005,52.46806995,,
"Middle East, North Africa, Afghanistan & Pakistan (excluding high income)",MNA,Urban population (% of total population),SP.URB.TOTL.IN.ZS,2005,47.53193005,,
"Middle East, North Africa, Afghanistan & Pakistan (excluding high income)",MNA,Urban population growth (annual %),SP.URB.GROW,2005,2.815395677,,
"Middle East, North Africa, Afghanistan & Pakistan (IDA & IBRD)",TMN,Population density (people per sq. km of land area),EN.POP.DNST,2005,51.08136126,,
"Middle East, North Africa, Afghanistan & Pakistan (IDA & IBRD)",TMN,Population in urban agglomerations of more than 1 million (% of total population),EN.URB.MCTY.TL.ZS,2005,19.0677182,,
"Middle East, North Africa, Afghanistan & Pakistan (IDA & IBRD)",TMN,Population living in slums (% of urban population),EN.POP.SLUM.UR.ZS,2005,,,
"Middle East, North Africa, Afghanistan & Pakistan (IDA & IBRD)",TMN,Rural population (% of total population),SP.RUR.TOTL.ZS,2005,52.68118514,,
"Middle East, North Africa, Afghanistan & Pakistan (IDA & IBRD)",TMN,Urban population (% of total population),SP.URB.TOTL.IN.ZS,2005,47.31881486,,
"Middle East, North Africa, Afghanistan & Pakistan (IDA & IBRD)",TMN,Urban population growth (annual %),SP.URB.GROW,2005,2.79738971,,
Middle income,MIC,Population density (people per sq. km of land area),EN.POP.DNST,2005,76.63532611,,
Middle income,MIC,Population in urban agglomerations of more than 1 million (% of total population),EN.URB.MCTY.TL.ZS,2005,18.44827229,,
Middle income,MIC,Population living in slums (% of urban population),EN.POP.SLUM.UR.ZS,2005,,,
Middle income,MIC,Rural population (% of total population),SP.RUR.TOTL.ZS,2005,56.19803048,,
Middle income,MIC,Urban population (% of total population),SP.URB.TOTL.IN.ZS,2005,43.80196952,,
Middle income,MIC,Urban population growth (annual %),SP.URB.GROW,2005,2.83540334,,
North America,NAC,Population density (people per sq. km of land area),EN.POP.DNST,2005,18.08417513,,
North America,NAC,Population in urban agglomerations of more than 1 million (% of total population),EN.URB.MCTY.TL.ZS,2005,44.00818996,,
North America,NAC,Population living in slums (% of urban population),EN.POP.SLUM.UR.ZS,2005,,,
North America,NAC,Rural population (% of total population),SP.RUR.TOTL.ZS,2005,19.82170089,,
North America,NAC,Urban population (% of total population),SP.URB.TOTL.IN.ZS,2005,80.17829911,,
North America,NAC,Urban population growth (annual %),SP.URB.GROW,2005,1.184118939,,
Not classified,INX,Population in urban agglomerations of more than 1 million (% of total population),EN.URB.MCTY.TL.ZS,2005,,,
Not classified,INX,Population living in slums (% of urban population),EN.POP.SLUM.UR.ZS,2005,,,
OECD members,OED,Population density (people per sq. km of land area),EN.POP.DNST,2005,35.11475416,,
OECD members,OED,Population in urban agglomerations of more than 1 million (% of total population),EN.URB.MCTY.TL.ZS,2005,35.27162355,,
OECD members,OED,Population living in slums (% of urban population),EN.POP.SLUM.UR.ZS,2005,,,
OECD members,OED,Rural population (% of total population),SP.RUR.TOTL.ZS,2005,22.50630754,,
OECD members,OED,Urban population (% of total population),SP.URB.TOTL.IN.ZS,2005,77.49369246,,
OECD members,OED,Urban population growth (annual %),SP.URB.GROW,2005,1.16919846,,
Other small states,OSS,Population density (people per sq. km of land area),EN.POP.DNST,2005,40.22385986,,
Other small states,OSS,Population in urban agglomerations of more than 1 million (% of total population),EN.URB.MCTY.TL.ZS,2005,,,
Other small states,OSS,Population living in slums (% of urban population),EN.POP.SLUM.UR.ZS,2005,,,
Other small states,OSS,Rural population (% of total population),SP.RUR.TOTL.ZS,2005,48.15374175,,
Other small states,OSS,Urban population (% of total population),SP.URB.TOTL.IN.ZS,2005,51.84625825,,
Other small states,OSS,Urban population growth (annual %),SP.URB.GROW,2005,1.292819168,,
Pacific island small states,PSS,Population density (people per sq. km of land area),EN.POP.DNST,2005,33.80107477,,
Pacific island small states,PSS,Population in urban agglomerations of more than 1 million (% of total population),EN.URB.MCTY.TL.ZS,2005,,,
Pacific island small states,PSS,Population living in slums (% of urban population),EN.POP.SLUM.UR.ZS,2005,,,
Pacific island small states,PSS,Rural population (% of total population),SP.RUR.TOTL.ZS,2005,64.42331232,,
Pacific island small states,PSS,Urban population (% of total population),SP.URB.TOTL.IN.ZS,2005,35.57668768,,
Pacific island small states,PSS,Urban population growth (annual %),SP.URB.GROW,2005,1.791149619,,
Post-demographic dividend,PST,Population density (people per sq. km of land area),EN.POP.DNST,2005,33.40983557,,
Post-demographic dividend,PST,Population in urban agglomerations of more than 1 million (% of total population),EN.URB.MCTY.TL.ZS,2005,35.03602746,,
Post-demographic dividend,PST,Population living in slums (% of urban population),EN.POP.SLUM.UR.ZS,2005,,,
Post-demographic dividend,PST,Rural population (% of total population),SP.RUR.TOTL.ZS,2005,21.33664129,,
Post-demographic dividend,PST,Urban population (% of total population),SP.URB.TOTL.IN.ZS,2005,78.66335871,,
Post-demographic dividend,PST,Urban population growth (annual %),SP.URB.GROW,2005,0.976282719,,
Pre-demographic dividend,PRE,Population density (people per sq. km of land area),EN.POP.DNST,2005,36.5442093,,
Pre-demographic dividend,PRE,Population in urban agglomerations of more than 1 million (% of total population),EN.URB.MCTY.TL.ZS,2005,14.10487928,,
Pre-demographic dividend,PRE,Population living in slums (% of urban population),EN.POP.SLUM.UR.ZS,2005,,,
Pre-demographic dividend,PRE,Rural population (% of total population),SP.RUR.TOTL.ZS,2005,63.86636066,,
Pre-demographic dividend,PRE,Urban population (% of total population),SP.URB.TOTL.IN.ZS,2005,36.13363934,,
Pre-demographic dividend,PRE,Urban population growth (annual %),SP.URB.GROW,2005,4.477520166,,
Small states,SST,Population density (people per sq. km of land area),EN.POP.DNST,2005,23.08880827,,
Small states,SST,Population in urban agglomerations of more than 1 million (% of total population),EN.URB.MCTY.TL.ZS,2005,,,
Small states,SST,Population living in slums (% of urban population),EN.POP.SLUM.UR.ZS,2005,,,
Small states,SST,Rural population (% of total population),SP.RUR.TOTL.ZS,2005,50.48540767,,
Small states,SST,Urban population (% of total population),SP.URB.TOTL.IN.ZS,2005,49.51459233,,
Small states,SST,Urban population growth (annual %),SP.URB.GROW,2005,0.710021765,,
South Asia,SAS,Population density (people per sq. km of land area),EN.POP.DNST,2005,402.3154007,,
South Asia,SAS,Population in urban agglomerations of more than 1 million (% of total population),EN.URB.MCTY.TL.ZS,2005,12.50552924,,
South Asia,SAS,Population living in slums (% of urban population),EN.POP.SLUM.UR.ZS,2005,,,
South Asia,SAS,Rural population (% of total population),SP.RUR.TOTL.ZS,2005,71.18056475,,
South Asia,SAS,Urban population (% of total population),SP.URB.TOTL.IN.ZS,2005,28.81943525,,
South Asia,SAS,Urban population growth (annual %),SP.URB.GROW,2005,2.99518905,,
South Asia (IDA & IBRD),TSA,Population density (people per sq. km of land area),EN.POP.DNST,2005,402.3154007,,
South Asia (IDA & IBRD),TSA,Population in urban agglomerations of more than 1 million (% of total population),EN.URB.MCTY.TL.ZS,2005,12.50552924,,
South Asia (IDA & IBRD),TSA,Population living in slums (% of urban population),EN.POP.SLUM.UR.ZS,2005,,,
South Asia (IDA & IBRD),TSA,Rural population (% of total population),SP.RUR.TOTL.ZS,2005,71.18056475,,
South Asia (IDA & IBRD),TSA,Urban population (% of total population),SP.URB.TOTL.IN.ZS,2005,28.81943525,,
South Asia (IDA & IBRD),TSA,Urban population growth (annual %),SP.URB.GROW,2005,2.99518905,,
Sub-Saharan Africa,SSF,Population density (people per sq. km of land area),EN.POP.DNST,2005,36.42978254,,
Sub-Saharan Africa,SSF,Population in urban agglomerations of more than 1 million (% of total population),EN.URB.MCTY.TL.ZS,2005,13.53064429,,
Sub-Saharan Africa,SSF,Population living in slums (% of urban population),EN.POP.SLUM.UR.ZS,2005,,,
Sub-Saharan Africa,SSF,Rural population (% of total population),SP.RUR.TOTL.ZS,2005,64.87473524,,
Sub-Saharan Africa,SSF,Urban population (% of total population),SP.URB.TOTL.IN.ZS,2005,35.12526476,,
Sub-Saharan Africa,SSF,Urban population growth (annual %),SP.URB.GROW,2005,4.205847297,,
Sub-Saharan Africa (excluding high income),SSA,Population density (people per sq. km of land area),EN.POP.DNST,2005,36.42669223,,
Sub-Saharan Africa (excluding high income),SSA,Population in urban agglomerations of more than 1 million (% of total population),EN.URB.MCTY.TL.ZS,2005,13.53064429,,
Sub-Saharan Africa (excluding high income),SSA,Population living in slums (% of urban population),EN.POP.SLUM.UR.ZS,2005,,,
Sub-Saharan Africa (excluding high income),SSA,Rural population (% of total population),SP.RUR.TOTL.ZS,2005,64.87555683,,
Sub-Saharan Africa (excluding high income),SSA,Urban population (% of total population),SP.URB.TOTL.IN.ZS,2005,35.12444317,,
Sub-Saharan Africa (excluding high income),SSA,Urban population growth (annual %),SP.URB.GROW,2005,4.206364584,,
Sub-Saharan Africa (IDA & IBRD countries),TSS,Population density (people per sq. km of land area),EN.POP.DNST,2005,36.42978254,,
Sub-Saharan Africa (IDA & IBRD countries),TSS,Population in urban agglomerations of more than 1 million (% of total population),EN.URB.MCTY.TL.ZS,2005,13.53064429,,
Sub-Saharan Africa (IDA & IBRD countries),TSS,Population living in slums (% of urban population),EN.POP.SLUM.UR.ZS,2005,,,
Sub-Saharan Africa (IDA & IBRD countries),TSS,Rural population (% of total population),SP.RUR.TOTL.ZS,2005,64.87473524,,
Sub-Saharan Africa (IDA & IBRD countries),TSS,Urban population (% of total population),SP.URB.TOTL.IN.ZS,2005,35.12526476,,
Sub-Saharan Africa (IDA & IBRD countries),TSS,Urban population growth (annual %),SP.URB.GROW,2005,4.205847297,,
Upper middle income,UMC,Population density (people per sq. km of land area),EN.POP.DNST,2005,60.2120858,,
Upper middle income,UMC,Population in urban agglomerations of more than 1 million (% of total population),EN.URB.MCTY.TL.ZS,2005,21.97301345,,
Upper middle income,UMC,Population living in slums (% of urban population),EN.POP.SLUM.UR.ZS,2005,,,
Upper middle income,UMC,Rural population (% of total population),SP.RUR.TOTL.ZS,2005,48.25768387,,
Upper middle income,UMC,Urban population (% of total population),SP.URB.TOTL.IN.ZS,2005,51.74231613,,
Upper middle income,UMC,Urban population growth (annual %),SP.URB.GROW,2005,2.662440156,,
World,WLD,Population density (people per sq. km of land area),EN.POP.DNST,2005,51.63255422,,
World,WLD,Population in urban agglomerations of more than 1 million (% of total population),EN.URB.MCTY.TL.ZS,2005,21.01830335,,
World,WLD,Population living in slums (% of urban population),EN.POP.SLUM.UR.ZS,2005,,,
World,WLD,Rural population (% of total population),SP.RUR.TOTL.ZS,2005,50.64128547,,
World,WLD,Urban population (% of total population),SP.URB.TOTL.IN.ZS,2005,49.35871453,,
World,WLD,Urban population growth (annual %),SP.URB.GROW,2005,2.274632874,,
Africa Eastern and Southern,AFE,Population density (people per sq. km of land area),EN.POP.DNST,2006,38.52863064,,
Africa Eastern and Southern,AFE,Population in urban agglomerations of more than 1 million (% of total population),EN.URB.MCTY.TL.ZS,2006,12.49687394,,
Africa Eastern and Southern,AFE,Population living in slums (% of urban population),EN.POP.SLUM.UR.ZS,2006,59.51960845,,
Africa Eastern and Southern,AFE,Rural population (% of total population),SP.RUR.TOTL.ZS,2006,69.01235045,,
Africa Eastern and Southern,AFE,Urban population (% of total population),SP.URB.TOTL.IN.ZS,2006,30.98764955,,
Africa Eastern and Southern,AFE,Urban population growth (annual %),SP.URB.GROW,2006,4.133826833,,
Africa Western and Central,AFW,Population density (people per sq. km of land area),EN.POP.DNST,2006,35.9529144,,
Africa Western and Central,AFW,Population in urban agglomerations of more than 1 million (% of total population),EN.URB.MCTY.TL.ZS,2006,15.31082206,,
Africa Western and Central,AFW,Population living in slums (% of urban population),EN.POP.SLUM.UR.ZS,2006,64.20094251,,
Africa Western and Central,AFW,Rural population (% of total population),SP.RUR.TOTL.ZS,2006,57.55106362,,
Africa Western and Central,AFW,Urban population (% of total population),SP.URB.TOTL.IN.ZS,2006,42.44893638,,
Africa Western and Central,AFW,Urban population growth (annual %),SP.URB.GROW,2006,4.259160477,,
Arab World,ARB,Population density (people per sq. km of land area),EN.POP.DNST,2006,29.41852789,,
Arab World,ARB,Population in urban agglomerations of more than 1 million (% of total population),EN.URB.MCTY.TL.ZS,2006,22.07959755,,
Arab World,ARB,Population living in slums (% of urban population),EN.POP.SLUM.UR.ZS,2006,36.41576566,,
Arab World,ARB,Rural population (% of total population),SP.RUR.TOTL.ZS,2006,45.68839764,,
Arab World,ARB,Urban population (% of total population),SP.URB.TOTL.IN.ZS,2006,54.31160236,,
Arab World,ARB,Urban population growth (annual %),SP.URB.GROW,2006,3.02720991,,
Caribbean small states,CSS,Population density (people per sq. km of land area),EN.POP.DNST,2006,10.21994185,,
Caribbean small states,CSS,Population in urban agglomerations of more than 1 million (% of total population),EN.URB.MCTY.TL.ZS,2006,,,
Caribbean small states,CSS,Population living in slums (% of urban population),EN.POP.SLUM.UR.ZS,2006,12.47145537,,
Caribbean small states,CSS,Rural population (% of total population),SP.RUR.TOTL.ZS,2006,49.22981426,,
Caribbean small states,CSS,Urban population (% of total population),SP.URB.TOTL.IN.ZS,2006,50.77018574,,
Caribbean small states,CSS,Urban population growth (annual %),SP.URB.GROW,2006,0.225368437,,
Central Europe and the Baltics,CEB,Population density (people per sq. km of land area),EN.POP.DNST,2006,95.86997537,,
Central Europe and the Baltics,CEB,Population in urban agglomerations of more than 1 million (% of total population),EN.URB.MCTY.TL.ZS,2006,,,
Central Europe and the Baltics,CEB,Population living in slums (% of urban population),EN.POP.SLUM.UR.ZS,2006,2.464885728,,
Central Europe and the Baltics,CEB,Rural population (% of total population),SP.RUR.TOTL.ZS,2006,38.24017038,,
Central Europe and the Baltics,CEB,Urban population (% of total population),SP.URB.TOTL.IN.ZS,2006,61.75982962,,
Central Europe and the Baltics,CEB,Urban population growth (annual %),SP.URB.GROW,2006,-0.106314845,,
Early-demographic dividend,EAR,Population density (people per sq. km of land area),EN.POP.DNST,2006,83.57967727,,
Early-demographic dividend,EAR,Population in urban agglomerations of more than 1 million (% of total population),EN.URB.MCTY.TL.ZS,2006,16.67617606,,
Early-demographic dividend,EAR,Population living in slums (% of urban population),EN.POP.SLUM.UR.ZS,2006,,,
Early-demographic dividend,EAR,Rural population (% of total population),SP.RUR.TOTL.ZS,2006,59.54032391,,
Early-demographic dividend,EAR,Urban population (% of total population),SP.URB.TOTL.IN.ZS,2006,40.45967609,,
Early-demographic dividend,EAR,Urban population growth (annual %),SP.URB.GROW,2006,2.681184617,,
East Asia & Pacific,EAS,Population density (people per sq. km of land area),EN.POP.DNST,2006,87.9299462,,
East Asia & Pacific,EAS,Population in urban agglomerations of more than 1 million (% of total population),EN.URB.MCTY.TL.ZS,2006,,,
East Asia & Pacific,EAS,Population living in slums (% of urban population),EN.POP.SLUM.UR.ZS,2006,,,
East Asia & Pacific,EAS,Rural population (% of total population),SP.RUR.TOTL.ZS,2006,51.88214818,,
East Asia & Pacific,EAS,Urban population (% of total population),SP.URB.TOTL.IN.ZS,2006,48.11785182,,
East Asia & Pacific,EAS,Urban population growth (annual %),SP.URB.GROW,2006,3.015845105,,
East Asia & Pacific (excluding high income),EAP,Population density (people per sq. km of land area),EN.POP.DNST,2006,119.7280653,,
East Asia & Pacific (excluding high income),EAP,Population in urban agglomerations of more than 1 million (% of total population),EN.URB.MCTY.TL.ZS,2006,,,
East Asia & Pacific (excluding high income),EAP,Population living in slums (% of urban population),EN.POP.SLUM.UR.ZS,2006,,,
East Asia & Pacific (excluding high income),EAP,Rural population (% of total population),SP.RUR.TOTL.ZS,2006,56.52302694,,
East Asia & Pacific (excluding high income),EAP,Urban population (% of total population),SP.URB.TOTL.IN.ZS,2006,43.47697306,,
East Asia & Pacific (excluding high income),EAP,Urban population growth (annual %),SP.URB.GROW,2006,3.44524665,,
East Asia & Pacific (IDA & IBRD countries),TEA,Population density (people per sq. km of land area),EN.POP.DNST,2006,119.0892343,,
East Asia & Pacific (IDA & IBRD countries),TEA,Population in urban agglomerations of more than 1 million (% of total population),EN.URB.MCTY.TL.ZS,2006,,,
East Asia & Pacific (IDA & IBRD countries),TEA,Population living in slums (% of urban population),EN.POP.SLUM.UR.ZS,2006,,,
East Asia & Pacific (IDA & IBRD countries),TEA,Rural population (% of total population),SP.RUR.TOTL.ZS,2006,56.73466733,,
East Asia & Pacific (IDA & IBRD countries),TEA,Urban population (% of total population),SP.URB.TOTL.IN.ZS,2006,43.26533267,,
East Asia & Pacific (IDA & IBRD countries),TEA,Urban population growth (annual %),SP.URB.GROW,2006,3.495789577,,
Euro area,EMU,Population density (people per sq. km of land area),EN.POP.DNST,2006,121.0395582,,
Euro area,EMU,Population in urban agglomerations of more than 1 million (% of total population),EN.URB.MCTY.TL.ZS,2006,18.47841704,,
Euro area,EMU,Population living in slums (% of urban population),EN.POP.SLUM.UR.ZS,2006,0.275034364,,
Euro area,EMU,Rural population (% of total population),SP.RUR.TOTL.ZS,2006,25.40673915,,
Euro area,EMU,Urban population (% of total population),SP.URB.TOTL.IN.ZS,2006,74.59326085,,
Euro area,EMU,Urban population growth (annual %),SP.URB.GROW,2006,0.66277994,,
Europe & Central Asia,ECS,Population density (people per sq. km of land area),EN.POP.DNST,2006,32.01442282,,
Europe & Central Asia,ECS,Population in urban agglomerations of more than 1 million (% of total population),EN.URB.MCTY.TL.ZS,2006,18.84439385,,
Europe & Central Asia,ECS,Population living in slums (% of urban population),EN.POP.SLUM.UR.ZS,2006,4.217598396,,
Europe & Central Asia,ECS,Rural population (% of total population),SP.RUR.TOTL.ZS,2006,30.2338684,,
Europe & Central Asia,ECS,Urban population (% of total population),SP.URB.TOTL.IN.ZS,2006,69.7661316,,
Europe & Central Asia,ECS,Urban population growth (annual %),SP.URB.GROW,2006,0.584623849,,
Europe & Central Asia (excluding high income),ECA,Population density (people per sq. km of land area),EN.POP.DNST,2006,37.98818379,,
Europe & Central Asia (excluding high income),ECA,Population in urban agglomerations of more than 1 million (% of total population),EN.URB.MCTY.TL.ZS,2006,20.24553164,,
Europe & Central Asia (excluding high income),ECA,Population living in slums (% of urban population),EN.POP.SLUM.UR.ZS,2006,14.89433651,,
Europe & Central Asia (excluding high income),ECA,Rural population (% of total population),SP.RUR.TOTL.ZS,2006,41.07797583,,
Europe & Central Asia (excluding high income),ECA,Urban population (% of total population),SP.URB.TOTL.IN.ZS,2006,58.92202417,,
Europe & Central Asia (excluding high income),ECA,Urban population growth (annual %),SP.URB.GROW,2006,1.155746791,,
Europe & Central Asia (IDA & IBRD countries),TEC,Population density (people per sq. km of land area),EN.POP.DNST,2006,19.08599305,,
Europe & Central Asia (IDA & IBRD countries),TEC,Population in urban agglomerations of more than 1 million (% of total population),EN.URB.MCTY.TL.ZS,2006,18.38840747,,
Europe & Central Asia (IDA & IBRD countries),TEC,Population living in slums (% of urban population),EN.POP.SLUM.UR.ZS,2006,8.330403893,,
Europe & Central Asia (IDA & IBRD countries),TEC,Rural population (% of total population),SP.RUR.TOTL.ZS,2006,36.29782864,,
Europe & Central Asia (IDA & IBRD countries),TEC,Urban population (% of total population),SP.URB.TOTL.IN.ZS,2006,63.70217136,,
Europe & Central Asia (IDA & IBRD countries),TEC,Urban population growth (annual %),SP.URB.GROW,2006,0.427037307,,
European Union,EUU,Population density (people per sq. km of land area),EN.POP.DNST,2006,109.7242302,,
European Union,EUU,Population in urban agglomerations of more than 1 million (% of total population),EN.URB.MCTY.TL.ZS,2006,16.45221085,,
European Union,EUU,Population living in slums (% of urban population),EN.POP.SLUM.UR.ZS,2006,0.745118854,,
European Union,EUU,Rural population (% of total population),SP.RUR.TOTL.ZS,2006,27.43850793,,
European Union,EUU,Urban population (% of total population),SP.URB.TOTL.IN.ZS,2006,72.56149207,,
European Union,EUU,Urban population growth (annual %),SP.URB.GROW,2006,0.560299506,,
Heavily indebted poor countries (HIPC),HPC,Population density (people per sq. km of land area),EN.POP.DNST,2006,32.5812983,,
Heavily indebted poor countries (HIPC),HPC,Population in urban agglomerations of more than 1 million (% of total population),EN.URB.MCTY.TL.ZS,2006,12.4729534,,
Heavily indebted poor countries (HIPC),HPC,Population living in slums (% of urban population),EN.POP.SLUM.UR.ZS,2006,68.54604529,,
Heavily indebted poor countries (HIPC),HPC,Rural population (% of total population),SP.RUR.TOTL.ZS,2006,69.77912435,,
Heavily indebted poor countries (HIPC),HPC,Urban population (% of total population),SP.URB.TOTL.IN.ZS,2006,30.22087565,,
Heavily indebted poor countries (HIPC),HPC,Urban population growth (annual %),SP.URB.GROW,2006,4.020583439,,
High income,HIC,Population density (people per sq. km of land area),EN.POP.DNST,2006,24.95277323,,
High income,HIC,Population in urban agglomerations of more than 1 million (% of total population),EN.URB.MCTY.TL.ZS,2006,,,
High income,HIC,Population living in slums (% of urban population),EN.POP.SLUM.UR.ZS,2006,1.774140681,,
High income,HIC,Rural population (% of total population),SP.RUR.TOTL.ZS,2006,22.00933419,,
High income,HIC,Urban population (% of total population),SP.URB.TOTL.IN.ZS,2006,77.99066581,,
High income,HIC,Urban population growth (annual %),SP.URB.GROW,2006,0.960901951,,
IBRD only,IBD,Population density (people per sq. km of land area),EN.POP.DNST,2006,60.1670472,,
IBRD only,IBD,Population in urban agglomerations of more than 1 million (% of total population),EN.URB.MCTY.TL.ZS,2006,19.69519007,,
IBRD only,IBD,Population living in slums (% of urban population),EN.POP.SLUM.UR.ZS,2006,,,
IBRD only,IBD,Rural population (% of total population),SP.RUR.TOTL.ZS,2006,52.4230253,,
IBRD only,IBD,Urban population (% of total population),SP.URB.TOTL.IN.ZS,2006,47.5769747,,
IBRD only,IBD,Urban population growth (annual %),SP.URB.GROW,2006,2.458261716,,
IDA & IBRD total,IBT,Population density (people per sq. km of land area),EN.POP.DNST,2006,59.50418939,,
IDA & IBRD total,IBT,Population in urban agglomerations of more than 1 million (% of total population),EN.URB.MCTY.TL.ZS,2006,18.12988175,,
IDA & IBRD total,IBT,Population living in slums (% of urban population),EN.POP.SLUM.UR.ZS,2006,,,
IDA & IBRD total,IBT,Rural population (% of total population),SP.RUR.TOTL.ZS,2006,55.91441609,,
IDA & IBRD total,IBT,Urban population (% of total population),SP.URB.TOTL.IN.ZS,2006,44.08558391,,
IDA & IBRD total,IBT,Urban population growth (annual %),SP.URB.GROW,2006,2.716875644,,
IDA blend,IDB,Population density (people per sq. km of land area),EN.POP.DNST,2006,93.58163718,,
IDA blend,IDB,Population in urban agglomerations of more than 1 million (% of total population),EN.URB.MCTY.TL.ZS,2006,,,
IDA blend,IDB,Population living in slums (% of urban population),EN.POP.SLUM.UR.ZS,2006,60.73278584,,
IDA blend,IDB,Rural population (% of total population),SP.RUR.TOTL.ZS,2006,59.61117498,,
IDA blend,IDB,Urban population (% of total population),SP.URB.TOTL.IN.ZS,2006,40.38882502,,
IDA blend,IDB,Urban population growth (annual %),SP.URB.GROW,2006,3.86843959,,
IDA only,IDX,Population density (people per sq. km of land area),EN.POP.DNST,2006,47.54974269,,
IDA only,IDX,Population in urban agglomerations of more than 1 million (% of total population),EN.URB.MCTY.TL.ZS,2006,11.21732968,,
IDA only,IDX,Population living in slums (% of urban population),EN.POP.SLUM.UR.ZS,2006,62.78839029,,
IDA only,IDX,Rural population (% of total population),SP.RUR.TOTL.ZS,2006,71.40355415,,
IDA only,IDX,Urban population (% of total population),SP.URB.TOTL.IN.ZS,2006,28.59644585,,
IDA only,IDX,Urban population growth (annual %),SP.URB.GROW,2006,4.010843621,,
IDA total,IDA,Population density (people per sq. km of land area),EN.POP.DNST,2006,57.44509843,,
IDA total,IDA,Population in urban agglomerations of more than 1 million (% of total population),EN.URB.MCTY.TL.ZS,2006,12.69053575,,
IDA total,IDA,Population living in slums (% of urban population),EN.POP.SLUM.UR.ZS,2006,61.89381094,,
IDA total,IDA,Rural population (% of total population),SP.RUR.TOTL.ZS,2006,67.27391924,,
IDA total,IDA,Urban population (% of total population),SP.URB.TOTL.IN.ZS,2006,32.72608076,,
IDA total,IDA,Urban population growth (annual %),SP.URB.GROW,2006,3.949272751,,
Late-demographic dividend,LTE,Population density (people per sq. km of land area),EN.POP.DNST,2006,47.75064183,,
Late-demographic dividend,LTE,Population in urban agglomerations of more than 1 million (% of total population),EN.URB.MCTY.TL.ZS,2006,22.07002183,,
Late-demographic dividend,LTE,Population living in slums (% of urban population),EN.POP.SLUM.UR.ZS,2006,,,
Late-demographic dividend,LTE,Rural population (% of total population),SP.RUR.TOTL.ZS,2006,48.36426445,,
Late-demographic dividend,LTE,Urban population (% of total population),SP.URB.TOTL.IN.ZS,2006,51.63573555,,
Late-demographic dividend,LTE,Urban population growth (annual %),SP.URB.GROW,2006,2.548548106,,
Latin America & Caribbean,LCN,Population density (people per sq. km of land area),EN.POP.DNST,2006,28.02349675,,
Latin America & Caribbean,LCN,Population in urban agglomerations of more than 1 million (% of total population),EN.URB.MCTY.TL.ZS,2006,36.35360702,,
Latin America & Caribbean,LCN,Population living in slums (% of urban population),EN.POP.SLUM.UR.ZS,2006,26.23619657,,
Latin America & Caribbean,LCN,Rural population (% of total population),SP.RUR.TOTL.ZS,2006,22.49570586,,
Latin America & Caribbean,LCN,Urban population (% of total population),SP.URB.TOTL.IN.ZS,2006,77.50429414,,
Latin America & Caribbean,LCN,Urban population growth (annual %),SP.URB.GROW,2006,1.494285455,,
Latin America & Caribbean (excluding high income),LAC,Population density (people per sq. km of land area),EN.POP.DNST,2006,28.07205583,,
Latin America & Caribbean (excluding high income),LAC,Population in urban agglomerations of more than 1 million (% of total population),EN.URB.MCTY.TL.ZS,2006,36.10150828,,
Latin America & Caribbean (excluding high income),LAC,Population living in slums (% of urban population),EN.POP.SLUM.UR.ZS,2006,27.05252932,,
Latin America & Caribbean (excluding high income),LAC,Rural population (% of total population),SP.RUR.TOTL.ZS,2006,22.68657311,,
Latin America & Caribbean (excluding high income),LAC,Urban population (% of total population),SP.URB.TOTL.IN.ZS,2006,77.31342689,,
Latin America & Caribbean (excluding high income),LAC,Urban population growth (annual %),SP.URB.GROW,2006,1.523751506,,
Latin America & the Caribbean (IDA & IBRD countries),TLA,Population density (people per sq. km of land area),EN.POP.DNST,2006,27.40186287,,
Latin America & the Caribbean (IDA & IBRD countries),TLA,Population in urban agglomerations of more than 1 million (% of total population),EN.URB.MCTY.TL.ZS,2006,36.50572551,,
Latin America & the Caribbean (IDA & IBRD countries),TLA,Population living in slums (% of urban population),EN.POP.SLUM.UR.ZS,2006,26.71333256,,
Latin America & the Caribbean (IDA & IBRD countries),TLA,Rural population (% of total population),SP.RUR.TOTL.ZS,2006,22.59287077,,
Latin America & the Caribbean (IDA & IBRD countries),TLA,Urban population (% of total population),SP.URB.TOTL.IN.ZS,2006,77.40712923,,
Latin America & the Caribbean (IDA & IBRD countries),TLA,Urban population growth (annual %),SP.URB.GROW,2006,1.535775349,,
Least developed countries: UN classification,LDC,Population density (people per sq. km of land area),EN.POP.DNST,2006,43.60780109,,
Least developed countries: UN classification,LDC,Population in urban agglomerations of more than 1 million (% of total population),EN.URB.MCTY.TL.ZS,2006,10.76947819,,
Least developed countries: UN classification,LDC,Population living in slums (% of urban population),EN.POP.SLUM.UR.ZS,2006,63.81779753,,
Least developed countries: UN classification,LDC,Rural population (% of total population),SP.RUR.TOTL.ZS,2006,72.00160522,,
Least developed countries: UN classification,LDC,Urban population (% of total population),SP.URB.TOTL.IN.ZS,2006,27.99839478,,
Least developed countries: UN classification,LDC,Urban population growth (annual %),SP.URB.GROW,2006,4.165165591,,
Low & middle income,LMY,Population density (people per sq. km of land area),EN.POP.DNST,2006,71.0509634,,
Low & middle income,LMY,Population in urban agglomerations of more than 1 million (% of total population),EN.URB.MCTY.TL.ZS,2006,18.05933921,,
Low & middle income,LMY,Population living in slums (% of urban population),EN.POP.SLUM.UR.ZS,2006,,,
Low & middle income,LMY,Rural population (% of total population),SP.RUR.TOTL.ZS,2006,56.92783679,,
Low & middle income,LMY,Urban population (% of total population),SP.URB.TOTL.IN.ZS,2006,43.07216321,,
Low & middle income,LMY,Urban population growth (annual %),SP.URB.GROW,2006,2.901268245,,
Low income,LIC,Population density (people per sq. km of land area),EN.POP.DNST,2006,37.54989138,,
Low income,LIC,Population in urban agglomerations of more than 1 million (% of total population),EN.URB.MCTY.TL.ZS,2006,10.88785468,,
Low income,LIC,Population living in slums (% of urban population),EN.POP.SLUM.UR.ZS,2006,71.65442767,,
Low income,LIC,Rural population (% of total population),SP.RUR.TOTL.ZS,2006,72.09992239,,
Low income,LIC,Urban population (% of total population),SP.URB.TOTL.IN.ZS,2006,27.90007761,,
Low income,LIC,Urban population growth (annual %),SP.URB.GROW,2006,3.85673909,,
Lower middle income,LMC,Population density (people per sq. km of land area),EN.POP.DNST,2006,117.2972938,,
Lower middle income,LMC,Population in urban agglomerations of more than 1 million (% of total population),EN.URB.MCTY.TL.ZS,2006,14.24590019,,
Lower middle income,LMC,Population living in slums (% of urban population),EN.POP.SLUM.UR.ZS,2006,,,
Lower middle income,LMC,Rural population (% of total population),SP.RUR.TOTL.ZS,2006,65.48824697,,
Lower middle income,LMC,Urban population (% of total population),SP.URB.TOTL.IN.ZS,2006,34.51175303,,
Lower middle income,LMC,Urban population growth (annual %),SP.URB.GROW,2006,3.128232039,,
"Middle East, North Africa, Afghanistan & Pakistan",MEA,Population density (people per sq. km of land area),EN.POP.DNST,2006,45.05397154,,
"Middle East, North Africa, Afghanistan & Pakistan",MEA,Population in urban agglomerations of more than 1 million (% of total population),EN.URB.MCTY.TL.ZS,2006,21.24373341,,
"Middle East, North Africa, Afghanistan & Pakistan",MEA,Population living in slums (% of urban population),EN.POP.SLUM.UR.ZS,2006,44.55634951,,
"Middle East, North Africa, Afghanistan & Pakistan",MEA,Rural population (% of total population),SP.RUR.TOTL.ZS,2006,49.62040231,,
"Middle East, North Africa, Afghanistan & Pakistan",MEA,Urban population (% of total population),SP.URB.TOTL.IN.ZS,2006,50.37959769,,
"Middle East, North Africa, Afghanistan & Pakistan",MEA,Urban population growth (annual %),SP.URB.GROW,2006,2.979125955,,
"Middle East, North Africa, Afghanistan & Pakistan (excluding high income)",MNA,Population density (people per sq. km of land area),EN.POP.DNST,2006,52.56419196,,
"Middle East, North Africa, Afghanistan & Pakistan (excluding high income)",MNA,Population in urban agglomerations of more than 1 million (% of total population),EN.URB.MCTY.TL.ZS,2006,19.03463073,,
"Middle East, North Africa, Afghanistan & Pakistan (excluding high income)",MNA,Population living in slums (% of urban population),EN.POP.SLUM.UR.ZS,2006,46.08473971,,
"Middle East, North Africa, Afghanistan & Pakistan (excluding high income)",MNA,Rural population (% of total population),SP.RUR.TOTL.ZS,2006,52.24873399,,
"Middle East, North Africa, Afghanistan & Pakistan (excluding high income)",MNA,Urban population (% of total population),SP.URB.TOTL.IN.ZS,2006,47.75126601,,
"Middle East, North Africa, Afghanistan & Pakistan (excluding high income)",MNA,Urban population growth (annual %),SP.URB.GROW,2006,2.738332451,,
"Middle East, North Africa, Afghanistan & Pakistan (IDA & IBRD)",TMN,Population density (people per sq. km of land area),EN.POP.DNST,2006,52.25707195,,
"Middle East, North Africa, Afghanistan & Pakistan (IDA & IBRD)",TMN,Population in urban agglomerations of more than 1 million (% of total population),EN.URB.MCTY.TL.ZS,2006,19.03463073,,
"Middle East, North Africa, Afghanistan & Pakistan (IDA & IBRD)",TMN,Population living in slums (% of urban population),EN.POP.SLUM.UR.ZS,2006,46.27827554,,
"Middle East, North Africa, Afghanistan & Pakistan (IDA & IBRD)",TMN,Rural population (% of total population),SP.RUR.TOTL.ZS,2006,52.46908331,,
"Middle East, North Africa, Afghanistan & Pakistan (IDA & IBRD)",TMN,Urban population (% of total population),SP.URB.TOTL.IN.ZS,2006,47.53091669,,
"Middle East, North Africa, Afghanistan & Pakistan (IDA & IBRD)",TMN,Urban population growth (annual %),SP.URB.GROW,2006,2.723388334,,
Middle income,MIC,Population density (people per sq. km of land area),EN.POP.DNST,2006,77.50386884,,
Middle income,MIC,Population in urban agglomerations of more than 1 million (% of total population),EN.URB.MCTY.TL.ZS,2006,18.70333921,,
Middle income,MIC,Population living in slums (% of urban population),EN.POP.SLUM.UR.ZS,2006,,,
Middle income,MIC,Rural population (% of total population),SP.RUR.TOTL.ZS,2006,55.51195439,,
Middle income,MIC,Urban population (% of total population),SP.URB.TOTL.IN.ZS,2006,44.48804561,,
Middle income,MIC,Urban population growth (annual %),SP.URB.GROW,2006,2.845630762,,
North America,NAC,Population density (people per sq. km of land area),EN.POP.DNST,2006,18.26025488,,
North America,NAC,Population in urban agglomerations of more than 1 million (% of total population),EN.URB.MCTY.TL.ZS,2006,44.08371956,,
North America,NAC,Population living in slums (% of urban population),EN.POP.SLUM.UR.ZS,2006,0.20979894,,
North America,NAC,Rural population (% of total population),SP.RUR.TOTL.ZS,2006,19.63994759,,
North America,NAC,Urban population (% of total population),SP.URB.TOTL.IN.ZS,2006,80.36005241,,
North America,NAC,Urban population growth (annual %),SP.URB.GROW,2006,1.195388051,,
Not classified,INX,Population in urban agglomerations of more than 1 million (% of total population),EN.URB.MCTY.TL.ZS,2006,,,
Not classified,INX,Population living in slums (% of urban population),EN.POP.SLUM.UR.ZS,2006,,,
OECD members,OED,Population density (people per sq. km of land area),EN.POP.DNST,2006,35.37141683,,
OECD members,OED,Population in urban agglomerations of more than 1 million (% of total population),EN.URB.MCTY.TL.ZS,2006,35.40234083,,
OECD members,OED,Population living in slums (% of urban population),EN.POP.SLUM.UR.ZS,2006,5.541285462,,
OECD members,OED,Rural population (% of total population),SP.RUR.TOTL.ZS,2006,22.21115302,,
OECD members,OED,Urban population (% of total population),SP.URB.TOTL.IN.ZS,2006,77.78884698,,
OECD members,OED,Urban population growth (annual %),SP.URB.GROW,2006,1.106669611,,
Other small states,OSS,Population density (people per sq. km of land area),EN.POP.DNST,2006,38.69276027,,
Other small states,OSS,Population in urban agglomerations of more than 1 million (% of total population),EN.URB.MCTY.TL.ZS,2006,,,
Other small states,OSS,Population living in slums (% of urban population),EN.POP.SLUM.UR.ZS,2006,31.83230798,,
Other small states,OSS,Rural population (% of total population),SP.RUR.TOTL.ZS,2006,48.02047673,,
Other small states,OSS,Urban population (% of total population),SP.URB.TOTL.IN.ZS,2006,51.97952327,,
Other small states,OSS,Urban population growth (annual %),SP.URB.GROW,2006,1.409515841,,
Pacific island small states,PSS,Population density (people per sq. km of land area),EN.POP.DNST,2006,34.17858255,,
Pacific island small states,PSS,Population in urban agglomerations of more than 1 million (% of total population),EN.URB.MCTY.TL.ZS,2006,,,
Pacific island small states,PSS,Population living in slums (% of urban population),EN.POP.SLUM.UR.ZS,2006,11.11468881,,
Pacific island small states,PSS,Rural population (% of total population),SP.RUR.TOTL.ZS,2006,64.17130575,,
Pacific island small states,PSS,Urban population (% of total population),SP.URB.TOTL.IN.ZS,2006,35.82869425,,
Pacific island small states,PSS,Urban population growth (annual %),SP.URB.GROW,2006,1.816632029,,
Post-demographic dividend,PST,Population density (people per sq. km of land area),EN.POP.DNST,2006,33.59315178,,
Post-demographic dividend,PST,Population in urban agglomerations of more than 1 million (% of total population),EN.URB.MCTY.TL.ZS,2006,35.14627632,,
Post-demographic dividend,PST,Population living in slums (% of urban population),EN.POP.SLUM.UR.ZS,2006,1.26847364,,
Post-demographic dividend,PST,Rural population (% of total population),SP.RUR.TOTL.ZS,2006,21.02551288,,
Post-demographic dividend,PST,Urban population (% of total population),SP.URB.TOTL.IN.ZS,2006,78.97448712,,
Post-demographic dividend,PST,Urban population growth (annual %),SP.URB.GROW,2006,0.940094706,,
Pre-demographic dividend,PRE,Population density (people per sq. km of land area),EN.POP.DNST,2006,37.60534338,,
Pre-demographic dividend,PRE,Population in urban agglomerations of more than 1 million (% of total population),EN.URB.MCTY.TL.ZS,2006,14.17957343,,
Pre-demographic dividend,PRE,Population living in slums (% of urban population),EN.POP.SLUM.UR.ZS,2006,64.47822694,,
Pre-demographic dividend,PRE,Rural population (% of total population),SP.RUR.TOTL.ZS,2006,63.3423736,,
Pre-demographic dividend,PRE,Urban population (% of total population),SP.URB.TOTL.IN.ZS,2006,36.6576264,,
Pre-demographic dividend,PRE,Urban population growth (annual %),SP.URB.GROW,2006,4.30194203,,
Small states,SST,Population density (people per sq. km of land area),EN.POP.DNST,2006,22.89695748,,
Small states,SST,Population in urban agglomerations of more than 1 million (% of total population),EN.URB.MCTY.TL.ZS,2006,,,
Small states,SST,Population living in slums (% of urban population),EN.POP.SLUM.UR.ZS,2006,26.14092654,,
Small states,SST,Rural population (% of total population),SP.RUR.TOTL.ZS,2006,50.41337679,,
Small states,SST,Urban population (% of total population),SP.URB.TOTL.IN.ZS,2006,49.58662321,,
Small states,SST,Urban population growth (annual %),SP.URB.GROW,2006,1.153552213,,
South Asia,SAS,Population density (people per sq. km of land area),EN.POP.DNST,2006,408.3793055,,
South Asia,SAS,Population in urban agglomerations of more than 1 million (% of total population),EN.URB.MCTY.TL.ZS,2006,12.6388167,,
South Asia,SAS,Population living in slums (% of urban population),EN.POP.SLUM.UR.ZS,2006,,,
South Asia,SAS,Rural population (% of total population),SP.RUR.TOTL.ZS,2006,70.75727027,,
South Asia,SAS,Urban population (% of total population),SP.URB.TOTL.IN.ZS,2006,29.24272973,,
South Asia,SAS,Urban population growth (annual %),SP.URB.GROW,2006,2.95410424,,
South Asia (IDA & IBRD),TSA,Population density (people per sq. km of land area),EN.POP.DNST,2006,408.3793055,,
South Asia (IDA & IBRD),TSA,Population in urban agglomerations of more than 1 million (% of total population),EN.URB.MCTY.TL.ZS,2006,12.6388167,,
South Asia (IDA & IBRD),TSA,Population living in slums (% of urban population),EN.POP.SLUM.UR.ZS,2006,,,
South Asia (IDA & IBRD),TSA,Rural population (% of total population),SP.RUR.TOTL.ZS,2006,70.75727027,,
South Asia (IDA & IBRD),TSA,Urban population (% of total population),SP.URB.TOTL.IN.ZS,2006,29.24272973,,
South Asia (IDA & IBRD),TSA,Urban population growth (annual %),SP.URB.GROW,2006,2.95410424,,
Sub-Saharan Africa,SSF,Population density (people per sq. km of land area),EN.POP.DNST,2006,37.4393668,,
Sub-Saharan Africa,SSF,Population in urban agglomerations of more than 1 million (% of total population),EN.URB.MCTY.TL.ZS,2006,13.6388289,,
Sub-Saharan Africa,SSF,Population living in slums (% of urban population),EN.POP.SLUM.UR.ZS,2006,61.779154,,
Sub-Saharan Africa,SSF,Rural population (% of total population),SP.RUR.TOTL.ZS,2006,64.3578395,,
Sub-Saharan Africa,SSF,Urban population (% of total population),SP.URB.TOTL.IN.ZS,2006,35.6421605,,
Sub-Saharan Africa,SSF,Urban population growth (annual %),SP.URB.GROW,2006,4.194426549,,
Sub-Saharan Africa (excluding high income),SSA,Population density (people per sq. km of land area),EN.POP.DNST,2006,37.43621676,,
Sub-Saharan Africa (excluding high income),SSA,Population in urban agglomerations of more than 1 million (% of total population),EN.URB.MCTY.TL.ZS,2006,13.6388289,,
Sub-Saharan Africa (excluding high income),SSA,Population living in slums (% of urban population),EN.POP.SLUM.UR.ZS,2006,61.77812275,,
Sub-Saharan Africa (excluding high income),SSA,Rural population (% of total population),SP.RUR.TOTL.ZS,2006,64.35859447,,
Sub-Saharan Africa (excluding high income),SSA,Urban population (% of total population),SP.URB.TOTL.IN.ZS,2006,35.64140553,,
Sub-Saharan Africa (excluding high income),SSA,Urban population growth (annual %),SP.URB.GROW,2006,4.194716654,,
Sub-Saharan Africa (IDA & IBRD countries),TSS,Population density (people per sq. km of land area),EN.POP.DNST,2006,37.4393668,,
Sub-Saharan Africa (IDA & IBRD countries),TSS,Population in urban agglomerations of more than 1 million (% of total population),EN.URB.MCTY.TL.ZS,2006,13.6388289,,
Sub-Saharan Africa (IDA & IBRD countries),TSS,Population living in slums (% of urban population),EN.POP.SLUM.UR.ZS,2006,61.779154,,
Sub-Saharan Africa (IDA & IBRD countries),TSS,Rural population (% of total population),SP.RUR.TOTL.ZS,2006,64.3578395,,
Sub-Saharan Africa (IDA & IBRD countries),TSS,Urban population (% of total population),SP.URB.TOTL.IN.ZS,2006,35.6421605,,
Sub-Saharan Africa (IDA & IBRD countries),TSS,Urban population growth (annual %),SP.URB.GROW,2006,4.194426549,,
Upper middle income,UMC,Population density (people per sq. km of land area),EN.POP.DNST,2006,60.60200016,,
Upper middle income,UMC,Population in urban agglomerations of more than 1 million (% of total population),EN.URB.MCTY.TL.ZS,2006,22.36143445,,
Upper middle income,UMC,Population living in slums (% of urban population),EN.POP.SLUM.UR.ZS,2006,,,
Upper middle income,UMC,Rural population (% of total population),SP.RUR.TOTL.ZS,2006,47.31044823,,
Upper middle income,UMC,Urban population (% of total population),SP.URB.TOTL.IN.ZS,2006,52.68955177,,
Upper middle income,UMC,Urban population growth (annual %),SP.URB.GROW,2006,2.693786708,,
World,WLD,Population density (people per sq. km of land area),EN.POP.DNST,2006,52.25219925,,
World,WLD,Population in urban agglomerations of more than 1 million (% of total population),EN.URB.MCTY.TL.ZS,2006,21.20619394,,
World,WLD,Population living in slums (% of urban population),EN.POP.SLUM.UR.ZS,2006,,,
World,WLD,Rural population (% of total population),SP.RUR.TOTL.ZS,2006,50.12773707,,
World,WLD,Urban population (% of total population),SP.URB.TOTL.IN.ZS,2006,49.87226293,,
World,WLD,Urban population growth (annual %),SP.URB.GROW,2006,2.306353506,,
Africa Eastern and Southern,AFE,Population density (people per sq. km of land area),EN.POP.DNST,2007,39.57953907,,
Africa Eastern and Southern,AFE,Population in urban agglomerations of more than 1 million (% of total population),EN.URB.MCTY.TL.ZS,2007,12.52492279,,
Africa Eastern and Southern,AFE,Population living in slums (% of urban population),EN.POP.SLUM.UR.ZS,2007,,,
Africa Eastern and Southern,AFE,Rural population (% of total population),SP.RUR.TOTL.ZS,2007,68.63702261,,
Africa Eastern and Southern,AFE,Urban population (% of total population),SP.URB.TOTL.IN.ZS,2007,31.36297739,,
Africa Eastern and Southern,AFE,Urban population growth (annual %),SP.URB.GROW,2007,3.89538791,,
Africa Western and Central,AFW,Population density (people per sq. km of land area),EN.POP.DNST,2007,36.98346356,,
Africa Western and Central,AFW,Population in urban agglomerations of more than 1 million (% of total population),EN.URB.MCTY.TL.ZS,2007,15.3755783,,
Africa Western and Central,AFW,Population living in slums (% of urban population),EN.POP.SLUM.UR.ZS,2007,,,
Africa Western and Central,AFW,Rural population (% of total population),SP.RUR.TOTL.ZS,2007,56.97878115,,
Africa Western and Central,AFW,Urban population (% of total population),SP.URB.TOTL.IN.ZS,2007,43.02121885,,
Africa Western and Central,AFW,Urban population growth (annual %),SP.URB.GROW,2007,4.165231499,,
Arab World,ARB,Population density (people per sq. km of land area),EN.POP.DNST,2007,30.16804543,,
Arab World,ARB,Population in urban agglomerations of more than 1 million (% of total population),EN.URB.MCTY.TL.ZS,2007,21.95753099,,
Arab World,ARB,Population living in slums (% of urban population),EN.POP.SLUM.UR.ZS,2007,,,
Arab World,ARB,Rural population (% of total population),SP.RUR.TOTL.ZS,2007,45.3445426,,
Arab World,ARB,Urban population (% of total population),SP.URB.TOTL.IN.ZS,2007,54.6554574,,
Arab World,ARB,Urban population growth (annual %),SP.URB.GROW,2007,3.147157885,,
Caribbean small states,CSS,Population density (people per sq. km of land area),EN.POP.DNST,2007,10.28499631,,
Caribbean small states,CSS,Population in urban agglomerations of more than 1 million (% of total population),EN.URB.MCTY.TL.ZS,2007,,,
Caribbean small states,CSS,Population living in slums (% of urban population),EN.POP.SLUM.UR.ZS,2007,,,
Caribbean small states,CSS,Rural population (% of total population),SP.RUR.TOTL.ZS,2007,49.40827811,,
Caribbean small states,CSS,Urban population (% of total population),SP.URB.TOTL.IN.ZS,2007,50.59172189,,
Caribbean small states,CSS,Urban population growth (annual %),SP.URB.GROW,2007,0.282312268,,
Central Europe and the Baltics,CEB,Population density (people per sq. km of land area),EN.POP.DNST,2007,95.52262775,,
Central Europe and the Baltics,CEB,Population in urban agglomerations of more than 1 million (% of total population),EN.URB.MCTY.TL.ZS,2007,,,
Central Europe and the Baltics,CEB,Population living in slums (% of urban population),EN.POP.SLUM.UR.ZS,2007,,,
Central Europe and the Baltics,CEB,Rural population (% of total population),SP.RUR.TOTL.ZS,2007,38.23706718,,
Central Europe and the Baltics,CEB,Urban population (% of total population),SP.URB.TOTL.IN.ZS,2007,61.76293282,,
Central Europe and the Baltics,CEB,Urban population growth (annual %),SP.URB.GROW,2007,-0.367912642,,
Early-demographic dividend,EAR,Population density (people per sq. km of land area),EN.POP.DNST,2007,84.95389366,,
Early-demographic dividend,EAR,Population in urban agglomerations of more than 1 million (% of total population),EN.URB.MCTY.TL.ZS,2007,16.79823075,,
Early-demographic dividend,EAR,Population living in slums (% of urban population),EN.POP.SLUM.UR.ZS,2007,,,
Early-demographic dividend,EAR,Rural population (% of total population),SP.RUR.TOTL.ZS,2007,59.1433258,,
Early-demographic dividend,EAR,Urban population (% of total population),SP.URB.TOTL.IN.ZS,2007,40.8566742,,
Early-demographic dividend,EAR,Urban population growth (annual %),SP.URB.GROW,2007,2.607931617,,
East Asia & Pacific,EAS,Population density (people per sq. km of land area),EN.POP.DNST,2007,88.59924815,,
East Asia & Pacific,EAS,Population in urban agglomerations of more than 1 million (% of total population),EN.URB.MCTY.TL.ZS,2007,,,
East Asia & Pacific,EAS,Population living in slums (% of urban population),EN.POP.SLUM.UR.ZS,2007,,,
East Asia & Pacific,EAS,Rural population (% of total population),SP.RUR.TOTL.ZS,2007,50.69508906,,
East Asia & Pacific,EAS,Urban population (% of total population),SP.URB.TOTL.IN.ZS,2007,49.30491094,,
East Asia & Pacific,EAS,Urban population growth (annual %),SP.URB.GROW,2007,3.194740938,,
East Asia & Pacific (excluding high income),EAP,Population density (people per sq. km of land area),EN.POP.DNST,2007,120.6792342,,
East Asia & Pacific (excluding high income),EAP,Population in urban agglomerations of more than 1 million (% of total population),EN.URB.MCTY.TL.ZS,2007,,,
East Asia & Pacific (excluding high income),EAP,Population living in slums (% of urban population),EN.POP.SLUM.UR.ZS,2007,,,
East Asia & Pacific (excluding high income),EAP,Rural population (% of total population),SP.RUR.TOTL.ZS,2007,55.26469045,,
East Asia & Pacific (excluding high income),EAP,Urban population (% of total population),SP.URB.TOTL.IN.ZS,2007,44.73530955,,
East Asia & Pacific (excluding high income),EAP,Urban population growth (annual %),SP.URB.GROW,2007,3.64329509,,
East Asia & Pacific (IDA & IBRD countries),TEA,Population density (people per sq. km of land area),EN.POP.DNST,2007,120.0398846,,
East Asia & Pacific (IDA & IBRD countries),TEA,Population in urban agglomerations of more than 1 million (% of total population),EN.URB.MCTY.TL.ZS,2007,,,
East Asia & Pacific (IDA & IBRD countries),TEA,Population living in slums (% of urban population),EN.POP.SLUM.UR.ZS,2007,,,
East Asia & Pacific (IDA & IBRD countries),TEA,Rural population (% of total population),SP.RUR.TOTL.ZS,2007,55.46064165,,
East Asia & Pacific (IDA & IBRD countries),TEA,Urban population (% of total population),SP.URB.TOTL.IN.ZS,2007,44.53935835,,
East Asia & Pacific (IDA & IBRD countries),TEA,Urban population growth (annual %),SP.URB.GROW,2007,3.696072412,,
Euro area,EMU,Population density (people per sq. km of land area),EN.POP.DNST,2007,121.6473064,,
Euro area,EMU,Population in urban agglomerations of more than 1 million (% of total population),EN.URB.MCTY.TL.ZS,2007,18.50963585,,
Euro area,EMU,Population living in slums (% of urban population),EN.POP.SLUM.UR.ZS,2007,,,
Euro area,EMU,Rural population (% of total population),SP.RUR.TOTL.ZS,2007,25.27683511,,
Euro area,EMU,Urban population (% of total population),SP.URB.TOTL.IN.ZS,2007,74.72316489,,
Euro area,EMU,Urban population growth (annual %),SP.URB.GROW,2007,0.676261265,,
Europe & Central Asia,ECS,Population density (people per sq. km of land area),EN.POP.DNST,2007,32.10536197,,
Europe & Central Asia,ECS,Population in urban agglomerations of more than 1 million (% of total population),EN.URB.MCTY.TL.ZS,2007,19.0025077,,
Europe & Central Asia,ECS,Population living in slums (% of urban population),EN.POP.SLUM.UR.ZS,2007,,,
Europe & Central Asia,ECS,Rural population (% of total population),SP.RUR.TOTL.ZS,2007,30.03242614,,
Europe & Central Asia,ECS,Urban population (% of total population),SP.URB.TOTL.IN.ZS,2007,69.96757386,,
Europe & Central Asia,ECS,Urban population growth (annual %),SP.URB.GROW,2007,0.571400864,,
Europe & Central Asia (excluding high income),ECA,Population density (people per sq. km of land area),EN.POP.DNST,2007,38.09019452,,
Europe & Central Asia (excluding high income),ECA,Population in urban agglomerations of more than 1 million (% of total population),EN.URB.MCTY.TL.ZS,2007,20.65456095,,
Europe & Central Asia (excluding high income),ECA,Population living in slums (% of urban population),EN.POP.SLUM.UR.ZS,2007,,,
Europe & Central Asia (excluding high income),ECA,Rural population (% of total population),SP.RUR.TOTL.ZS,2007,40.67543454,,
Europe & Central Asia (excluding high income),ECA,Urban population (% of total population),SP.URB.TOTL.IN.ZS,2007,59.32456546,,
Europe & Central Asia (excluding high income),ECA,Urban population growth (annual %),SP.URB.GROW,2007,0.947214344,,
Europe & Central Asia (IDA & IBRD countries),TEC,Population density (people per sq. km of land area),EN.POP.DNST,2007,19.08469081,,
Europe & Central Asia (IDA & IBRD countries),TEC,Population in urban agglomerations of more than 1 million (% of total population),EN.URB.MCTY.TL.ZS,2007,18.66839273,,
Europe & Central Asia (IDA & IBRD countries),TEC,Population living in slums (% of urban population),EN.POP.SLUM.UR.ZS,2007,,,
Europe & Central Asia (IDA & IBRD countries),TEC,Rural population (% of total population),SP.RUR.TOTL.ZS,2007,36.05143129,,
Europe & Central Asia (IDA & IBRD countries),TEC,Urban population (% of total population),SP.URB.TOTL.IN.ZS,2007,63.94856871,,
Europe & Central Asia (IDA & IBRD countries),TEC,Urban population growth (annual %),SP.URB.GROW,2007,0.378282726,,
European Union,EUU,Population density (people per sq. km of land area),EN.POP.DNST,2007,110.1100924,,
European Union,EUU,Population in urban agglomerations of more than 1 million (% of total population),EN.URB.MCTY.TL.ZS,2007,16.50172543,,
European Union,EUU,Population living in slums (% of urban population),EN.POP.SLUM.UR.ZS,2007,,,
European Union,EUU,Rural population (% of total population),SP.RUR.TOTL.ZS,2007,27.3113697,,
European Union,EUU,Urban population (% of total population),SP.URB.TOTL.IN.ZS,2007,72.6886303,,
European Union,EUU,Urban population growth (annual %),SP.URB.GROW,2007,0.524855708,,
Heavily indebted poor countries (HIPC),HPC,Population density (people per sq. km of land area),EN.POP.DNST,2007,33.49294454,,
Heavily indebted poor countries (HIPC),HPC,Population in urban agglomerations of more than 1 million (% of total population),EN.URB.MCTY.TL.ZS,2007,12.49350433,,
Heavily indebted poor countries (HIPC),HPC,Population living in slums (% of urban population),EN.POP.SLUM.UR.ZS,2007,,,
Heavily indebted poor countries (HIPC),HPC,Rural population (% of total population),SP.RUR.TOTL.ZS,2007,69.46351594,,
Heavily indebted poor countries (HIPC),HPC,Urban population (% of total population),SP.URB.TOTL.IN.ZS,2007,30.53648406,,
Heavily indebted poor countries (HIPC),HPC,Urban population growth (annual %),SP.URB.GROW,2007,3.798824525,,
High income,HIC,Population density (people per sq. km of land area),EN.POP.DNST,2007,25.11990743,,
High income,HIC,Population in urban agglomerations of more than 1 million (% of total population),EN.URB.MCTY.TL.ZS,2007,,,
High income,HIC,Population living in slums (% of urban population),EN.POP.SLUM.UR.ZS,2007,,,
High income,HIC,Rural population (% of total population),SP.RUR.TOTL.ZS,2007,21.74138381,,
High income,HIC,Urban population (% of total population),SP.URB.TOTL.IN.ZS,2007,78.25861619,,
High income,HIC,Urban population growth (annual %),SP.URB.GROW,2007,1.010547906,,
IBRD only,IBD,Population density (people per sq. km of land area),EN.POP.DNST,2007,60.77843744,,
IBRD only,IBD,Population in urban agglomerations of more than 1 million (% of total population),EN.URB.MCTY.TL.ZS,2007,19.99093485,,
IBRD only,IBD,Population living in slums (% of urban population),EN.POP.SLUM.UR.ZS,2007,,,
IBRD only,IBD,Rural population (% of total population),SP.RUR.TOTL.ZS,2007,51.70389524,,
IBRD only,IBD,Urban population (% of total population),SP.URB.TOTL.IN.ZS,2007,48.29610476,,
IBRD only,IBD,Urban population growth (annual %),SP.URB.GROW,2007,2.510394208,,
IDA & IBRD total,IBT,Population density (people per sq. km of land area),EN.POP.DNST,2007,60.30884697,,
IDA & IBRD total,IBT,Population in urban agglomerations of more than 1 million (% of total population),EN.URB.MCTY.TL.ZS,2007,18.35669277,,
IDA & IBRD total,IBT,Population living in slums (% of urban population),EN.POP.SLUM.UR.ZS,2007,,,
IDA & IBRD total,IBT,Rural population (% of total population),SP.RUR.TOTL.ZS,2007,55.29033724,,
IDA & IBRD total,IBT,Urban population (% of total population),SP.URB.TOTL.IN.ZS,2007,44.70966276,,
IDA & IBRD total,IBT,Urban population growth (annual %),SP.URB.GROW,2007,2.748518295,,
IDA blend,IDB,Population density (people per sq. km of land area),EN.POP.DNST,2007,96.04557573,,
IDA blend,IDB,Population in urban agglomerations of more than 1 million (% of total population),EN.URB.MCTY.TL.ZS,2007,,,
IDA blend,IDB,Population living in slums (% of urban population),EN.POP.SLUM.UR.ZS,2007,,,
IDA blend,IDB,Rural population (% of total population),SP.RUR.TOTL.ZS,2007,59.11109484,,
IDA blend,IDB,Urban population (% of total population),SP.URB.TOTL.IN.ZS,2007,40.88890516,,
IDA blend,IDB,Urban population growth (annual %),SP.URB.GROW,2007,3.832160605,,
IDA only,IDX,Population density (people per sq. km of land area),EN.POP.DNST,2007,48.66461381,,
IDA only,IDX,Population in urban agglomerations of more than 1 million (% of total population),EN.URB.MCTY.TL.ZS,2007,11.27679104,,
IDA only,IDX,Population living in slums (% of urban population),EN.POP.SLUM.UR.ZS,2007,,,
IDA only,IDX,Rural population (% of total population),SP.RUR.TOTL.ZS,2007,70.94937842,,
IDA only,IDX,Urban population (% of total population),SP.URB.TOTL.IN.ZS,2007,29.05062158,,
IDA only,IDX,Urban population growth (annual %),SP.URB.GROW,2007,3.893916796,,
IDA total,IDA,Population density (people per sq. km of land area),EN.POP.DNST,2007,58.85014614,,
IDA total,IDA,Population in urban agglomerations of more than 1 million (% of total population),EN.URB.MCTY.TL.ZS,2007,12.75845067,,
IDA total,IDA,Population living in slums (% of urban population),EN.POP.SLUM.UR.ZS,2007,,,
IDA total,IDA,Rural population (% of total population),SP.RUR.TOTL.ZS,2007,66.79602952,,
IDA total,IDA,Urban population (% of total population),SP.URB.TOTL.IN.ZS,2007,33.20397048,,
IDA total,IDA,Urban population growth (annual %),SP.URB.GROW,2007,3.867230899,,
Late-demographic dividend,LTE,Population density (people per sq. km of land area),EN.POP.DNST,2007,48.06197053,,
Late-demographic dividend,LTE,Population in urban agglomerations of more than 1 million (% of total population),EN.URB.MCTY.TL.ZS,2007,22.5558812,,
Late-demographic dividend,LTE,Population living in slums (% of urban population),EN.POP.SLUM.UR.ZS,2007,,,
Late-demographic dividend,LTE,Rural population (% of total population),SP.RUR.TOTL.ZS,2007,47.26198383,,
Late-demographic dividend,LTE,Urban population (% of total population),SP.URB.TOTL.IN.ZS,2007,52.73801617,,
Late-demographic dividend,LTE,Urban population growth (annual %),SP.URB.GROW,2007,2.760927322,,
Latin America & Caribbean,LCN,Population density (people per sq. km of land area),EN.POP.DNST,2007,28.35239253,,
Latin America & Caribbean,LCN,Population in urban agglomerations of more than 1 million (% of total population),EN.URB.MCTY.TL.ZS,2007,36.50838424,,
Latin America & Caribbean,LCN,Population living in slums (% of urban population),EN.POP.SLUM.UR.ZS,2007,,,
Latin America & Caribbean,LCN,Rural population (% of total population),SP.RUR.TOTL.ZS,2007,22.26873926,,
Latin America & Caribbean,LCN,Urban population (% of total population),SP.URB.TOTL.IN.ZS,2007,77.73126074,,
Latin America & Caribbean,LCN,Urban population growth (annual %),SP.URB.GROW,2007,1.459274814,,
Latin America & Caribbean (excluding high income),LAC,Population density (people per sq. km of land area),EN.POP.DNST,2007,28.40793435,,
Latin America & Caribbean (excluding high income),LAC,Population in urban agglomerations of more than 1 million (% of total population),EN.URB.MCTY.TL.ZS,2007,36.26762696,,
Latin America & Caribbean (excluding high income),LAC,Population living in slums (% of urban population),EN.POP.SLUM.UR.ZS,2007,,,
Latin America & Caribbean (excluding high income),LAC,Rural population (% of total population),SP.RUR.TOTL.ZS,2007,22.45640451,,
Latin America & Caribbean (excluding high income),LAC,Urban population (% of total population),SP.URB.TOTL.IN.ZS,2007,77.54359549,,
Latin America & Caribbean (excluding high income),LAC,Urban population growth (annual %),SP.URB.GROW,2007,1.486705434,,
Latin America & the Caribbean (IDA & IBRD countries),TLA,Population density (people per sq. km of land area),EN.POP.DNST,2007,27.73289753,,
Latin America & the Caribbean (IDA & IBRD countries),TLA,Population in urban agglomerations of more than 1 million (% of total population),EN.URB.MCTY.TL.ZS,2007,36.66396919,,
Latin America & the Caribbean (IDA & IBRD countries),TLA,Population living in slums (% of urban population),EN.POP.SLUM.UR.ZS,2007,,,
Latin America & the Caribbean (IDA & IBRD countries),TLA,Rural population (% of total population),SP.RUR.TOTL.ZS,2007,22.35977074,,
Latin America & the Caribbean (IDA & IBRD countries),TLA,Urban population (% of total population),SP.URB.TOTL.IN.ZS,2007,77.64022926,,
Latin America & the Caribbean (IDA & IBRD countries),TLA,Urban population growth (annual %),SP.URB.GROW,2007,1.501516892,,
Least developed countries: UN classification,LDC,Population density (people per sq. km of land area),EN.POP.DNST,2007,44.63153287,,
Least developed countries: UN classification,LDC,Population in urban agglomerations of more than 1 million (% of total population),EN.URB.MCTY.TL.ZS,2007,10.84966093,,
Least developed countries: UN classification,LDC,Population living in slums (% of urban population),EN.POP.SLUM.UR.ZS,2007,,,
Least developed countries: UN classification,LDC,Rural population (% of total population),SP.RUR.TOTL.ZS,2007,71.54470026,,
Least developed countries: UN classification,LDC,Urban population (% of total population),SP.URB.TOTL.IN.ZS,2007,28.45529974,,
Least developed countries: UN classification,LDC,Urban population growth (annual %),SP.URB.GROW,2007,3.939722893,,
Low & middle income,LMY,Population density (people per sq. km of land area),EN.POP.DNST,2007,72.05582936,,
Low & middle income,LMY,Population in urban agglomerations of more than 1 million (% of total population),EN.URB.MCTY.TL.ZS,2007,18.28808244,,
Low & middle income,LMY,Population living in slums (% of urban population),EN.POP.SLUM.UR.ZS,2007,,,
Low & middle income,LMY,Rural population (% of total population),SP.RUR.TOTL.ZS,2007,56.26865564,,
Low & middle income,LMY,Urban population (% of total population),SP.URB.TOTL.IN.ZS,2007,43.73134436,,
Low & middle income,LMY,Urban population growth (annual %),SP.URB.GROW,2007,2.922897499,,
Low income,LIC,Population density (people per sq. km of land area),EN.POP.DNST,2007,38.66779049,,
Low income,LIC,Population in urban agglomerations of more than 1 million (% of total population),EN.URB.MCTY.TL.ZS,2007,10.81969329,,
Low income,LIC,Population living in slums (% of urban population),EN.POP.SLUM.UR.ZS,2007,,,
Low income,LIC,Rural population (% of total population),SP.RUR.TOTL.ZS,2007,71.87815912,,
Low income,LIC,Urban population (% of total population),SP.URB.TOTL.IN.ZS,2007,28.12184088,,
Low income,LIC,Urban population growth (annual %),SP.URB.GROW,2007,3.725815959,,
Lower middle income,LMC,Population density (people per sq. km of land area),EN.POP.DNST,2007,119.4053785,,
Lower middle income,LMC,Population in urban agglomerations of more than 1 million (% of total population),EN.URB.MCTY.TL.ZS,2007,14.37935246,,
Lower middle income,LMC,Population living in slums (% of urban population),EN.POP.SLUM.UR.ZS,2007,,,
Lower middle income,LMC,Rural population (% of total population),SP.RUR.TOTL.ZS,2007,65.03355498,,
Lower middle income,LMC,Urban population (% of total population),SP.URB.TOTL.IN.ZS,2007,34.96644502,,
Lower middle income,LMC,Urban population growth (annual %),SP.URB.GROW,2007,3.091127173,,
"Middle East, North Africa, Afghanistan & Pakistan",MEA,Population density (people per sq. km of land area),EN.POP.DNST,2007,46.14845675,,
"Middle East, North Africa, Afghanistan & Pakistan",MEA,Population in urban agglomerations of more than 1 million (% of total population),EN.URB.MCTY.TL.ZS,2007,21.26152424,,
"Middle East, North Africa, Afghanistan & Pakistan",MEA,Population living in slums (% of urban population),EN.POP.SLUM.UR.ZS,2007,,,
"Middle East, North Africa, Afghanistan & Pakistan",MEA,Rural population (% of total population),SP.RUR.TOTL.ZS,2007,49.31986701,,
"Middle East, North Africa, Afghanistan & Pakistan",MEA,Urban population (% of total population),SP.URB.TOTL.IN.ZS,2007,50.68013299,,
"Middle East, North Africa, Afghanistan & Pakistan",MEA,Urban population growth (annual %),SP.URB.GROW,2007,2.995165947,,
"Middle East, North Africa, Afghanistan & Pakistan (excluding high income)",MNA,Population density (people per sq. km of land area),EN.POP.DNST,2007,53.72434093,,
"Middle East, North Africa, Afghanistan & Pakistan (excluding high income)",MNA,Population in urban agglomerations of more than 1 million (% of total population),EN.URB.MCTY.TL.ZS,2007,19.02005383,,
"Middle East, North Africa, Afghanistan & Pakistan (excluding high income)",MNA,Population living in slums (% of urban population),EN.POP.SLUM.UR.ZS,2007,,,
"Middle East, North Africa, Afghanistan & Pakistan (excluding high income)",MNA,Rural population (% of total population),SP.RUR.TOTL.ZS,2007,52.0268929,,
"Middle East, North Africa, Afghanistan & Pakistan (excluding high income)",MNA,Urban population (% of total population),SP.URB.TOTL.IN.ZS,2007,47.9731071,,
"Middle East, North Africa, Afghanistan & Pakistan (excluding high income)",MNA,Urban population growth (annual %),SP.URB.GROW,2007,2.646705269,,
"Middle East, North Africa, Afghanistan & Pakistan (IDA & IBRD)",TMN,Population density (people per sq. km of land area),EN.POP.DNST,2007,53.40915257,,
"Middle East, North Africa, Afghanistan & Pakistan (IDA & IBRD)",TMN,Population in urban agglomerations of more than 1 million (% of total population),EN.URB.MCTY.TL.ZS,2007,19.02005383,,
"Middle East, North Africa, Afghanistan & Pakistan (IDA & IBRD)",TMN,Population living in slums (% of urban population),EN.POP.SLUM.UR.ZS,2007,,,
"Middle East, North Africa, Afghanistan & Pakistan (IDA & IBRD)",TMN,Rural population (% of total population),SP.RUR.TOTL.ZS,2007,52.25205609,,
"Middle East, North Africa, Afghanistan & Pakistan (IDA & IBRD)",TMN,Urban population (% of total population),SP.URB.TOTL.IN.ZS,2007,47.74794391,,
"Middle East, North Africa, Afghanistan & Pakistan (IDA & IBRD)",TMN,Urban population growth (annual %),SP.URB.GROW,2007,2.636352878,,
Middle income,MIC,Population density (people per sq. km of land area),EN.POP.DNST,2007,78.48702136,,
Middle income,MIC,Population in urban agglomerations of more than 1 million (% of total population),EN.URB.MCTY.TL.ZS,2007,18.96985403,,
Middle income,MIC,Population living in slums (% of urban population),EN.POP.SLUM.UR.ZS,2007,,,
Middle income,MIC,Rural population (% of total population),SP.RUR.TOTL.ZS,2007,54.78736199,,
Middle income,MIC,Urban population (% of total population),SP.URB.TOTL.IN.ZS,2007,45.21263801,,
Middle income,MIC,Urban population growth (annual %),SP.URB.GROW,2007,2.875706129,,
North America,NAC,Population density (people per sq. km of land area),EN.POP.DNST,2007,18.43508058,,
North America,NAC,Population in urban agglomerations of more than 1 million (% of total population),EN.URB.MCTY.TL.ZS,2007,44.1721094,,
North America,NAC,Population living in slums (% of urban population),EN.POP.SLUM.UR.ZS,2007,,,
North America,NAC,Rural population (% of total population),SP.RUR.TOTL.ZS,2007,19.4881692,,
North America,NAC,Urban population (% of total population),SP.URB.TOTL.IN.ZS,2007,80.5118308,,
North America,NAC,Urban population growth (annual %),SP.URB.GROW,2007,1.141551483,,
Not classified,INX,Population in urban agglomerations of more than 1 million (% of total population),EN.URB.MCTY.TL.ZS,2007,,,
Not classified,INX,Population living in slums (% of urban population),EN.POP.SLUM.UR.ZS,2007,,,
OECD members,OED,Population density (people per sq. km of land area),EN.POP.DNST,2007,35.62430843,,
OECD members,OED,Population in urban agglomerations of more than 1 million (% of total population),EN.URB.MCTY.TL.ZS,2007,35.54974302,,
OECD members,OED,Population living in slums (% of urban population),EN.POP.SLUM.UR.ZS,2007,,,
OECD members,OED,Rural population (% of total population),SP.RUR.TOTL.ZS,2007,21.93579037,,
OECD members,OED,Urban population (% of total population),SP.URB.TOTL.IN.ZS,2007,78.06420963,,
OECD members,OED,Urban population growth (annual %),SP.URB.GROW,2007,1.066056835,,
Other small states,OSS,Population density (people per sq. km of land area),EN.POP.DNST,2007,39.16363125,,
Other small states,OSS,Population in urban agglomerations of more than 1 million (% of total population),EN.URB.MCTY.TL.ZS,2007,,,
Other small states,OSS,Population living in slums (% of urban population),EN.POP.SLUM.UR.ZS,2007,,,
Other small states,OSS,Rural population (% of total population),SP.RUR.TOTL.ZS,2007,47.85664262,,
Other small states,OSS,Urban population (% of total population),SP.URB.TOTL.IN.ZS,2007,52.14335738,,
Other small states,OSS,Urban population growth (annual %),SP.URB.GROW,2007,1.524308878,,
Pacific island small states,PSS,Population density (people per sq. km of land area),EN.POP.DNST,2007,34.55186916,,
Pacific island small states,PSS,Population in urban agglomerations of more than 1 million (% of total population),EN.URB.MCTY.TL.ZS,2007,,,
Pacific island small states,PSS,Population living in slums (% of urban population),EN.POP.SLUM.UR.ZS,2007,,,
Pacific island small states,PSS,Rural population (% of total population),SP.RUR.TOTL.ZS,2007,63.86924834,,
Pacific island small states,PSS,Urban population (% of total population),SP.URB.TOTL.IN.ZS,2007,36.13075166,,
Pacific island small states,PSS,Urban population growth (annual %),SP.URB.GROW,2007,1.92556019,,
Post-demographic dividend,PST,Population density (people per sq. km of land area),EN.POP.DNST,2007,33.79349232,,
Post-demographic dividend,PST,Population in urban agglomerations of more than 1 million (% of total population),EN.URB.MCTY.TL.ZS,2007,35.24988344,,
Post-demographic dividend,PST,Population living in slums (% of urban population),EN.POP.SLUM.UR.ZS,2007,,,
Post-demographic dividend,PST,Rural population (% of total population),SP.RUR.TOTL.ZS,2007,20.75290676,,
Post-demographic dividend,PST,Urban population (% of total population),SP.URB.TOTL.IN.ZS,2007,79.24709324,,
Post-demographic dividend,PST,Urban population growth (annual %),SP.URB.GROW,2007,0.939372798,,
Pre-demographic dividend,PRE,Population density (people per sq. km of land area),EN.POP.DNST,2007,38.64365668,,
Pre-demographic dividend,PRE,Population in urban agglomerations of more than 1 million (% of total population),EN.URB.MCTY.TL.ZS,2007,14.20129026,,
Pre-demographic dividend,PRE,Population living in slums (% of urban population),EN.POP.SLUM.UR.ZS,2007,,,
Pre-demographic dividend,PRE,Rural population (% of total population),SP.RUR.TOTL.ZS,2007,62.84443885,,
Pre-demographic dividend,PRE,Urban population (% of total population),SP.URB.TOTL.IN.ZS,2007,37.15556115,,
Pre-demographic dividend,PRE,Urban population growth (annual %),SP.URB.GROW,2007,4.073005048,,
Small states,SST,Population density (people per sq. km of land area),EN.POP.DNST,2007,23.13979746,,
Small states,SST,Population in urban agglomerations of more than 1 million (% of total population),EN.URB.MCTY.TL.ZS,2007,,,
Small states,SST,Population living in slums (% of urban population),EN.POP.SLUM.UR.ZS,2007,,,
Small states,SST,Rural population (% of total population),SP.RUR.TOTL.ZS,2007,50.31328988,,
Small states,SST,Urban population (% of total population),SP.URB.TOTL.IN.ZS,2007,49.68671012,,
Small states,SST,Urban population growth (annual %),SP.URB.GROW,2007,1.256599452,,
South Asia,SAS,Population density (people per sq. km of land area),EN.POP.DNST,2007,414.2822533,,
South Asia,SAS,Population in urban agglomerations of more than 1 million (% of total population),EN.URB.MCTY.TL.ZS,2007,12.78354011,,
South Asia,SAS,Population living in slums (% of urban population),EN.POP.SLUM.UR.ZS,2007,,,
South Asia,SAS,Rural population (% of total population),SP.RUR.TOTL.ZS,2007,70.32550268,,
South Asia,SAS,Urban population (% of total population),SP.URB.TOTL.IN.ZS,2007,29.67449732,,
South Asia,SAS,Urban population growth (annual %),SP.URB.GROW,2007,2.900811473,,
South Asia (IDA & IBRD),TSA,Population density (people per sq. km of land area),EN.POP.DNST,2007,414.2822533,,
South Asia (IDA & IBRD),TSA,Population in urban agglomerations of more than 1 million (% of total population),EN.URB.MCTY.TL.ZS,2007,12.78354011,,
South Asia (IDA & IBRD),TSA,Population living in slums (% of urban population),EN.POP.SLUM.UR.ZS,2007,,,
South Asia (IDA & IBRD),TSA,Rural population (% of total population),SP.RUR.TOTL.ZS,2007,70.32550268,,
South Asia (IDA & IBRD),TSA,Urban population (% of total population),SP.URB.TOTL.IN.ZS,2007,29.67449732,,
South Asia (IDA & IBRD),TSA,Urban population growth (annual %),SP.URB.GROW,2007,2.900811473,,
Sub-Saharan Africa,SSF,Population density (people per sq. km of land area),EN.POP.DNST,2007,38.48166774,,
Sub-Saharan Africa,SSF,Population in urban agglomerations of more than 1 million (% of total population),EN.URB.MCTY.TL.ZS,2007,13.68288675,,
Sub-Saharan Africa,SSF,Population living in slums (% of urban population),EN.POP.SLUM.UR.ZS,2007,,,
Sub-Saharan Africa,SSF,Rural population (% of total population),SP.RUR.TOTL.ZS,2007,63.89874103,,
Sub-Saharan Africa,SSF,Urban population (% of total population),SP.URB.TOTL.IN.ZS,2007,36.10125897,,
Sub-Saharan Africa,SSF,Urban population growth (annual %),SP.URB.GROW,2007,4.025992376,,
Sub-Saharan Africa (excluding high income),SSA,Population density (people per sq. km of land area),EN.POP.DNST,2007,38.47851988,,
Sub-Saharan Africa (excluding high income),SSA,Population in urban agglomerations of more than 1 million (% of total population),EN.URB.MCTY.TL.ZS,2007,13.68288675,,
Sub-Saharan Africa (excluding high income),SSA,Population living in slums (% of urban population),EN.POP.SLUM.UR.ZS,2007,,,
Sub-Saharan Africa (excluding high income),SSA,Rural population (% of total population),SP.RUR.TOTL.ZS,2007,63.89942652,,
Sub-Saharan Africa (excluding high income),SSA,Urban population (% of total population),SP.URB.TOTL.IN.ZS,2007,36.10057348,,
Sub-Saharan Africa (excluding high income),SSA,Urban population growth (annual %),SP.URB.GROW,2007,4.026445424,,
Sub-Saharan Africa (IDA & IBRD countries),TSS,Population density (people per sq. km of land area),EN.POP.DNST,2007,38.48166774,,
Sub-Saharan Africa (IDA & IBRD countries),TSS,Population in urban agglomerations of more than 1 million (% of total population),EN.URB.MCTY.TL.ZS,2007,13.68288675,,
Sub-Saharan Africa (IDA & IBRD countries),TSS,Population living in slums (% of urban population),EN.POP.SLUM.UR.ZS,2007,,,
Sub-Saharan Africa (IDA & IBRD countries),TSS,Rural population (% of total population),SP.RUR.TOTL.ZS,2007,63.89874103,,
Sub-Saharan Africa (IDA & IBRD countries),TSS,Urban population (% of total population),SP.URB.TOTL.IN.ZS,2007,36.10125897,,
Sub-Saharan Africa (IDA & IBRD countries),TSS,Urban population growth (annual %),SP.URB.GROW,2007,4.025992376,,
Upper middle income,UMC,Population density (people per sq. km of land area),EN.POP.DNST,2007,61.10699588,,
Upper middle income,UMC,Population in urban agglomerations of more than 1 million (% of total population),EN.URB.MCTY.TL.ZS,2007,22.77285347,,
Upper middle income,UMC,Population living in slums (% of urban population),EN.POP.SLUM.UR.ZS,2007,,,
Upper middle income,UMC,Rural population (% of total population),SP.RUR.TOTL.ZS,2007,46.28327472,,
Upper middle income,UMC,Urban population (% of total population),SP.URB.TOTL.IN.ZS,2007,53.71672528,,
Upper middle income,UMC,Urban population growth (annual %),SP.URB.GROW,2007,2.759514397,,
World,WLD,Population density (people per sq. km of land area),EN.POP.DNST,2007,52.91540529,,
World,WLD,Population in urban agglomerations of more than 1 million (% of total population),EN.URB.MCTY.TL.ZS,2007,21.39698505,,
World,WLD,Population living in slums (% of urban population),EN.POP.SLUM.UR.ZS,2007,,,
World,WLD,Rural population (% of total population),SP.RUR.TOTL.ZS,2007,49.58453354,,
World,WLD,Urban population (% of total population),SP.URB.TOTL.IN.ZS,2007,50.41546646,,
World,WLD,Urban population growth (annual %),SP.URB.GROW,2007,2.344375132,,
Africa Eastern and Southern,AFE,Population density (people per sq. km of land area),EN.POP.DNST,2008,40.67248315,,
Africa Eastern and Southern,AFE,Population in urban agglomerations of more than 1 million (% of total population),EN.URB.MCTY.TL.ZS,2008,12.67131434,,
Africa Eastern and Southern,AFE,Population living in slums (% of urban population),EN.POP.SLUM.UR.ZS,2008,58.62996645,,
Africa Eastern and Southern,AFE,Rural population (% of total population),SP.RUR.TOTL.ZS,2008,68.15100042,,
Africa Eastern and Southern,AFE,Urban population (% of total population),SP.URB.TOTL.IN.ZS,2008,31.84899958,,
Africa Eastern and Southern,AFE,Urban population growth (annual %),SP.URB.GROW,2008,4.261424688,,
Africa Western and Central,AFW,Population density (people per sq. km of land area),EN.POP.DNST,2008,38.04574454,,
Africa Western and Central,AFW,Population in urban agglomerations of more than 1 million (% of total population),EN.URB.MCTY.TL.ZS,2008,15.45158138,,
Africa Western and Central,AFW,Population living in slums (% of urban population),EN.POP.SLUM.UR.ZS,2008,61.70682096,,
Africa Western and Central,AFW,Rural population (% of total population),SP.RUR.TOTL.ZS,2008,56.41143903,,
Africa Western and Central,AFW,Urban population (% of total population),SP.URB.TOTL.IN.ZS,2008,43.58856097,,
Africa Western and Central,AFW,Urban population growth (annual %),SP.URB.GROW,2008,4.141968106,,
Arab World,ARB,Population density (people per sq. km of land area),EN.POP.DNST,2008,30.9456223,,
Arab World,ARB,Population in urban agglomerations of more than 1 million (% of total population),EN.URB.MCTY.TL.ZS,2008,22.0490234,,
Arab World,ARB,Population living in slums (% of urban population),EN.POP.SLUM.UR.ZS,2008,33.37676186,,
Arab World,ARB,Rural population (% of total population),SP.RUR.TOTL.ZS,2008,44.98786935,,
Arab World,ARB,Urban population (% of total population),SP.URB.TOTL.IN.ZS,2008,55.01213065,,
Arab World,ARB,Urban population growth (annual %),SP.URB.GROW,2008,3.195382076,,
Caribbean small states,CSS,Population density (people per sq. km of land area),EN.POP.DNST,2008,10.35051499,,
Caribbean small states,CSS,Population in urban agglomerations of more than 1 million (% of total population),EN.URB.MCTY.TL.ZS,2008,,,
Caribbean small states,CSS,Population living in slums (% of urban population),EN.POP.SLUM.UR.ZS,2008,12.02658591,,
Caribbean small states,CSS,Rural population (% of total population),SP.RUR.TOTL.ZS,2008,49.57985592,,
Caribbean small states,CSS,Urban population (% of total population),SP.URB.TOTL.IN.ZS,2008,50.42014408,,
Caribbean small states,CSS,Urban population growth (annual %),SP.URB.GROW,2008,0.295269691,,
Central Europe and the Baltics,CEB,Population density (people per sq. km of land area),EN.POP.DNST,2008,95.18263316,,
Central Europe and the Baltics,CEB,Population in urban agglomerations of more than 1 million (% of total population),EN.URB.MCTY.TL.ZS,2008,,,
Central Europe and the Baltics,CEB,Population living in slums (% of urban population),EN.POP.SLUM.UR.ZS,2008,2.139202478,,
Central Europe and the Baltics,CEB,Rural population (% of total population),SP.RUR.TOTL.ZS,2008,38.12515911,,
Central Europe and the Baltics,CEB,Urban population (% of total population),SP.URB.TOTL.IN.ZS,2008,61.87484089,,
Central Europe and the Baltics,CEB,Urban population growth (annual %),SP.URB.GROW,2008,-0.177245393,,
Early-demographic dividend,EAR,Population density (people per sq. km of land area),EN.POP.DNST,2008,86.31758764,,
Early-demographic dividend,EAR,Population in urban agglomerations of more than 1 million (% of total population),EN.URB.MCTY.TL.ZS,2008,16.93199753,,
Early-demographic dividend,EAR,Population living in slums (% of urban population),EN.POP.SLUM.UR.ZS,2008,,,
Early-demographic dividend,EAR,Rural population (% of total population),SP.RUR.TOTL.ZS,2008,58.71053306,,
Early-demographic dividend,EAR,Urban population (% of total population),SP.URB.TOTL.IN.ZS,2008,41.28946694,,
Early-demographic dividend,EAR,Urban population growth (annual %),SP.URB.GROW,2008,2.645353089,,
East Asia & Pacific,EAS,Population density (people per sq. km of land area),EN.POP.DNST,2008,89.27043446,,
East Asia & Pacific,EAS,Population in urban agglomerations of more than 1 million (% of total population),EN.URB.MCTY.TL.ZS,2008,,,
East Asia & Pacific,EAS,Population living in slums (% of urban population),EN.POP.SLUM.UR.ZS,2008,,,
East Asia & Pacific,EAS,Rural population (% of total population),SP.RUR.TOTL.ZS,2008,49.78213202,,
East Asia & Pacific,EAS,Urban population (% of total population),SP.URB.TOTL.IN.ZS,2008,50.21786798,,
East Asia & Pacific,EAS,Urban population growth (annual %),SP.URB.GROW,2008,2.589848571,,
East Asia & Pacific (excluding high income),EAP,Population density (people per sq. km of land area),EN.POP.DNST,2008,121.6248792,,
East Asia & Pacific (excluding high income),EAP,Population in urban agglomerations of more than 1 million (% of total population),EN.URB.MCTY.TL.ZS,2008,,,
East Asia & Pacific (excluding high income),EAP,Population living in slums (% of urban population),EN.POP.SLUM.UR.ZS,2008,,,
East Asia & Pacific (excluding high income),EAP,Rural population (% of total population),SP.RUR.TOTL.ZS,2008,54.30665034,,
East Asia & Pacific (excluding high income),EAP,Urban population (% of total population),SP.URB.TOTL.IN.ZS,2008,45.69334966,,
East Asia & Pacific (excluding high income),EAP,Urban population growth (annual %),SP.URB.GROW,2008,2.899701344,,
East Asia & Pacific (IDA & IBRD countries),TEA,Population density (people per sq. km of land area),EN.POP.DNST,2008,120.9852077,,
East Asia & Pacific (IDA & IBRD countries),TEA,Population in urban agglomerations of more than 1 million (% of total population),EN.URB.MCTY.TL.ZS,2008,,,
East Asia & Pacific (IDA & IBRD countries),TEA,Population living in slums (% of urban population),EN.POP.SLUM.UR.ZS,2008,,,
East Asia & Pacific (IDA & IBRD countries),TEA,Rural population (% of total population),SP.RUR.TOTL.ZS,2008,54.4910035,,
East Asia & Pacific (IDA & IBRD countries),TEA,Urban population (% of total population),SP.URB.TOTL.IN.ZS,2008,45.5089965,,
East Asia & Pacific (IDA & IBRD countries),TEA,Urban population growth (annual %),SP.URB.GROW,2008,2.938290024,,
Euro area,EMU,Population density (people per sq. km of land area),EN.POP.DNST,2008,122.2500537,,
Euro area,EMU,Population in urban agglomerations of more than 1 million (% of total population),EN.URB.MCTY.TL.ZS,2008,18.54658004,,
Euro area,EMU,Population living in slums (% of urban population),EN.POP.SLUM.UR.ZS,2008,0.162952958,,
Euro area,EMU,Rural population (% of total population),SP.RUR.TOTL.ZS,2008,25.17211718,,
Euro area,EMU,Urban population (% of total population),SP.URB.TOTL.IN.ZS,2008,74.82788282,,
Euro area,EMU,Urban population growth (annual %),SP.URB.GROW,2008,0.615297919,,
Europe & Central Asia,ECS,Population density (people per sq. km of land area),EN.POP.DNST,2008,32.23716232,,
Europe & Central Asia,ECS,Population in urban agglomerations of more than 1 million (% of total population),EN.URB.MCTY.TL.ZS,2008,19.14159084,,
Europe & Central Asia,ECS,Population living in slums (% of urban population),EN.POP.SLUM.UR.ZS,2008,3.888193019,,
Europe & Central Asia,ECS,Rural population (% of total population),SP.RUR.TOTL.ZS,2008,29.83571124,,
Europe & Central Asia,ECS,Urban population (% of total population),SP.URB.TOTL.IN.ZS,2008,70.16428876,,
Europe & Central Asia,ECS,Urban population growth (annual %),SP.URB.GROW,2008,0.685127762,,
Europe & Central Asia (excluding high income),ECA,Population density (people per sq. km of land area),EN.POP.DNST,2008,38.34571605,,
Europe & Central Asia (excluding high income),ECA,Population in urban agglomerations of more than 1 million (% of total population),EN.URB.MCTY.TL.ZS,2008,20.98638485,,
Europe & Central Asia (excluding high income),ECA,Population living in slums (% of urban population),EN.POP.SLUM.UR.ZS,2008,13.47019335,,
Europe & Central Asia (excluding high income),ECA,Rural population (% of total population),SP.RUR.TOTL.ZS,2008,40.23736963,,
Europe & Central Asia (excluding high income),ECA,Urban population (% of total population),SP.URB.TOTL.IN.ZS,2008,59.76263037,,
Europe & Central Asia (excluding high income),ECA,Urban population growth (annual %),SP.URB.GROW,2008,1.403827497,,
Europe & Central Asia (IDA & IBRD countries),TEC,Population density (people per sq. km of land area),EN.POP.DNST,2008,19.13123371,,
Europe & Central Asia (IDA & IBRD countries),TEC,Population in urban agglomerations of more than 1 million (% of total population),EN.URB.MCTY.TL.ZS,2008,18.90998859,,
Europe & Central Asia (IDA & IBRD countries),TEC,Population living in slums (% of urban population),EN.POP.SLUM.UR.ZS,2008,7.691719479,,
Europe & Central Asia (IDA & IBRD countries),TEC,Rural population (% of total population),SP.RUR.TOTL.ZS,2008,35.80547573,,
Europe & Central Asia (IDA & IBRD countries),TEC,Urban population (% of total population),SP.URB.TOTL.IN.ZS,2008,64.19452427,,
Europe & Central Asia (IDA & IBRD countries),TEC,Urban population growth (annual %),SP.URB.GROW,2008,0.623505227,,
European Union,EUU,Population density (people per sq. km of land area),EN.POP.DNST,2008,110.4956471,,
European Union,EUU,Population in urban agglomerations of more than 1 million (% of total population),EN.URB.MCTY.TL.ZS,2008,16.55431647,,
European Union,EUU,Population living in slums (% of urban population),EN.POP.SLUM.UR.ZS,2008,0.589499605,,
European Union,EUU,Rural population (% of total population),SP.RUR.TOTL.ZS,2008,27.17860118,,
European Union,EUU,Urban population (% of total population),SP.URB.TOTL.IN.ZS,2008,72.82139882,,
European Union,EUU,Urban population growth (annual %),SP.URB.GROW,2008,0.518005784,,
Heavily indebted poor countries (HIPC),HPC,Population density (people per sq. km of land area),EN.POP.DNST,2008,34.43919534,,
Heavily indebted poor countries (HIPC),HPC,Population in urban agglomerations of more than 1 million (% of total population),EN.URB.MCTY.TL.ZS,2008,12.61598578,,
Heavily indebted poor countries (HIPC),HPC,Population living in slums (% of urban population),EN.POP.SLUM.UR.ZS,2008,66.27813359,,
Heavily indebted poor countries (HIPC),HPC,Rural population (% of total population),SP.RUR.TOTL.ZS,2008,69.02768706,,
Heavily indebted poor countries (HIPC),HPC,Urban population (% of total population),SP.URB.TOTL.IN.ZS,2008,30.97231294,,
Heavily indebted poor countries (HIPC),HPC,Urban population growth (annual %),SP.URB.GROW,2008,4.202986096,,
High income,HIC,Population density (people per sq. km of land area),EN.POP.DNST,2008,25.30257305,,
High income,HIC,Population in urban agglomerations of more than 1 million (% of total population),EN.URB.MCTY.TL.ZS,2008,,,
High income,HIC,Population living in slums (% of urban population),EN.POP.SLUM.UR.ZS,2008,1.115242045,,
High income,HIC,Rural population (% of total population),SP.RUR.TOTL.ZS,2008,21.50020273,,
High income,HIC,Urban population (% of total population),SP.URB.TOTL.IN.ZS,2008,78.49979727,,
High income,HIC,Urban population growth (annual %),SP.URB.GROW,2008,1.00176407,,
IBRD only,IBD,Population density (people per sq. km of land area),EN.POP.DNST,2008,61.40297394,,
IBRD only,IBD,Population in urban agglomerations of more than 1 million (% of total population),EN.URB.MCTY.TL.ZS,2008,20.30495242,,
IBRD only,IBD,Population living in slums (% of urban population),EN.POP.SLUM.UR.ZS,2008,,,
IBRD only,IBD,Rural population (% of total population),SP.RUR.TOTL.ZS,2008,51.10965331,,
IBRD only,IBD,Urban population (% of total population),SP.URB.TOTL.IN.ZS,2008,48.89034669,,
IBRD only,IBD,Urban population growth (annual %),SP.URB.GROW,2008,2.244304991,,
IDA & IBRD total,IBT,Population density (people per sq. km of land area),EN.POP.DNST,2008,61.12773818,,
IDA & IBRD total,IBT,Population in urban agglomerations of more than 1 million (% of total population),EN.URB.MCTY.TL.ZS,2008,18.60914021,,
IDA & IBRD total,IBT,Population living in slums (% of urban population),EN.POP.SLUM.UR.ZS,2008,,,
IDA & IBRD total,IBT,Rural population (% of total population),SP.RUR.TOTL.ZS,2008,54.75597559,,
IDA & IBRD total,IBT,Urban population (% of total population),SP.URB.TOTL.IN.ZS,2008,45.24402441,,
IDA & IBRD total,IBT,Urban population growth (annual %),SP.URB.GROW,2008,2.535810391,,
IDA blend,IDB,Population density (people per sq. km of land area),EN.POP.DNST,2008,98.5976026,,
IDA blend,IDB,Population in urban agglomerations of more than 1 million (% of total population),EN.URB.MCTY.TL.ZS,2008,,,
IDA blend,IDB,Population living in slums (% of urban population),EN.POP.SLUM.UR.ZS,2008,58.77674545,,
IDA blend,IDB,Rural population (% of total population),SP.RUR.TOTL.ZS,2008,58.65535597,,
IDA blend,IDB,Urban population (% of total population),SP.URB.TOTL.IN.ZS,2008,41.34464403,,
IDA blend,IDB,Urban population growth (annual %),SP.URB.GROW,2008,3.730479098,,
IDA only,IDX,Population density (people per sq. km of land area),EN.POP.DNST,2008,49.77784749,,
IDA only,IDX,Population in urban agglomerations of more than 1 million (% of total population),EN.URB.MCTY.TL.ZS,2008,11.41916677,,
IDA only,IDX,Population living in slums (% of urban population),EN.POP.SLUM.UR.ZS,2008,61.11144909,,
IDA only,IDX,Rural population (% of total population),SP.RUR.TOTL.ZS,2008,70.43892396,,
IDA only,IDX,Urban population (% of total population),SP.URB.TOTL.IN.ZS,2008,29.56107604,,
IDA only,IDX,Urban population growth (annual %),SP.URB.GROW,2008,4.002267838,,
IDA total,IDA,Population density (people per sq. km of land area),EN.POP.DNST,2008,60.27276425,,
IDA total,IDA,Population in urban agglomerations of more than 1 million (% of total population),EN.URB.MCTY.TL.ZS,2008,12.87953808,,
IDA total,IDA,Population living in slums (% of urban population),EN.POP.SLUM.UR.ZS,2008,60.09890905,,
IDA total,IDA,Rural population (% of total population),SP.RUR.TOTL.ZS,2008,66.29506029,,
IDA total,IDA,Urban population (% of total population),SP.URB.TOTL.IN.ZS,2008,33.70493971,,
IDA total,IDA,Urban population growth (annual %),SP.URB.GROW,2008,3.88493453,,
Late-demographic dividend,LTE,Population density (people per sq. km of land area),EN.POP.DNST,2008,48.37670967,,
Late-demographic dividend,LTE,Population in urban agglomerations of more than 1 million (% of total population),EN.URB.MCTY.TL.ZS,2008,23.05987929,,
Late-demographic dividend,LTE,Population living in slums (% of urban population),EN.POP.SLUM.UR.ZS,2008,,,
Late-demographic dividend,LTE,Rural population (% of total population),SP.RUR.TOTL.ZS,2008,46.44155041,,
Late-demographic dividend,LTE,Urban population (% of total population),SP.URB.TOTL.IN.ZS,2008,53.55844959,,
Late-demographic dividend,LTE,Urban population growth (annual %),SP.URB.GROW,2008,2.194985031,,
Latin America & Caribbean,LCN,Population density (people per sq. km of land area),EN.POP.DNST,2008,28.67981779,,
Latin America & Caribbean,LCN,Population in urban agglomerations of more than 1 million (% of total population),EN.URB.MCTY.TL.ZS,2008,36.67275934,,
Latin America & Caribbean,LCN,Population living in slums (% of urban population),EN.POP.SLUM.UR.ZS,2008,23.43452368,,
Latin America & Caribbean,LCN,Rural population (% of total population),SP.RUR.TOTL.ZS,2008,22.04926241,,
Latin America & Caribbean,LCN,Urban population (% of total population),SP.URB.TOTL.IN.ZS,2008,77.95073759,,
Latin America & Caribbean,LCN,Urban population growth (annual %),SP.URB.GROW,2008,1.430178822,,
Latin America & Caribbean (excluding high income),LAC,Population density (people per sq. km of land area),EN.POP.DNST,2008,28.74185572,,
Latin America & Caribbean (excluding high income),LAC,Population in urban agglomerations of more than 1 million (% of total population),EN.URB.MCTY.TL.ZS,2008,36.44406195,,
Latin America & Caribbean (excluding high income),LAC,Population living in slums (% of urban population),EN.POP.SLUM.UR.ZS,2008,24.20813542,,
Latin America & Caribbean (excluding high income),LAC,Rural population (% of total population),SP.RUR.TOTL.ZS,2008,22.23471412,,
Latin America & Caribbean (excluding high income),LAC,Urban population (% of total population),SP.URB.TOTL.IN.ZS,2008,77.76528588,,
Latin America & Caribbean (excluding high income),LAC,Urban population growth (annual %),SP.URB.GROW,2008,1.454078989,,
Latin America & the Caribbean (IDA & IBRD countries),TLA,Population density (people per sq. km of land area),EN.POP.DNST,2008,28.06269893,,
Latin America & the Caribbean (IDA & IBRD countries),TLA,Population in urban agglomerations of more than 1 million (% of total population),EN.URB.MCTY.TL.ZS,2008,36.83171186,,
Latin America & the Caribbean (IDA & IBRD countries),TLA,Population living in slums (% of urban population),EN.POP.SLUM.UR.ZS,2008,23.85557944,,
Latin America & the Caribbean (IDA & IBRD countries),TLA,Rural population (% of total population),SP.RUR.TOTL.ZS,2008,22.13474172,,
Latin America & the Caribbean (IDA & IBRD countries),TLA,Urban population (% of total population),SP.URB.TOTL.IN.ZS,2008,77.86525828,,
Latin America & the Caribbean (IDA & IBRD countries),TLA,Urban population growth (annual %),SP.URB.GROW,2008,1.471606533,,
Least developed countries: UN classification,LDC,Population density (people per sq. km of land area),EN.POP.DNST,2008,45.68257992,,
Least developed countries: UN classification,LDC,Population in urban agglomerations of more than 1 million (% of total population),EN.URB.MCTY.TL.ZS,2008,11.00909839,,
Least developed countries: UN classification,LDC,Population living in slums (% of urban population),EN.POP.SLUM.UR.ZS,2008,62.62552683,,
Least developed countries: UN classification,LDC,Rural population (% of total population),SP.RUR.TOTL.ZS,2008,71.01227843,,
Least developed countries: UN classification,LDC,Urban population (% of total population),SP.URB.TOTL.IN.ZS,2008,28.98772157,,
Least developed countries: UN classification,LDC,Urban population growth (annual %),SP.URB.GROW,2008,4.180046763,,
Low & middle income,LMY,Population density (people per sq. km of land area),EN.POP.DNST,2008,73.07524314,,
Low & middle income,LMY,Population in urban agglomerations of more than 1 million (% of total population),EN.URB.MCTY.TL.ZS,2008,18.54388555,,
Low & middle income,LMY,Population living in slums (% of urban population),EN.POP.SLUM.UR.ZS,2008,,,
Low & middle income,LMY,Rural population (% of total population),SP.RUR.TOTL.ZS,2008,55.70336734,,
Low & middle income,LMY,Urban population (% of total population),SP.URB.TOTL.IN.ZS,2008,44.29663266,,
Low & middle income,LMY,Urban population growth (annual %),SP.URB.GROW,2008,2.689149314,,
Low income,LIC,Population density (people per sq. km of land area),EN.POP.DNST,2008,39.78967545,,
Low income,LIC,Population in urban agglomerations of more than 1 million (% of total population),EN.URB.MCTY.TL.ZS,2008,10.89016082,,
Low income,LIC,Population living in slums (% of urban population),EN.POP.SLUM.UR.ZS,2008,69.44036795,,
Low income,LIC,Rural population (% of total population),SP.RUR.TOTL.ZS,2008,71.52856653,,
Low income,LIC,Urban population (% of total population),SP.URB.TOTL.IN.ZS,2008,28.47143347,,
Low income,LIC,Urban population growth (annual %),SP.URB.GROW,2008,4.095212002,,
Lower middle income,LMC,Population density (people per sq. km of land area),EN.POP.DNST,2008,121.5067577,,
Lower middle income,LMC,Population in urban agglomerations of more than 1 million (% of total population),EN.URB.MCTY.TL.ZS,2008,14.52318343,,
Lower middle income,LMC,Population living in slums (% of urban population),EN.POP.SLUM.UR.ZS,2008,,,
Lower middle income,LMC,Rural population (% of total population),SP.RUR.TOTL.ZS,2008,64.58445631,,
Lower middle income,LMC,Urban population (% of total population),SP.URB.TOTL.IN.ZS,2008,35.41554369,,
Lower middle income,LMC,Urban population growth (annual %),SP.URB.GROW,2008,3.01955314,,
"Middle East, North Africa, Afghanistan & Pakistan",MEA,Population density (people per sq. km of land area),EN.POP.DNST,2008,47.25957284,,
"Middle East, North Africa, Afghanistan & Pakistan",MEA,Population in urban agglomerations of more than 1 million (% of total population),EN.URB.MCTY.TL.ZS,2008,21.33068051,,
"Middle East, North Africa, Afghanistan & Pakistan",MEA,Population living in slums (% of urban population),EN.POP.SLUM.UR.ZS,2008,42.47480746,,
"Middle East, North Africa, Afghanistan & Pakistan",MEA,Rural population (% of total population),SP.RUR.TOTL.ZS,2008,49.01386497,,
"Middle East, North Africa, Afghanistan & Pakistan",MEA,Urban population (% of total population),SP.URB.TOTL.IN.ZS,2008,50.98613503,,
"Middle East, North Africa, Afghanistan & Pakistan",MEA,Urban population growth (annual %),SP.URB.GROW,2008,2.981225928,,
"Middle East, North Africa, Afghanistan & Pakistan (excluding high income)",MNA,Population density (people per sq. km of land area),EN.POP.DNST,2008,54.90085766,,
"Middle East, North Africa, Afghanistan & Pakistan (excluding high income)",MNA,Population in urban agglomerations of more than 1 million (% of total population),EN.URB.MCTY.TL.ZS,2008,19.07727518,,
"Middle East, North Africa, Afghanistan & Pakistan (excluding high income)",MNA,Population living in slums (% of urban population),EN.POP.SLUM.UR.ZS,2008,44.1034205,,
"Middle East, North Africa, Afghanistan & Pakistan (excluding high income)",MNA,Rural population (% of total population),SP.RUR.TOTL.ZS,2008,51.79692209,,
"Middle East, North Africa, Afghanistan & Pakistan (excluding high income)",MNA,Urban population (% of total population),SP.URB.TOTL.IN.ZS,2008,48.20307791,,
"Middle East, North Africa, Afghanistan & Pakistan (excluding high income)",MNA,Urban population growth (annual %),SP.URB.GROW,2008,2.644508529,,
"Middle East, North Africa, Afghanistan & Pakistan (IDA & IBRD)",TMN,Population density (people per sq. km of land area),EN.POP.DNST,2008,54.57668417,,
"Middle East, North Africa, Afghanistan & Pakistan (IDA & IBRD)",TMN,Population in urban agglomerations of more than 1 million (% of total population),EN.URB.MCTY.TL.ZS,2008,19.07727518,,
"Middle East, North Africa, Afghanistan & Pakistan (IDA & IBRD)",TMN,Population living in slums (% of urban population),EN.POP.SLUM.UR.ZS,2008,44.29952528,,
"Middle East, North Africa, Afghanistan & Pakistan (IDA & IBRD)",TMN,Rural population (% of total population),SP.RUR.TOTL.ZS,2008,52.02519328,,
"Middle East, North Africa, Afghanistan & Pakistan (IDA & IBRD)",TMN,Urban population (% of total population),SP.URB.TOTL.IN.ZS,2008,47.97480672,,
"Middle East, North Africa, Afghanistan & Pakistan (IDA & IBRD)",TMN,Urban population growth (annual %),SP.URB.GROW,2008,2.636463729,,
Middle income,MIC,Population density (people per sq. km of land area),EN.POP.DNST,2008,79.48667699,,
Middle income,MIC,Population in urban agglomerations of more than 1 million (% of total population),EN.URB.MCTY.TL.ZS,2008,19.2534277,,
Middle income,MIC,Population living in slums (% of urban population),EN.POP.SLUM.UR.ZS,2008,,,
Middle income,MIC,Rural population (% of total population),SP.RUR.TOTL.ZS,2008,54.17747309,,
Middle income,MIC,Urban population (% of total population),SP.URB.TOTL.IN.ZS,2008,45.82252691,,
Middle income,MIC,Urban population growth (annual %),SP.URB.GROW,2008,2.605535312,,
North America,NAC,Population density (people per sq. km of land area),EN.POP.DNST,2008,18.62769126,,
North America,NAC,Population in urban agglomerations of more than 1 million (% of total population),EN.URB.MCTY.TL.ZS,2008,44.26316106,,
North America,NAC,Population living in slums (% of urban population),EN.POP.SLUM.UR.ZS,2008,0.224621487,,
North America,NAC,Rural population (% of total population),SP.RUR.TOTL.ZS,2008,19.37036342,,
North America,NAC,Urban population (% of total population),SP.URB.TOTL.IN.ZS,2008,80.62963658,,
North America,NAC,Urban population growth (annual %),SP.URB.GROW,2008,1.105578556,,
Not classified,INX,Population in urban agglomerations of more than 1 million (% of total population),EN.URB.MCTY.TL.ZS,2008,,,
Not classified,INX,Population living in slums (% of urban population),EN.POP.SLUM.UR.ZS,2008,,,
OECD members,OED,Population density (people per sq. km of land area),EN.POP.DNST,2008,35.92067598,,
OECD members,OED,Population in urban agglomerations of more than 1 million (% of total population),EN.URB.MCTY.TL.ZS,2008,35.67541044,,
OECD members,OED,Population living in slums (% of urban population),EN.POP.SLUM.UR.ZS,2008,4.897930382,,
OECD members,OED,Rural population (% of total population),SP.RUR.TOTL.ZS,2008,21.68182111,,
OECD members,OED,Urban population (% of total population),SP.URB.TOTL.IN.ZS,2008,78.31817889,,
OECD members,OED,Urban population growth (annual %),SP.URB.GROW,2008,1.111030768,,
Other small states,OSS,Population density (people per sq. km of land area),EN.POP.DNST,2008,39.64640787,,
Other small states,OSS,Population in urban agglomerations of more than 1 million (% of total population),EN.URB.MCTY.TL.ZS,2008,,,
Other small states,OSS,Population living in slums (% of urban population),EN.POP.SLUM.UR.ZS,2008,30.89496764,,
Other small states,OSS,Rural population (% of total population),SP.RUR.TOTL.ZS,2008,47.67830514,,
Other small states,OSS,Urban population (% of total population),SP.URB.TOTL.IN.ZS,2008,52.32169486,,
Other small states,OSS,Urban population growth (annual %),SP.URB.GROW,2008,1.566596673,,
Pacific island small states,PSS,Population density (people per sq. km of land area),EN.POP.DNST,2008,34.90247664,,
Pacific island small states,PSS,Population in urban agglomerations of more than 1 million (% of total population),EN.URB.MCTY.TL.ZS,2008,,,
Pacific island small states,PSS,Population living in slums (% of urban population),EN.POP.SLUM.UR.ZS,2008,10.2144871,,
Pacific island small states,PSS,Rural population (% of total population),SP.RUR.TOTL.ZS,2008,63.54191927,,
Pacific island small states,PSS,Urban population (% of total population),SP.URB.TOTL.IN.ZS,2008,36.45808073,,
Pacific island small states,PSS,Urban population growth (annual %),SP.URB.GROW,2008,1.911707615,,
Post-demographic dividend,PST,Population density (people per sq. km of land area),EN.POP.DNST,2008,34.01575431,,
Post-demographic dividend,PST,Population in urban agglomerations of more than 1 million (% of total population),EN.URB.MCTY.TL.ZS,2008,35.3517881,,
Post-demographic dividend,PST,Population living in slums (% of urban population),EN.POP.SLUM.UR.ZS,2008,0.473427557,,
Post-demographic dividend,PST,Rural population (% of total population),SP.RUR.TOTL.ZS,2008,20.50331169,,
Post-demographic dividend,PST,Urban population (% of total population),SP.URB.TOTL.IN.ZS,2008,79.49668831,,
Post-demographic dividend,PST,Urban population growth (annual %),SP.URB.GROW,2008,0.922198305,,
Pre-demographic dividend,PRE,Population density (people per sq. km of land area),EN.POP.DNST,2008,39.77104402,,
Pre-demographic dividend,PRE,Population in urban agglomerations of more than 1 million (% of total population),EN.URB.MCTY.TL.ZS,2008,14.33970067,,
Pre-demographic dividend,PRE,Population living in slums (% of urban population),EN.POP.SLUM.UR.ZS,2008,62.99145016,,
Pre-demographic dividend,PRE,Rural population (% of total population),SP.RUR.TOTL.ZS,2008,62.32997088,,
Pre-demographic dividend,PRE,Urban population (% of total population),SP.URB.TOTL.IN.ZS,2008,37.67002912,,
Pre-demographic dividend,PRE,Urban population growth (annual %),SP.URB.GROW,2008,4.250922267,,
Small states,SST,Population density (people per sq. km of land area),EN.POP.DNST,2008,23.38533997,,
Small states,SST,Population in urban agglomerations of more than 1 million (% of total population),EN.URB.MCTY.TL.ZS,2008,,,
Small states,SST,Population living in slums (% of urban population),EN.POP.SLUM.UR.ZS,2008,25.35620847,,
Small states,SST,Rural population (% of total population),SP.RUR.TOTL.ZS,2008,50.19683209,,
Small states,SST,Urban population (% of total population),SP.URB.TOTL.IN.ZS,2008,49.80316791,,
Small states,SST,Urban population growth (annual %),SP.URB.GROW,2008,1.289651499,,
South Asia,SAS,Population density (people per sq. km of land area),EN.POP.DNST,2008,419.9867449,,
South Asia,SAS,Population in urban agglomerations of more than 1 million (% of total population),EN.URB.MCTY.TL.ZS,2008,12.94132554,,
South Asia,SAS,Population living in slums (% of urban population),EN.POP.SLUM.UR.ZS,2008,,,
South Asia,SAS,Rural population (% of total population),SP.RUR.TOTL.ZS,2008,69.89096013,,
South Asia,SAS,Urban population (% of total population),SP.URB.TOTL.IN.ZS,2008,30.10903987,,
South Asia,SAS,Urban population growth (annual %),SP.URB.GROW,2008,2.821309419,,
South Asia (IDA & IBRD),TSA,Population density (people per sq. km of land area),EN.POP.DNST,2008,419.9867449,,
South Asia (IDA & IBRD),TSA,Population in urban agglomerations of more than 1 million (% of total population),EN.URB.MCTY.TL.ZS,2008,12.94132554,,
South Asia (IDA & IBRD),TSA,Population living in slums (% of urban population),EN.POP.SLUM.UR.ZS,2008,,,
South Asia (IDA & IBRD),TSA,Rural population (% of total population),SP.RUR.TOTL.ZS,2008,69.89096013,,
South Asia (IDA & IBRD),TSA,Urban population (% of total population),SP.URB.TOTL.IN.ZS,2008,30.10903987,,
South Asia (IDA & IBRD),TSA,Urban population growth (annual %),SP.URB.GROW,2008,2.821309419,,
Sub-Saharan Africa,SSF,Population density (people per sq. km of land area),EN.POP.DNST,2008,39.56164252,,
Sub-Saharan Africa,SSF,Population in urban agglomerations of more than 1 million (% of total population),EN.URB.MCTY.TL.ZS,2008,13.80166101,,
Sub-Saharan Africa,SSF,Population living in slums (% of urban population),EN.POP.SLUM.UR.ZS,2008,60.11928479,,
Sub-Saharan Africa,SSF,Rural population (% of total population),SP.RUR.TOTL.ZS,2008,63.37660329,,
Sub-Saharan Africa,SSF,Urban population (% of total population),SP.URB.TOTL.IN.ZS,2008,36.62339671,,
Sub-Saharan Africa,SSF,Urban population growth (annual %),SP.URB.GROW,2008,4.203585195,,
Sub-Saharan Africa (excluding high income),SSA,Population density (people per sq. km of land area),EN.POP.DNST,2008,39.55842798,,
Sub-Saharan Africa (excluding high income),SSA,Population in urban agglomerations of more than 1 million (% of total population),EN.URB.MCTY.TL.ZS,2008,13.80166101,,
Sub-Saharan Africa (excluding high income),SSA,Population living in slums (% of urban population),EN.POP.SLUM.UR.ZS,2008,60.11841172,,
Sub-Saharan Africa (excluding high income),SSA,Rural population (% of total population),SP.RUR.TOTL.ZS,2008,63.37722743,,
Sub-Saharan Africa (excluding high income),SSA,Urban population (% of total population),SP.URB.TOTL.IN.ZS,2008,36.62277257,,
Sub-Saharan Africa (excluding high income),SSA,Urban population growth (annual %),SP.URB.GROW,2008,4.203834694,,
Sub-Saharan Africa (IDA & IBRD countries),TSS,Population density (people per sq. km of land area),EN.POP.DNST,2008,39.56164252,,
Sub-Saharan Africa (IDA & IBRD countries),TSS,Population in urban agglomerations of more than 1 million (% of total population),EN.URB.MCTY.TL.ZS,2008,13.80166101,,
Sub-Saharan Africa (IDA & IBRD countries),TSS,Population living in slums (% of urban population),EN.POP.SLUM.UR.ZS,2008,60.11928479,,
Sub-Saharan Africa (IDA & IBRD countries),TSS,Rural population (% of total population),SP.RUR.TOTL.ZS,2008,63.37660329,,
Sub-Saharan Africa (IDA & IBRD countries),TSS,Urban population (% of total population),SP.URB.TOTL.IN.ZS,2008,36.62339671,,
Sub-Saharan Africa (IDA & IBRD countries),TSS,Urban population growth (annual %),SP.URB.GROW,2008,4.203585195,,
Upper middle income,UMC,Population density (people per sq. km of land area),EN.POP.DNST,2008,61.63900241,,
Upper middle income,UMC,Population in urban agglomerations of more than 1 million (% of total population),EN.URB.MCTY.TL.ZS,2008,23.2061565,,
Upper middle income,UMC,Population living in slums (% of urban population),EN.POP.SLUM.UR.ZS,2008,,,
Upper middle income,UMC,Rural population (% of total population),SP.RUR.TOTL.ZS,2008,45.46393685,,
Upper middle income,UMC,Urban population (% of total population),SP.URB.TOTL.IN.ZS,2008,54.53606315,,
Upper middle income,UMC,Urban population growth (annual %),SP.URB.GROW,2008,2.381140566,,
World,WLD,Population density (people per sq. km of land area),EN.POP.DNST,2008,53.59710601,,
World,WLD,Population in urban agglomerations of more than 1 million (% of total population),EN.URB.MCTY.TL.ZS,2008,21.6082048,,
World,WLD,Population living in slums (% of urban population),EN.POP.SLUM.UR.ZS,2008,,,
World,WLD,Rural population (% of total population),SP.RUR.TOTL.ZS,2008,49.11985671,,
World,WLD,Urban population (% of total population),SP.URB.TOTL.IN.ZS,2008,50.88014329,,
World,WLD,Urban population growth (annual %),SP.URB.GROW,2008,2.185068797,,
Africa Eastern and Southern,AFE,Population density (people per sq. km of land area),EN.POP.DNST,2009,41.80105278,,
Africa Eastern and Southern,AFE,Population in urban agglomerations of more than 1 million (% of total population),EN.URB.MCTY.TL.ZS,2009,12.82230353,,
Africa Eastern and Southern,AFE,Population living in slums (% of urban population),EN.POP.SLUM.UR.ZS,2009,,,
Africa Eastern and Southern,AFE,Rural population (% of total population),SP.RUR.TOTL.ZS,2009,67.75993224,,
Africa Eastern and Southern,AFE,Urban population (% of total population),SP.URB.TOTL.IN.ZS,2009,32.24006776,,
Africa Eastern and Southern,AFE,Urban population growth (annual %),SP.URB.GROW,2009,3.957640474,,
Africa Western and Central,AFW,Population density (people per sq. km of land area),EN.POP.DNST,2009,39.1257498,,
Africa Western and Central,AFW,Population in urban agglomerations of more than 1 million (% of total population),EN.URB.MCTY.TL.ZS,2009,15.55216638,,
Africa Western and Central,AFW,Population living in slums (% of urban population),EN.POP.SLUM.UR.ZS,2009,,,
Africa Western and Central,AFW,Rural population (% of total population),SP.RUR.TOTL.ZS,2009,55.84042766,,
Africa Western and Central,AFW,Urban population (% of total population),SP.URB.TOTL.IN.ZS,2009,44.15957234,,
Africa Western and Central,AFW,Urban population growth (annual %),SP.URB.GROW,2009,4.100652997,,
Arab World,ARB,Population density (people per sq. km of land area),EN.POP.DNST,2009,31.72723537,,
Arab World,ARB,Population in urban agglomerations of more than 1 million (% of total population),EN.URB.MCTY.TL.ZS,2009,22.15917932,,
Arab World,ARB,Population living in slums (% of urban population),EN.POP.SLUM.UR.ZS,2009,,,
Arab World,ARB,Rural population (% of total population),SP.RUR.TOTL.ZS,2009,44.64040184,,
Arab World,ARB,Urban population (% of total population),SP.URB.TOTL.IN.ZS,2009,55.35959816,,
Arab World,ARB,Urban population growth (annual %),SP.URB.GROW,2009,3.101682798,,
Caribbean small states,CSS,Population density (people per sq. km of land area),EN.POP.DNST,2009,10.40555007,,
Caribbean small states,CSS,Population in urban agglomerations of more than 1 million (% of total population),EN.URB.MCTY.TL.ZS,2009,,,
Caribbean small states,CSS,Population living in slums (% of urban population),EN.POP.SLUM.UR.ZS,2009,,,
Caribbean small states,CSS,Rural population (% of total population),SP.RUR.TOTL.ZS,2009,49.73507711,,
Caribbean small states,CSS,Urban population (% of total population),SP.URB.TOTL.IN.ZS,2009,50.26492289,,
Caribbean small states,CSS,Urban population growth (annual %),SP.URB.GROW,2009,0.222032924,,
Central Europe and the Baltics,CEB,Population density (people per sq. km of land area),EN.POP.DNST,2009,94.91405607,,
Central Europe and the Baltics,CEB,Population in urban agglomerations of more than 1 million (% of total population),EN.URB.MCTY.TL.ZS,2009,,,
Central Europe and the Baltics,CEB,Population living in slums (% of urban population),EN.POP.SLUM.UR.ZS,2009,,,
Central Europe and the Baltics,CEB,Rural population (% of total population),SP.RUR.TOTL.ZS,2009,38.09292439,,
Central Europe and the Baltics,CEB,Urban population (% of total population),SP.URB.TOTL.IN.ZS,2009,61.90707561,,
Central Europe and the Baltics,CEB,Urban population growth (annual %),SP.URB.GROW,2009,-0.139915217,,
Early-demographic dividend,EAR,Population density (people per sq. km of land area),EN.POP.DNST,2009,87.68541055,,
Early-demographic dividend,EAR,Population in urban agglomerations of more than 1 million (% of total population),EN.URB.MCTY.TL.ZS,2009,17.0695702,,
Early-demographic dividend,EAR,Population living in slums (% of urban population),EN.POP.SLUM.UR.ZS,2009,,,
Early-demographic dividend,EAR,Rural population (% of total population),SP.RUR.TOTL.ZS,2009,58.27914659,,
Early-demographic dividend,EAR,Urban population (% of total population),SP.URB.TOTL.IN.ZS,2009,41.72085341,,
Early-demographic dividend,EAR,Urban population growth (annual %),SP.URB.GROW,2009,2.613166687,,
East Asia & Pacific,EAS,Population density (people per sq. km of land area),EN.POP.DNST,2009,89.91124026,,
East Asia & Pacific,EAS,Population in urban agglomerations of more than 1 million (% of total population),EN.URB.MCTY.TL.ZS,2009,,,
East Asia & Pacific,EAS,Population living in slums (% of urban population),EN.POP.SLUM.UR.ZS,2009,,,
East Asia & Pacific,EAS,Rural population (% of total population),SP.RUR.TOTL.ZS,2009,48.73083964,,
East Asia & Pacific,EAS,Urban population (% of total population),SP.URB.TOTL.IN.ZS,2009,51.26916036,,
East Asia & Pacific,EAS,Urban population growth (annual %),SP.URB.GROW,2009,2.787236837,,
East Asia & Pacific (excluding high income),EAP,Population density (people per sq. km of land area),EN.POP.DNST,2009,122.5454577,,
East Asia & Pacific (excluding high income),EAP,Population in urban agglomerations of more than 1 million (% of total population),EN.URB.MCTY.TL.ZS,2009,,,
East Asia & Pacific (excluding high income),EAP,Population living in slums (% of urban population),EN.POP.SLUM.UR.ZS,2009,,,
East Asia & Pacific (excluding high income),EAP,Rural population (% of total population),SP.RUR.TOTL.ZS,2009,53.16556448,,
East Asia & Pacific (excluding high income),EAP,Urban population (% of total population),SP.URB.TOTL.IN.ZS,2009,46.83443552,,
East Asia & Pacific (excluding high income),EAP,Urban population growth (annual %),SP.URB.GROW,2009,3.220397623,,
East Asia & Pacific (IDA & IBRD countries),TEA,Population density (people per sq. km of land area),EN.POP.DNST,2009,121.9055576,,
East Asia & Pacific (IDA & IBRD countries),TEA,Population in urban agglomerations of more than 1 million (% of total population),EN.URB.MCTY.TL.ZS,2009,,,
East Asia & Pacific (IDA & IBRD countries),TEA,Population living in slums (% of urban population),EN.POP.SLUM.UR.ZS,2009,,,
East Asia & Pacific (IDA & IBRD countries),TEA,Rural population (% of total population),SP.RUR.TOTL.ZS,2009,53.33629549,,
East Asia & Pacific (IDA & IBRD countries),TEA,Urban population (% of total population),SP.URB.TOTL.IN.ZS,2009,46.66370451,,
East Asia & Pacific (IDA & IBRD countries),TEA,Urban population growth (annual %),SP.URB.GROW,2009,3.263245606,,
Euro area,EMU,Population density (people per sq. km of land area),EN.POP.DNST,2009,122.6474416,,
Euro area,EMU,Population in urban agglomerations of more than 1 million (% of total population),EN.URB.MCTY.TL.ZS,2009,18.61204898,,
Euro area,EMU,Population living in slums (% of urban population),EN.POP.SLUM.UR.ZS,2009,,,
Euro area,EMU,Rural population (% of total population),SP.RUR.TOTL.ZS,2009,25.0416226,,
Euro area,EMU,Urban population (% of total population),SP.URB.TOTL.IN.ZS,2009,74.9583774,,
Euro area,EMU,Urban population growth (annual %),SP.URB.GROW,2009,0.494173134,,
Europe & Central Asia,ECS,Population density (people per sq. km of land area),EN.POP.DNST,2009,32.3643178,,
Europe & Central Asia,ECS,Population in urban agglomerations of more than 1 million (% of total population),EN.URB.MCTY.TL.ZS,2009,19.28984559,,
Europe & Central Asia,ECS,Population living in slums (% of urban population),EN.POP.SLUM.UR.ZS,2009,,,
Europe & Central Asia,ECS,Rural population (% of total population),SP.RUR.TOTL.ZS,2009,29.64766816,,
Europe & Central Asia,ECS,Urban population (% of total population),SP.URB.TOTL.IN.ZS,2009,70.35233184,,
Europe & Central Asia,ECS,Urban population growth (annual %),SP.URB.GROW,2009,0.664544841,,
Europe & Central Asia (excluding high income),ECA,Population density (people per sq. km of land area),EN.POP.DNST,2009,38.63823181,,
Europe & Central Asia (excluding high income),ECA,Population in urban agglomerations of more than 1 million (% of total population),EN.URB.MCTY.TL.ZS,2009,21.3295506,,
Europe & Central Asia (excluding high income),ECA,Population living in slums (% of urban population),EN.POP.SLUM.UR.ZS,2009,,,
Europe & Central Asia (excluding high income),ECA,Rural population (% of total population),SP.RUR.TOTL.ZS,2009,39.77719542,,
Europe & Central Asia (excluding high income),ECA,Urban population (% of total population),SP.URB.TOTL.IN.ZS,2009,60.22280458,,
Europe & Central Asia (excluding high income),ECA,Urban population growth (annual %),SP.URB.GROW,2009,1.526303524,,
Europe & Central Asia (IDA & IBRD countries),TEC,Population density (people per sq. km of land area),EN.POP.DNST,2009,19.19959488,,
Europe & Central Asia (IDA & IBRD countries),TEC,Population in urban agglomerations of more than 1 million (% of total population),EN.URB.MCTY.TL.ZS,2009,19.14514897,,
Europe & Central Asia (IDA & IBRD countries),TEC,Population living in slums (% of urban population),EN.POP.SLUM.UR.ZS,2009,,,
Europe & Central Asia (IDA & IBRD countries),TEC,Rural population (% of total population),SP.RUR.TOTL.ZS,2009,35.56456206,,
Europe & Central Asia (IDA & IBRD countries),TEC,Urban population (% of total population),SP.URB.TOTL.IN.ZS,2009,64.43543794,,
Europe & Central Asia (IDA & IBRD countries),TEC,Urban population growth (annual %),SP.URB.GROW,2009,0.731488453,,
European Union,EUU,Population density (people per sq. km of land area),EN.POP.DNST,2009,110.7503587,,
European Union,EUU,Population in urban agglomerations of more than 1 million (% of total population),EN.URB.MCTY.TL.ZS,2009,16.61969573,,
European Union,EUU,Population living in slums (% of urban population),EN.POP.SLUM.UR.ZS,2009,,,
European Union,EUU,Rural population (% of total population),SP.RUR.TOTL.ZS,2009,27.05315304,,
European Union,EUU,Urban population (% of total population),SP.URB.TOTL.IN.ZS,2009,72.94684696,,
European Union,EUU,Urban population growth (annual %),SP.URB.GROW,2009,0.425699228,,
Heavily indebted poor countries (HIPC),HPC,Population density (people per sq. km of land area),EN.POP.DNST,2009,35.42862472,,
Heavily indebted poor countries (HIPC),HPC,Population in urban agglomerations of more than 1 million (% of total population),EN.URB.MCTY.TL.ZS,2009,12.74775865,,
Heavily indebted poor countries (HIPC),HPC,Population living in slums (% of urban population),EN.POP.SLUM.UR.ZS,2009,,,
Heavily indebted poor countries (HIPC),HPC,Rural population (% of total population),SP.RUR.TOTL.ZS,2009,68.63606239,,
Heavily indebted poor countries (HIPC),HPC,Urban population (% of total population),SP.URB.TOTL.IN.ZS,2009,31.36393761,,
Heavily indebted poor countries (HIPC),HPC,Urban population growth (annual %),SP.URB.GROW,2009,4.089170644,,
High income,HIC,Population density (people per sq. km of land area),EN.POP.DNST,2009,25.4576516,,
High income,HIC,Population in urban agglomerations of more than 1 million (% of total population),EN.URB.MCTY.TL.ZS,2009,,,
High income,HIC,Population living in slums (% of urban population),EN.POP.SLUM.UR.ZS,2009,,,
High income,HIC,Rural population (% of total population),SP.RUR.TOTL.ZS,2009,21.31319564,,
High income,HIC,Urban population (% of total population),SP.URB.TOTL.IN.ZS,2009,78.68680436,,
High income,HIC,Urban population growth (annual %),SP.URB.GROW,2009,0.85089225,,
IBRD only,IBD,Population density (people per sq. km of land area),EN.POP.DNST,2009,62.04308854,,
IBRD only,IBD,Population in urban agglomerations of more than 1 million (% of total population),EN.URB.MCTY.TL.ZS,2009,20.62365225,,
IBRD only,IBD,Population living in slums (% of urban population),EN.POP.SLUM.UR.ZS,2009,,,
IBRD only,IBD,Rural population (% of total population),SP.RUR.TOTL.ZS,2009,50.43065167,,
IBRD only,IBD,Urban population (% of total population),SP.URB.TOTL.IN.ZS,2009,49.56934833,,
IBRD only,IBD,Urban population growth (annual %),SP.URB.GROW,2009,2.412867048,,
IDA & IBRD total,IBT,Population density (people per sq. km of land area),EN.POP.DNST,2009,61.96234774,,
IDA & IBRD total,IBT,Population in urban agglomerations of more than 1 million (% of total population),EN.URB.MCTY.TL.ZS,2009,18.86777276,,
IDA & IBRD total,IBT,Population living in slums (% of urban population),EN.POP.SLUM.UR.ZS,2009,,,
IDA & IBRD total,IBT,Rural population (% of total population),SP.RUR.TOTL.ZS,2009,54.1702508,,
IDA & IBRD total,IBT,Urban population (% of total population),SP.URB.TOTL.IN.ZS,2009,45.8297492,,
IDA & IBRD total,IBT,Urban population growth (annual %),SP.URB.GROW,2009,2.639760297,,
IDA blend,IDB,Population density (people per sq. km of land area),EN.POP.DNST,2009,101.1773785,,
IDA blend,IDB,Population in urban agglomerations of more than 1 million (% of total population),EN.URB.MCTY.TL.ZS,2009,,,
IDA blend,IDB,Population living in slums (% of urban population),EN.POP.SLUM.UR.ZS,2009,,,
IDA blend,IDB,Rural population (% of total population),SP.RUR.TOTL.ZS,2009,58.2530798,,
IDA blend,IDB,Urban population (% of total population),SP.URB.TOTL.IN.ZS,2009,41.7469202,,
IDA blend,IDB,Urban population growth (annual %),SP.URB.GROW,2009,3.550654893,,
IDA only,IDX,Population density (people per sq. km of land area),EN.POP.DNST,2009,50.90424363,,
IDA only,IDX,Population in urban agglomerations of more than 1 million (% of total population),EN.URB.MCTY.TL.ZS,2009,11.57694867,,
IDA only,IDX,Population living in slums (% of urban population),EN.POP.SLUM.UR.ZS,2009,,,
IDA only,IDX,Rural population (% of total population),SP.RUR.TOTL.ZS,2009,69.98286233,,
IDA only,IDX,Urban population (% of total population),SP.URB.TOTL.IN.ZS,2009,30.01713767,,
IDA only,IDX,Urban population growth (annual %),SP.URB.GROW,2009,3.768745139,,
IDA total,IDA,Population density (people per sq. km of land area),EN.POP.DNST,2009,61.71154868,,
IDA total,IDA,Population in urban agglomerations of more than 1 million (% of total population),EN.URB.MCTY.TL.ZS,2009,13.01417764,,
IDA total,IDA,Population living in slums (% of urban population),EN.POP.SLUM.UR.ZS,2009,,,
IDA total,IDA,Rural population (% of total population),SP.RUR.TOTL.ZS,2009,65.84869185,,
IDA total,IDA,Urban population (% of total population),SP.URB.TOTL.IN.ZS,2009,34.15130815,,
IDA total,IDA,Urban population growth (annual %),SP.URB.GROW,2009,3.674724923,,
Late-demographic dividend,LTE,Population density (people per sq. km of land area),EN.POP.DNST,2009,48.67672349,,
Late-demographic dividend,LTE,Population in urban agglomerations of more than 1 million (% of total population),EN.URB.MCTY.TL.ZS,2009,23.58936172,,
Late-demographic dividend,LTE,Population living in slums (% of urban population),EN.POP.SLUM.UR.ZS,2009,,,
Late-demographic dividend,LTE,Rural population (% of total population),SP.RUR.TOTL.ZS,2009,45.47746863,,
Late-demographic dividend,LTE,Urban population (% of total population),SP.URB.TOTL.IN.ZS,2009,54.52253137,,
Late-demographic dividend,LTE,Urban population growth (annual %),SP.URB.GROW,2009,2.402484278,,
Latin America & Caribbean,LCN,Population density (people per sq. km of land area),EN.POP.DNST,2009,29.00304804,,
Latin America & Caribbean,LCN,Population in urban agglomerations of more than 1 million (% of total population),EN.URB.MCTY.TL.ZS,2009,36.83422528,,
Latin America & Caribbean,LCN,Population living in slums (% of urban population),EN.POP.SLUM.UR.ZS,2009,,,
Latin America & Caribbean,LCN,Rural population (% of total population),SP.RUR.TOTL.ZS,2009,21.83646252,,
Latin America & Caribbean,LCN,Urban population (% of total population),SP.URB.TOTL.IN.ZS,2009,78.16353748,,
Latin America & Caribbean,LCN,Urban population growth (annual %),SP.URB.GROW,2009,1.393348804,,
Latin America & Caribbean (excluding high income),LAC,Population density (people per sq. km of land area),EN.POP.DNST,2009,29.07124124,,
Latin America & Caribbean (excluding high income),LAC,Population in urban agglomerations of more than 1 million (% of total population),EN.URB.MCTY.TL.ZS,2009,36.61750526,,
Latin America & Caribbean (excluding high income),LAC,Population living in slums (% of urban population),EN.POP.SLUM.UR.ZS,2009,,,
Latin America & Caribbean (excluding high income),LAC,Rural population (% of total population),SP.RUR.TOTL.ZS,2009,22.02074012,,
Latin America & Caribbean (excluding high income),LAC,Urban population (% of total population),SP.URB.TOTL.IN.ZS,2009,77.97925988,,
Latin America & Caribbean (excluding high income),LAC,Urban population growth (annual %),SP.URB.GROW,2009,1.414272806,,
Latin America & the Caribbean (IDA & IBRD countries),TLA,Population density (people per sq. km of land area),EN.POP.DNST,2009,28.38833024,,
Latin America & the Caribbean (IDA & IBRD countries),TLA,Population in urban agglomerations of more than 1 million (% of total population),EN.URB.MCTY.TL.ZS,2009,36.99639962,,
Latin America & the Caribbean (IDA & IBRD countries),TLA,Population living in slums (% of urban population),EN.POP.SLUM.UR.ZS,2009,,,
Latin America & the Caribbean (IDA & IBRD countries),TLA,Rural population (% of total population),SP.RUR.TOTL.ZS,2009,21.91685015,,
Latin America & the Caribbean (IDA & IBRD countries),TLA,Urban population (% of total population),SP.URB.TOTL.IN.ZS,2009,78.08314985,,
Latin America & the Caribbean (IDA & IBRD countries),TLA,Urban population growth (annual %),SP.URB.GROW,2009,1.433131872,,
Least developed countries: UN classification,LDC,Population density (people per sq. km of land area),EN.POP.DNST,2009,46.7705422,,
Least developed countries: UN classification,LDC,Population in urban agglomerations of more than 1 million (% of total population),EN.URB.MCTY.TL.ZS,2009,11.17869373,,
Least developed countries: UN classification,LDC,Population living in slums (% of urban population),EN.POP.SLUM.UR.ZS,2009,,,
Least developed countries: UN classification,LDC,Rural population (% of total population),SP.RUR.TOTL.ZS,2009,70.53130025,,
Least developed countries: UN classification,LDC,Urban population (% of total population),SP.URB.TOTL.IN.ZS,2009,29.46869975,,
Least developed countries: UN classification,LDC,Urban population growth (annual %),SP.URB.GROW,2009,3.99940879,,
Low & middle income,LMY,Population density (people per sq. km of land area),EN.POP.DNST,2009,74.11125678,,
Low & middle income,LMY,Population in urban agglomerations of more than 1 million (% of total population),EN.URB.MCTY.TL.ZS,2009,18.80725086,,
Low & middle income,LMY,Population living in slums (% of urban population),EN.POP.SLUM.UR.ZS,2009,,,
Low & middle income,LMY,Rural population (% of total population),SP.RUR.TOTL.ZS,2009,55.0853602,,
Low & middle income,LMY,Urban population (% of total population),SP.URB.TOTL.IN.ZS,2009,44.9146398,,
Low & middle income,LMY,Urban population growth (annual %),SP.URB.GROW,2009,2.789902947,,
Low income,LIC,Population density (people per sq. km of land area),EN.POP.DNST,2009,40.93768379,,
Low income,LIC,Population in urban agglomerations of more than 1 million (% of total population),EN.URB.MCTY.TL.ZS,2009,10.98294064,,
Low income,LIC,Population living in slums (% of urban population),EN.POP.SLUM.UR.ZS,2009,,,
Low income,LIC,Rural population (% of total population),SP.RUR.TOTL.ZS,2009,71.24435631,,
Low income,LIC,Urban population (% of total population),SP.URB.TOTL.IN.ZS,2009,28.75564369,,
Low income,LIC,Urban population growth (annual %),SP.URB.GROW,2009,3.837899228,,
Lower middle income,LMC,Population density (people per sq. km of land area),EN.POP.DNST,2009,123.6319232,,
Lower middle income,LMC,Population in urban agglomerations of more than 1 million (% of total population),EN.URB.MCTY.TL.ZS,2009,14.67265518,,
Lower middle income,LMC,Population living in slums (% of urban population),EN.POP.SLUM.UR.ZS,2009,,,
Lower middle income,LMC,Rural population (% of total population),SP.RUR.TOTL.ZS,2009,64.14868712,,
Lower middle income,LMC,Urban population (% of total population),SP.URB.TOTL.IN.ZS,2009,35.85131288,,
Lower middle income,LMC,Urban population growth (annual %),SP.URB.GROW,2009,2.956658468,,
"Middle East, North Africa, Afghanistan & Pakistan",MEA,Population density (people per sq. km of land area),EN.POP.DNST,2009,48.40200186,,
"Middle East, North Africa, Afghanistan & Pakistan",MEA,Population in urban agglomerations of more than 1 million (% of total population),EN.URB.MCTY.TL.ZS,2009,21.40345721,,
"Middle East, North Africa, Afghanistan & Pakistan",MEA,Population living in slums (% of urban population),EN.POP.SLUM.UR.ZS,2009,,,
"Middle East, North Africa, Afghanistan & Pakistan",MEA,Rural population (% of total population),SP.RUR.TOTL.ZS,2009,48.72220964,,
"Middle East, North Africa, Afghanistan & Pakistan",MEA,Urban population (% of total population),SP.URB.TOTL.IN.ZS,2009,51.27779036,,
"Middle East, North Africa, Afghanistan & Pakistan",MEA,Urban population growth (annual %),SP.URB.GROW,2009,2.939147633,,
"Middle East, North Africa, Afghanistan & Pakistan (excluding high income)",MNA,Population density (people per sq. km of land area),EN.POP.DNST,2009,56.14226889,,
"Middle East, North Africa, Afghanistan & Pakistan (excluding high income)",MNA,Population in urban agglomerations of more than 1 million (% of total population),EN.URB.MCTY.TL.ZS,2009,19.1274376,,
"Middle East, North Africa, Afghanistan & Pakistan (excluding high income)",MNA,Population living in slums (% of urban population),EN.POP.SLUM.UR.ZS,2009,,,
"Middle East, North Africa, Afghanistan & Pakistan (excluding high income)",MNA,Rural population (% of total population),SP.RUR.TOTL.ZS,2009,51.56265596,,
"Middle East, North Africa, Afghanistan & Pakistan (excluding high income)",MNA,Urban population (% of total population),SP.URB.TOTL.IN.ZS,2009,48.43734404,,
"Middle East, North Africa, Afghanistan & Pakistan (excluding high income)",MNA,Urban population growth (annual %),SP.URB.GROW,2009,2.695885944,,
"Middle East, North Africa, Afghanistan & Pakistan (IDA & IBRD)",TMN,Population density (people per sq. km of land area),EN.POP.DNST,2009,55.80910166,,
"Middle East, North Africa, Afghanistan & Pakistan (IDA & IBRD)",TMN,Population in urban agglomerations of more than 1 million (% of total population),EN.URB.MCTY.TL.ZS,2009,19.1274376,,
"Middle East, North Africa, Afghanistan & Pakistan (IDA & IBRD)",TMN,Population living in slums (% of urban population),EN.POP.SLUM.UR.ZS,2009,,,
"Middle East, North Africa, Afghanistan & Pakistan (IDA & IBRD)",TMN,Rural population (% of total population),SP.RUR.TOTL.ZS,2009,51.79311535,,
"Middle East, North Africa, Afghanistan & Pakistan (IDA & IBRD)",TMN,Urban population (% of total population),SP.URB.TOTL.IN.ZS,2009,48.20688465,,
"Middle East, North Africa, Afghanistan & Pakistan (IDA & IBRD)",TMN,Urban population growth (annual %),SP.URB.GROW,2009,2.690652642,,
Middle income,MIC,Population density (people per sq. km of land area),EN.POP.DNST,2009,80.50139689,,
Middle income,MIC,Population in urban agglomerations of more than 1 million (% of total population),EN.URB.MCTY.TL.ZS,2009,19.54387214,,
Middle income,MIC,Population living in slums (% of urban population),EN.POP.SLUM.UR.ZS,2009,,,
Middle income,MIC,Rural population (% of total population),SP.RUR.TOTL.ZS,2009,53.50246429,,
Middle income,MIC,Urban population (% of total population),SP.URB.TOTL.IN.ZS,2009,46.49753571,,
Middle income,MIC,Urban population growth (annual %),SP.URB.GROW,2009,2.726766511,,
North America,NAC,Population density (people per sq. km of land area),EN.POP.DNST,2009,18.79666317,,
North America,NAC,Population in urban agglomerations of more than 1 million (% of total population),EN.URB.MCTY.TL.ZS,2009,44.38267473,,
North America,NAC,Population living in slums (% of urban population),EN.POP.SLUM.UR.ZS,2009,,,
North America,NAC,Rural population (% of total population),SP.RUR.TOTL.ZS,2009,19.29415446,,
North America,NAC,Urban population (% of total population),SP.URB.TOTL.IN.ZS,2009,80.70584554,,
North America,NAC,Urban population growth (annual %),SP.URB.GROW,2009,0.997483576,,
Not classified,INX,Population in urban agglomerations of more than 1 million (% of total population),EN.URB.MCTY.TL.ZS,2009,,,
Not classified,INX,Population living in slums (% of urban population),EN.POP.SLUM.UR.ZS,2009,,,
OECD members,OED,Population density (people per sq. km of land area),EN.POP.DNST,2009,36.18077226,,
OECD members,OED,Population in urban agglomerations of more than 1 million (% of total population),EN.URB.MCTY.TL.ZS,2009,35.82623587,,
OECD members,OED,Population living in slums (% of urban population),EN.POP.SLUM.UR.ZS,2009,,,
OECD members,OED,Rural population (% of total population),SP.RUR.TOTL.ZS,2009,21.45266122,,
OECD members,OED,Urban population (% of total population),SP.URB.TOTL.IN.ZS,2009,78.54733878,,
OECD members,OED,Urban population growth (annual %),SP.URB.GROW,2009,1.016155542,,
Other small states,OSS,Population density (people per sq. km of land area),EN.POP.DNST,2009,40.10966539,,
Other small states,OSS,Population in urban agglomerations of more than 1 million (% of total population),EN.URB.MCTY.TL.ZS,2009,,,
Other small states,OSS,Population living in slums (% of urban population),EN.POP.SLUM.UR.ZS,2009,,,
Other small states,OSS,Rural population (% of total population),SP.RUR.TOTL.ZS,2009,47.52520948,,
Other small states,OSS,Urban population (% of total population),SP.URB.TOTL.IN.ZS,2009,52.47479052,,
Other small states,OSS,Urban population growth (annual %),SP.URB.GROW,2009,1.45384298,,
Pacific island small states,PSS,Population density (people per sq. km of land area),EN.POP.DNST,2009,35.24074766,,
Pacific island small states,PSS,Population in urban agglomerations of more than 1 million (% of total population),EN.URB.MCTY.TL.ZS,2009,,,
Pacific island small states,PSS,Population living in slums (% of urban population),EN.POP.SLUM.UR.ZS,2009,,,
Pacific island small states,PSS,Rural population (% of total population),SP.RUR.TOTL.ZS,2009,63.21178924,,
Pacific island small states,PSS,Urban population (% of total population),SP.URB.TOTL.IN.ZS,2009,36.78821076,,
Pacific island small states,PSS,Urban population growth (annual %),SP.URB.GROW,2009,1.86587419,,
Post-demographic dividend,PST,Population density (people per sq. km of land area),EN.POP.DNST,2009,34.19083969,,
Post-demographic dividend,PST,Population in urban agglomerations of more than 1 million (% of total population),EN.URB.MCTY.TL.ZS,2009,35.48684926,,
Post-demographic dividend,PST,Population living in slums (% of urban population),EN.POP.SLUM.UR.ZS,2009,,,
Post-demographic dividend,PST,Rural population (% of total population),SP.RUR.TOTL.ZS,2009,20.29448831,,
Post-demographic dividend,PST,Urban population (% of total population),SP.URB.TOTL.IN.ZS,2009,79.70551169,,
Post-demographic dividend,PST,Urban population growth (annual %),SP.URB.GROW,2009,0.778498165,,
Pre-demographic dividend,PRE,Population density (people per sq. km of land area),EN.POP.DNST,2009,40.9856817,,
Pre-demographic dividend,PRE,Population in urban agglomerations of more than 1 million (% of total population),EN.URB.MCTY.TL.ZS,2009,14.47417328,,
Pre-demographic dividend,PRE,Population living in slums (% of urban population),EN.POP.SLUM.UR.ZS,2009,,,
Pre-demographic dividend,PRE,Rural population (% of total population),SP.RUR.TOTL.ZS,2009,61.82389302,,
Pre-demographic dividend,PRE,Urban population (% of total population),SP.URB.TOTL.IN.ZS,2009,38.17610698,,
Pre-demographic dividend,PRE,Urban population growth (annual %),SP.URB.GROW,2009,4.325813635,,
Small states,SST,Population density (people per sq. km of land area),EN.POP.DNST,2009,23.61687707,,
Small states,SST,Population in urban agglomerations of more than 1 million (% of total population),EN.URB.MCTY.TL.ZS,2009,,,
Small states,SST,Population living in slums (% of urban population),EN.POP.SLUM.UR.ZS,2009,,,
Small states,SST,Rural population (% of total population),SP.RUR.TOTL.ZS,2009,50.09170724,,
Small states,SST,Urban population (% of total population),SP.URB.TOTL.IN.ZS,2009,49.90829276,,
Small states,SST,Urban population growth (annual %),SP.URB.GROW,2009,1.196068468,,
South Asia,SAS,Population density (people per sq. km of land area),EN.POP.DNST,2009,425.758542,,
South Asia,SAS,Population in urban agglomerations of more than 1 million (% of total population),EN.URB.MCTY.TL.ZS,2009,13.10250912,,
South Asia,SAS,Population living in slums (% of urban population),EN.POP.SLUM.UR.ZS,2009,,,
South Asia,SAS,Rural population (% of total population),SP.RUR.TOTL.ZS,2009,69.45933403,,
South Asia,SAS,Urban population (% of total population),SP.URB.TOTL.IN.ZS,2009,30.54066597,,
South Asia,SAS,Urban population growth (annual %),SP.URB.GROW,2009,2.788287997,,
South Asia (IDA & IBRD),TSA,Population density (people per sq. km of land area),EN.POP.DNST,2009,425.758542,,
South Asia (IDA & IBRD),TSA,Population in urban agglomerations of more than 1 million (% of total population),EN.URB.MCTY.TL.ZS,2009,13.10250912,,
South Asia (IDA & IBRD),TSA,Population living in slums (% of urban population),EN.POP.SLUM.UR.ZS,2009,,,
South Asia (IDA & IBRD),TSA,Rural population (% of total population),SP.RUR.TOTL.ZS,2009,69.45933403,,
South Asia (IDA & IBRD),TSA,Urban population (% of total population),SP.URB.TOTL.IN.ZS,2009,30.54066597,,
South Asia (IDA & IBRD),TSA,Urban population growth (annual %),SP.URB.GROW,2009,2.788287997,,
Sub-Saharan Africa,SSF,Population density (people per sq. km of land area),EN.POP.DNST,2009,40.66967613,,
Sub-Saharan Africa,SSF,Population in urban agglomerations of more than 1 million (% of total population),EN.URB.MCTY.TL.ZS,2009,13.93313129,,
Sub-Saharan Africa,SSF,Population living in slums (% of urban population),EN.POP.SLUM.UR.ZS,2009,,,
Sub-Saharan Africa,SSF,Rural population (% of total population),SP.RUR.TOTL.ZS,2009,62.91057251,,
Sub-Saharan Africa,SSF,Urban population (% of total population),SP.URB.TOTL.IN.ZS,2009,37.08942749,,
Sub-Saharan Africa,SSF,Urban population growth (annual %),SP.URB.GROW,2009,4.026889688,,
Sub-Saharan Africa (excluding high income),SSA,Population density (people per sq. km of land area),EN.POP.DNST,2009,40.66646943,,
Sub-Saharan Africa (excluding high income),SSA,Population in urban agglomerations of more than 1 million (% of total population),EN.URB.MCTY.TL.ZS,2009,13.93313129,,
Sub-Saharan Africa (excluding high income),SSA,Population living in slums (% of urban population),EN.POP.SLUM.UR.ZS,2009,,,
Sub-Saharan Africa (excluding high income),SSA,Rural population (% of total population),SP.RUR.TOTL.ZS,2009,62.91113267,,
Sub-Saharan Africa (excluding high income),SSA,Urban population (% of total population),SP.URB.TOTL.IN.ZS,2009,37.08886733,,
Sub-Saharan Africa (excluding high income),SSA,Urban population growth (annual %),SP.URB.GROW,2009,4.027324133,,
Sub-Saharan Africa (IDA & IBRD countries),TSS,Population density (people per sq. km of land area),EN.POP.DNST,2009,40.66967613,,
Sub-Saharan Africa (IDA & IBRD countries),TSS,Population in urban agglomerations of more than 1 million (% of total population),EN.URB.MCTY.TL.ZS,2009,13.93313129,,
Sub-Saharan Africa (IDA & IBRD countries),TSS,Population living in slums (% of urban population),EN.POP.SLUM.UR.ZS,2009,,,
Sub-Saharan Africa (IDA & IBRD countries),TSS,Rural population (% of total population),SP.RUR.TOTL.ZS,2009,62.91057251,,
Sub-Saharan Africa (IDA & IBRD countries),TSS,Urban population (% of total population),SP.URB.TOTL.IN.ZS,2009,37.08942749,,
Sub-Saharan Africa (IDA & IBRD countries),TSS,Urban population growth (annual %),SP.URB.GROW,2009,4.026889688,,
Upper middle income,UMC,Population density (people per sq. km of land area),EN.POP.DNST,2009,62.18104566,,
Upper middle income,UMC,Population in urban agglomerations of more than 1 million (% of total population),EN.URB.MCTY.TL.ZS,2009,23.64913548,,
Upper middle income,UMC,Population living in slums (% of urban population),EN.POP.SLUM.UR.ZS,2009,,,
Upper middle income,UMC,Rural population (% of total population),SP.RUR.TOTL.ZS,2009,44.51127391,,
Upper middle income,UMC,Urban population (% of total population),SP.URB.TOTL.IN.ZS,2009,55.48872609,,
Upper middle income,UMC,Urban population growth (annual %),SP.URB.GROW,2009,2.601546228,,
World,WLD,Population density (people per sq. km of land area),EN.POP.DNST,2009,54.27331569,,
World,WLD,Population in urban agglomerations of more than 1 million (% of total population),EN.URB.MCTY.TL.ZS,2009,21.82968451,,
World,WLD,Population living in slums (% of urban population),EN.POP.SLUM.UR.ZS,2009,,,
World,WLD,Rural population (% of total population),SP.RUR.TOTL.ZS,2009,48.62625363,,
World,WLD,Urban population (% of total population),SP.URB.TOTL.IN.ZS,2009,51.37374637,,
World,WLD,Urban population growth (annual %),SP.URB.GROW,2009,2.217990883,,
Africa Eastern and Southern,AFE,Population density (people per sq. km of land area),EN.POP.DNST,2010,42.95749127,,
Africa Eastern and Southern,AFE,Population in urban agglomerations of more than 1 million (% of total population),EN.URB.MCTY.TL.ZS,2010,12.98009385,,
Africa Eastern and Southern,AFE,Population living in slums (% of urban population),EN.POP.SLUM.UR.ZS,2010,57.790996,,
Africa Eastern and Southern,AFE,Rural population (% of total population),SP.RUR.TOTL.ZS,2010,67.40963902,,
Africa Eastern and Southern,AFE,Urban population (% of total population),SP.URB.TOTL.IN.ZS,2010,32.59036098,,
Africa Eastern and Southern,AFE,Urban population growth (annual %),SP.URB.GROW,2010,3.815179981,,
Africa Western and Central,AFW,Population density (people per sq. km of land area),EN.POP.DNST,2010,40.23439305,,
Africa Western and Central,AFW,Population in urban agglomerations of more than 1 million (% of total population),EN.URB.MCTY.TL.ZS,2010,15.6487557,,
Africa Western and Central,AFW,Population living in slums (% of urban population),EN.POP.SLUM.UR.ZS,2010,59.16366369,,
Africa Western and Central,AFW,Rural population (% of total population),SP.RUR.TOTL.ZS,2010,55.26596438,,
Africa Western and Central,AFW,Urban population (% of total population),SP.URB.TOTL.IN.ZS,2010,44.73403562,,
Africa Western and Central,AFW,Urban population growth (annual %),SP.URB.GROW,2010,4.086628788,,
Arab World,ARB,Population density (people per sq. km of land area),EN.POP.DNST,2010,32.36662182,,
Arab World,ARB,Population in urban agglomerations of more than 1 million (% of total population),EN.URB.MCTY.TL.ZS,2010,22.33967612,,
Arab World,ARB,Population living in slums (% of urban population),EN.POP.SLUM.UR.ZS,2010,30.66288202,,
Arab World,ARB,Rural population (% of total population),SP.RUR.TOTL.ZS,2010,44.40790227,,
Arab World,ARB,Urban population (% of total population),SP.URB.TOTL.IN.ZS,2010,55.59209773,,
Arab World,ARB,Urban population growth (annual %),SP.URB.GROW,2010,2.414252992,,
Caribbean small states,CSS,Population density (people per sq. km of land area),EN.POP.DNST,2010,10.47188424,,
Caribbean small states,CSS,Population in urban agglomerations of more than 1 million (% of total population),EN.URB.MCTY.TL.ZS,2010,,,
Caribbean small states,CSS,Population living in slums (% of urban population),EN.POP.SLUM.UR.ZS,2010,11.47381895,,
Caribbean small states,CSS,Rural population (% of total population),SP.RUR.TOTL.ZS,2010,49.84869855,,
Caribbean small states,CSS,Urban population (% of total population),SP.URB.TOTL.IN.ZS,2010,50.15130145,,
Caribbean small states,CSS,Urban population growth (annual %),SP.URB.GROW,2010,0.409152827,,
Central Europe and the Baltics,CEB,Population density (people per sq. km of land area),EN.POP.DNST,2010,94.57237703,,
Central Europe and the Baltics,CEB,Population in urban agglomerations of more than 1 million (% of total population),EN.URB.MCTY.TL.ZS,2010,,,
Central Europe and the Baltics,CEB,Population living in slums (% of urban population),EN.POP.SLUM.UR.ZS,2010,1.834604678,,
Central Europe and the Baltics,CEB,Rural population (% of total population),SP.RUR.TOTL.ZS,2010,38.01686672,,
Central Europe and the Baltics,CEB,Urban population (% of total population),SP.URB.TOTL.IN.ZS,2010,61.98313328,,
Central Europe and the Baltics,CEB,Urban population growth (annual %),SP.URB.GROW,2010,-0.23953853,,
Early-demographic dividend,EAR,Population density (people per sq. km of land area),EN.POP.DNST,2010,89.05255253,,
Early-demographic dividend,EAR,Population in urban agglomerations of more than 1 million (% of total population),EN.URB.MCTY.TL.ZS,2010,17.19294572,,
Early-demographic dividend,EAR,Population living in slums (% of urban population),EN.POP.SLUM.UR.ZS,2010,,,
Early-demographic dividend,EAR,Rural population (% of total population),SP.RUR.TOTL.ZS,2010,57.86748467,,
Early-demographic dividend,EAR,Urban population (% of total population),SP.URB.TOTL.IN.ZS,2010,42.13251533,,
Early-demographic dividend,EAR,Urban population growth (annual %),SP.URB.GROW,2010,2.528627528,,
East Asia & Pacific,EAS,Population density (people per sq. km of land area),EN.POP.DNST,2010,90.54181635,,
East Asia & Pacific,EAS,Population in urban agglomerations of more than 1 million (% of total population),EN.URB.MCTY.TL.ZS,2010,,,
East Asia & Pacific,EAS,Population living in slums (% of urban population),EN.POP.SLUM.UR.ZS,2010,,,
East Asia & Pacific,EAS,Rural population (% of total population),SP.RUR.TOTL.ZS,2010,47.98129633,,
East Asia & Pacific,EAS,Urban population (% of total population),SP.URB.TOTL.IN.ZS,2010,52.01870367,,
East Asia & Pacific,EAS,Urban population growth (annual %),SP.URB.GROW,2010,2.152163824,,
East Asia & Pacific (excluding high income),EAP,Population density (people per sq. km of land area),EN.POP.DNST,2010,123.4553315,,
East Asia & Pacific (excluding high income),EAP,Population in urban agglomerations of more than 1 million (% of total population),EN.URB.MCTY.TL.ZS,2010,,,
East Asia & Pacific (excluding high income),EAP,Population living in slums (% of urban population),EN.POP.SLUM.UR.ZS,2010,,,
East Asia & Pacific (excluding high income),EAP,Rural population (% of total population),SP.RUR.TOTL.ZS,2010,52.34391876,,
East Asia & Pacific (excluding high income),EAP,Urban population (% of total population),SP.URB.TOTL.IN.ZS,2010,47.65608124,,
East Asia & Pacific (excluding high income),EAP,Urban population growth (annual %),SP.URB.GROW,2010,2.480884253,,
East Asia & Pacific (IDA & IBRD countries),TEA,Population density (people per sq. km of land area),EN.POP.DNST,2010,122.8154386,,
East Asia & Pacific (IDA & IBRD countries),TEA,Population in urban agglomerations of more than 1 million (% of total population),EN.URB.MCTY.TL.ZS,2010,,,
East Asia & Pacific (IDA & IBRD countries),TEA,Population living in slums (% of urban population),EN.POP.SLUM.UR.ZS,2010,,,
East Asia & Pacific (IDA & IBRD countries),TEA,Rural population (% of total population),SP.RUR.TOTL.ZS,2010,52.50555894,,
East Asia & Pacific (IDA & IBRD countries),TEA,Urban population (% of total population),SP.URB.TOTL.IN.ZS,2010,47.49444106,,
East Asia & Pacific (IDA & IBRD countries),TEA,Urban population growth (annual %),SP.URB.GROW,2010,2.510224353,,
Euro area,EMU,Population density (people per sq. km of land area),EN.POP.DNST,2010,122.8789079,,
Euro area,EMU,Population in urban agglomerations of more than 1 million (% of total population),EN.URB.MCTY.TL.ZS,2010,18.69191639,,
Euro area,EMU,Population living in slums (% of urban population),EN.POP.SLUM.UR.ZS,2010,0.155146458,,
Euro area,EMU,Rural population (% of total population),SP.RUR.TOTL.ZS,2010,24.882973,,
Euro area,EMU,Urban population (% of total population),SP.URB.TOTL.IN.ZS,2010,75.117027,,
Euro area,EMU,Urban population growth (annual %),SP.URB.GROW,2010,0.446237552,,
Europe & Central Asia,ECS,Population density (people per sq. km of land area),EN.POP.DNST,2010,32.48131184,,
Europe & Central Asia,ECS,Population in urban agglomerations of more than 1 million (% of total population),EN.URB.MCTY.TL.ZS,2010,19.45021379,,
Europe & Central Asia,ECS,Population living in slums (% of urban population),EN.POP.SLUM.UR.ZS,2010,3.617764756,,
Europe & Central Asia,ECS,Rural population (% of total population),SP.RUR.TOTL.ZS,2010,29.41686035,,
Europe & Central Asia,ECS,Urban population (% of total population),SP.URB.TOTL.IN.ZS,2010,70.58313965,,
Europe & Central Asia,ECS,Urban population growth (annual %),SP.URB.GROW,2010,0.692881469,,
Europe & Central Asia (excluding high income),ECA,Population density (people per sq. km of land area),EN.POP.DNST,2010,38.95269775,,
Europe & Central Asia (excluding high income),ECA,Population in urban agglomerations of more than 1 million (% of total population),EN.URB.MCTY.TL.ZS,2010,21.68417966,,
Europe & Central Asia (excluding high income),ECA,Population living in slums (% of urban population),EN.POP.SLUM.UR.ZS,2010,12.29007488,,
Europe & Central Asia (excluding high income),ECA,Rural population (% of total population),SP.RUR.TOTL.ZS,2010,39.27489296,,
Europe & Central Asia (excluding high income),ECA,Urban population (% of total population),SP.URB.TOTL.IN.ZS,2010,60.72510704,,
Europe & Central Asia (excluding high income),ECA,Urban population growth (annual %),SP.URB.GROW,2010,1.640261052,,
Europe & Central Asia (IDA & IBRD countries),TEC,Population density (people per sq. km of land area),EN.POP.DNST,2010,19.27063556,,
Europe & Central Asia (IDA & IBRD countries),TEC,Population in urban agglomerations of more than 1 million (% of total population),EN.URB.MCTY.TL.ZS,2010,19.39117198,,
Europe & Central Asia (IDA & IBRD countries),TEC,Population living in slums (% of urban population),EN.POP.SLUM.UR.ZS,2010,7.151811906,,
Europe & Central Asia (IDA & IBRD countries),TEC,Rural population (% of total population),SP.RUR.TOTL.ZS,2010,35.27413326,,
Europe & Central Asia (IDA & IBRD countries),TEC,Urban population (% of total population),SP.URB.TOTL.IN.ZS,2010,64.72586674,,
Europe & Central Asia (IDA & IBRD countries),TEC,Urban population growth (annual %),SP.URB.GROW,2010,0.818761423,,
European Union,EUU,Population density (people per sq. km of land area),EN.POP.DNST,2010,110.8900005,,
European Union,EUU,Population in urban agglomerations of more than 1 million (% of total population),EN.URB.MCTY.TL.ZS,2010,16.70027496,,
European Union,EUU,Population living in slums (% of urban population),EN.POP.SLUM.UR.ZS,2010,0.513148705,,
European Union,EUU,Rural population (% of total population),SP.RUR.TOTL.ZS,2010,26.89076688,,
European Union,EUU,Urban population (% of total population),SP.URB.TOTL.IN.ZS,2010,73.10923312,,
European Union,EUU,Urban population growth (annual %),SP.URB.GROW,2010,0.380767309,,
Heavily indebted poor countries (HIPC),HPC,Population density (people per sq. km of land area),EN.POP.DNST,2010,36.42417166,,
Heavily indebted poor countries (HIPC),HPC,Population in urban agglomerations of more than 1 million (% of total population),EN.URB.MCTY.TL.ZS,2010,12.77898432,,
Heavily indebted poor countries (HIPC),HPC,Population living in slums (% of urban population),EN.POP.SLUM.UR.ZS,2010,64.05891004,,
Heavily indebted poor countries (HIPC),HPC,Rural population (% of total population),SP.RUR.TOTL.ZS,2010,68.23536337,,
Heavily indebted poor countries (HIPC),HPC,Urban population (% of total population),SP.URB.TOTL.IN.ZS,2010,31.76463663,,
Heavily indebted poor countries (HIPC),HPC,Urban population growth (annual %),SP.URB.GROW,2010,4.04466288,,
High income,HIC,Population density (people per sq. km of land area),EN.POP.DNST,2010,25.57056772,,
High income,HIC,Population in urban agglomerations of more than 1 million (% of total population),EN.URB.MCTY.TL.ZS,2010,,,
High income,HIC,Population living in slums (% of urban population),EN.POP.SLUM.UR.ZS,2010,1.337402177,,
High income,HIC,Rural population (% of total population),SP.RUR.TOTL.ZS,2010,21.15041435,,
High income,HIC,Urban population (% of total population),SP.URB.TOTL.IN.ZS,2010,78.84958565,,
High income,HIC,Urban population growth (annual %),SP.URB.GROW,2010,0.651984753,,
IBRD only,IBD,Population density (people per sq. km of land area),EN.POP.DNST,2010,62.68315438,,
IBRD only,IBD,Population in urban agglomerations of more than 1 million (% of total population),EN.URB.MCTY.TL.ZS,2010,20.95192285,,
IBRD only,IBD,Population living in slums (% of urban population),EN.POP.SLUM.UR.ZS,2010,,,
IBRD only,IBD,Rural population (% of total population),SP.RUR.TOTL.ZS,2010,49.89197914,,
IBRD only,IBD,Urban population (% of total population),SP.URB.TOTL.IN.ZS,2010,50.10802086,,
IBRD only,IBD,Urban population growth (annual %),SP.URB.GROW,2010,2.107695554,,
IDA & IBRD total,IBT,Population density (people per sq. km of land area),EN.POP.DNST,2010,62.80246797,,
IDA & IBRD total,IBT,Population in urban agglomerations of more than 1 million (% of total population),EN.URB.MCTY.TL.ZS,2010,19.1226157,,
IDA & IBRD total,IBT,Population living in slums (% of urban population),EN.POP.SLUM.UR.ZS,2010,,,
IDA & IBRD total,IBT,Rural population (% of total population),SP.RUR.TOTL.ZS,2010,53.69626952,,
IDA & IBRD total,IBT,Urban population (% of total population),SP.URB.TOTL.IN.ZS,2010,46.30373048,,
IDA & IBRD total,IBT,Urban population growth (annual %),SP.URB.GROW,2010,2.376653293,,
IDA blend,IDB,Population density (people per sq. km of land area),EN.POP.DNST,2010,103.7940193,,
IDA blend,IDB,Population in urban agglomerations of more than 1 million (% of total population),EN.URB.MCTY.TL.ZS,2010,,,
IDA blend,IDB,Population living in slums (% of urban population),EN.POP.SLUM.UR.ZS,2010,56.83883964,,
IDA blend,IDB,Rural population (% of total population),SP.RUR.TOTL.ZS,2010,57.88480025,,
IDA blend,IDB,Urban population (% of total population),SP.URB.TOTL.IN.ZS,2010,42.11519975,,
IDA blend,IDB,Urban population growth (annual %),SP.URB.GROW,2010,3.430536395,,
IDA only,IDX,Population density (people per sq. km of land area),EN.POP.DNST,2010,52.04997101,,
IDA only,IDX,Population in urban agglomerations of more than 1 million (% of total population),EN.URB.MCTY.TL.ZS,2010,11.66047598,,
IDA only,IDX,Population living in slums (% of urban population),EN.POP.SLUM.UR.ZS,2010,59.50999866,,
IDA only,IDX,Rural population (% of total population),SP.RUR.TOTL.ZS,2010,69.53666016,,
IDA only,IDX,Urban population (% of total population),SP.URB.TOTL.IN.ZS,2010,30.46333984,,
IDA only,IDX,Urban population growth (annual %),SP.URB.GROW,2010,3.704912422,,
IDA total,IDA,Population density (people per sq. km of land area),EN.POP.DNST,2010,63.17307508,,
IDA total,IDA,Population in urban agglomerations of more than 1 million (% of total population),EN.URB.MCTY.TL.ZS,2010,13.1046854,,
IDA total,IDA,Population living in slums (% of urban population),EN.POP.SLUM.UR.ZS,2010,58.35503366,,
IDA total,IDA,Rural population (% of total population),SP.RUR.TOTL.ZS,2010,65.42136335,,
IDA total,IDA,Urban population (% of total population),SP.URB.TOTL.IN.ZS,2010,34.57863665,,
IDA total,IDA,Urban population growth (annual %),SP.URB.GROW,2010,3.58679268,,
Late-demographic dividend,LTE,Population density (people per sq. km of land area),EN.POP.DNST,2010,48.95084547,,
Late-demographic dividend,LTE,Population in urban agglomerations of more than 1 million (% of total population),EN.URB.MCTY.TL.ZS,2010,24.15200877,,
Late-demographic dividend,LTE,Population living in slums (% of urban population),EN.POP.SLUM.UR.ZS,2010,,,
Late-demographic dividend,LTE,Rural population (% of total population),SP.RUR.TOTL.ZS,2010,44.79972259,,
Late-demographic dividend,LTE,Urban population (% of total population),SP.URB.TOTL.IN.ZS,2010,55.20027741,,
Late-demographic dividend,LTE,Urban population growth (annual %),SP.URB.GROW,2010,1.797736217,,
Latin America & Caribbean,LCN,Population density (people per sq. km of land area),EN.POP.DNST,2010,29.32054043,,
Latin America & Caribbean,LCN,Population in urban agglomerations of more than 1 million (% of total population),EN.URB.MCTY.TL.ZS,2010,36.90038074,,
Latin America & Caribbean,LCN,Population living in slums (% of urban population),EN.POP.SLUM.UR.ZS,2010,21.81650643,,
Latin America & Caribbean,LCN,Rural population (% of total population),SP.RUR.TOTL.ZS,2010,21.62864512,,
Latin America & Caribbean,LCN,Urban population (% of total population),SP.URB.TOTL.IN.ZS,2010,78.37135488,,
Latin America & Caribbean,LCN,Urban population growth (annual %),SP.URB.GROW,2010,1.354259934,,
Latin America & Caribbean (excluding high income),LAC,Population density (people per sq. km of land area),EN.POP.DNST,2010,29.39408462,,
Latin America & Caribbean (excluding high income),LAC,Population in urban agglomerations of more than 1 million (% of total population),EN.URB.MCTY.TL.ZS,2010,36.68976906,,
Latin America & Caribbean (excluding high income),LAC,Population living in slums (% of urban population),EN.POP.SLUM.UR.ZS,2010,22.00376043,,
Latin America & Caribbean (excluding high income),LAC,Rural population (% of total population),SP.RUR.TOTL.ZS,2010,21.81231294,,
Latin America & Caribbean (excluding high income),LAC,Urban population (% of total population),SP.URB.TOTL.IN.ZS,2010,78.18768706,,
Latin America & Caribbean (excluding high income),LAC,Urban population growth (annual %),SP.URB.GROW,2010,1.37133231,,
Latin America & the Caribbean (IDA & IBRD countries),TLA,Population density (people per sq. km of land area),EN.POP.DNST,2010,28.70798974,,
Latin America & the Caribbean (IDA & IBRD countries),TLA,Population in urban agglomerations of more than 1 million (% of total population),EN.URB.MCTY.TL.ZS,2010,37.06347191,,
Latin America & the Caribbean (IDA & IBRD countries),TLA,Population living in slums (% of urban population),EN.POP.SLUM.UR.ZS,2010,22.18422193,,
Latin America & the Caribbean (IDA & IBRD countries),TLA,Rural population (% of total population),SP.RUR.TOTL.ZS,2010,21.7043511,,
Latin America & the Caribbean (IDA & IBRD countries),TLA,Urban population (% of total population),SP.URB.TOTL.IN.ZS,2010,78.2956489,,
Latin America & the Caribbean (IDA & IBRD countries),TLA,Urban population growth (annual %),SP.URB.GROW,2010,1.391506184,,
Least developed countries: UN classification,LDC,Population density (people per sq. km of land area),EN.POP.DNST,2010,47.87050978,,
Least developed countries: UN classification,LDC,Population in urban agglomerations of more than 1 million (% of total population),EN.URB.MCTY.TL.ZS,2010,11.27416724,,
Least developed countries: UN classification,LDC,Population living in slums (% of urban population),EN.POP.SLUM.UR.ZS,2010,61.43814899,,
Least developed countries: UN classification,LDC,Rural population (% of total population),SP.RUR.TOTL.ZS,2010,70.07260483,,
Least developed countries: UN classification,LDC,Urban population (% of total population),SP.URB.TOTL.IN.ZS,2010,29.92739517,,
Least developed countries: UN classification,LDC,Urban population growth (annual %),SP.URB.GROW,2010,3.872798871,,
Low & middle income,LMY,Population density (people per sq. km of land area),EN.POP.DNST,2010,75.15424103,,
Low & middle income,LMY,Population in urban agglomerations of more than 1 million (% of total population),EN.URB.MCTY.TL.ZS,2010,19.06635709,,
Low & middle income,LMY,Population living in slums (% of urban population),EN.POP.SLUM.UR.ZS,2010,,,
Low & middle income,LMY,Rural population (% of total population),SP.RUR.TOTL.ZS,2010,54.58570112,,
Low & middle income,LMY,Urban population (% of total population),SP.URB.TOTL.IN.ZS,2010,45.41429888,,
Low & middle income,LMY,Urban population growth (annual %),SP.URB.GROW,2010,2.505081294,,
Low income,LIC,Population density (people per sq. km of land area),EN.POP.DNST,2010,42.10747362,,
Low income,LIC,Population in urban agglomerations of more than 1 million (% of total population),EN.URB.MCTY.TL.ZS,2010,11.076985,,
Low income,LIC,Population living in slums (% of urban population),EN.POP.SLUM.UR.ZS,2010,67.48862105,,
Low income,LIC,Rural population (% of total population),SP.RUR.TOTL.ZS,2010,70.92704457,,
Low income,LIC,Urban population (% of total population),SP.URB.TOTL.IN.ZS,2010,29.07295543,,
Low income,LIC,Urban population growth (annual %),SP.URB.GROW,2010,3.920418342,,
Lower middle income,LMC,Population density (people per sq. km of land area),EN.POP.DNST,2010,125.7957912,,
Lower middle income,LMC,Population in urban agglomerations of more than 1 million (% of total population),EN.URB.MCTY.TL.ZS,2010,14.79893064,,
Lower middle income,LMC,Population living in slums (% of urban population),EN.POP.SLUM.UR.ZS,2010,,,
Lower middle income,LMC,Rural population (% of total population),SP.RUR.TOTL.ZS,2010,63.72645168,,
Lower middle income,LMC,Urban population (% of total population),SP.URB.TOTL.IN.ZS,2010,36.27354832,,
Lower middle income,LMC,Urban population growth (annual %),SP.URB.GROW,2010,2.905476138,,
"Middle East, North Africa, Afghanistan & Pakistan",MEA,Population density (people per sq. km of land area),EN.POP.DNST,2010,49.40625577,,
"Middle East, North Africa, Afghanistan & Pakistan",MEA,Population in urban agglomerations of more than 1 million (% of total population),EN.URB.MCTY.TL.ZS,2010,21.52378408,,
"Middle East, North Africa, Afghanistan & Pakistan",MEA,Population living in slums (% of urban population),EN.POP.SLUM.UR.ZS,2010,40.60281193,,
"Middle East, North Africa, Afghanistan & Pakistan",MEA,Rural population (% of total population),SP.RUR.TOTL.ZS,2010,48.50344856,,
"Middle East, North Africa, Afghanistan & Pakistan",MEA,Urban population (% of total population),SP.URB.TOTL.IN.ZS,2010,51.49655144,,
"Middle East, North Africa, Afghanistan & Pakistan",MEA,Urban population growth (annual %),SP.URB.GROW,2010,2.479236973,,
"Middle East, North Africa, Afghanistan & Pakistan (excluding high income)",MNA,Population density (people per sq. km of land area),EN.POP.DNST,2010,57.3701971,,
"Middle East, North Africa, Afghanistan & Pakistan (excluding high income)",MNA,Population in urban agglomerations of more than 1 million (% of total population),EN.URB.MCTY.TL.ZS,2010,19.16991648,,
"Middle East, North Africa, Afghanistan & Pakistan (excluding high income)",MNA,Population living in slums (% of urban population),EN.POP.SLUM.UR.ZS,2010,42.21989191,,
"Middle East, North Africa, Afghanistan & Pakistan (excluding high income)",MNA,Rural population (% of total population),SP.RUR.TOTL.ZS,2010,51.30977038,,
"Middle East, North Africa, Afghanistan & Pakistan (excluding high income)",MNA,Urban population (% of total population),SP.URB.TOTL.IN.ZS,2010,48.69022962,,
"Middle East, North Africa, Afghanistan & Pakistan (excluding high income)",MNA,Urban population growth (annual %),SP.URB.GROW,2010,2.684228135,,
"Middle East, North Africa, Afghanistan & Pakistan (IDA & IBRD)",TMN,Population density (people per sq. km of land area),EN.POP.DNST,2010,57.0281146,,
"Middle East, North Africa, Afghanistan & Pakistan (IDA & IBRD)",TMN,Population in urban agglomerations of more than 1 million (% of total population),EN.URB.MCTY.TL.ZS,2010,19.16991648,,
"Middle East, North Africa, Afghanistan & Pakistan (IDA & IBRD)",TMN,Population living in slums (% of urban population),EN.POP.SLUM.UR.ZS,2010,42.41798375,,
"Middle East, North Africa, Afghanistan & Pakistan (IDA & IBRD)",TMN,Rural population (% of total population),SP.RUR.TOTL.ZS,2010,51.54207877,,
"Middle East, North Africa, Afghanistan & Pakistan (IDA & IBRD)",TMN,Urban population (% of total population),SP.URB.TOTL.IN.ZS,2010,48.45792123,,
"Middle East, North Africa, Afghanistan & Pakistan (IDA & IBRD)",TMN,Urban population growth (annual %),SP.URB.GROW,2010,2.680040081,,
Middle income,MIC,Population density (people per sq. km of land area),EN.POP.DNST,2010,81.52028233,,
Middle income,MIC,Population in urban agglomerations of more than 1 million (% of total population),EN.URB.MCTY.TL.ZS,2010,19.83005853,,
Middle income,MIC,Population living in slums (% of urban population),EN.POP.SLUM.UR.ZS,2010,,,
Middle income,MIC,Rural population (% of total population),SP.RUR.TOTL.ZS,2010,52.95969665,,
Middle income,MIC,Urban population (% of total population),SP.URB.TOTL.IN.ZS,2010,47.04030335,,
Middle income,MIC,Urban population growth (annual %),SP.URB.GROW,2010,2.418692864,,
North America,NAC,Population density (people per sq. km of land area),EN.POP.DNST,2010,18.96133387,,
North America,NAC,Population in urban agglomerations of more than 1 million (% of total population),EN.URB.MCTY.TL.ZS,2010,44.52167386,,
North America,NAC,Population living in slums (% of urban population),EN.POP.SLUM.UR.ZS,2010,0.229783218,,
North America,NAC,Rural population (% of total population),SP.RUR.TOTL.ZS,2010,19.26572116,,
North America,NAC,Urban population (% of total population),SP.URB.TOTL.IN.ZS,2010,80.73427884,,
North America,NAC,Urban population growth (annual %),SP.URB.GROW,2010,0.907473064,,
Not classified,INX,Population in urban agglomerations of more than 1 million (% of total population),EN.URB.MCTY.TL.ZS,2010,,,
Not classified,INX,Population living in slums (% of urban population),EN.POP.SLUM.UR.ZS,2010,,,
OECD members,OED,Population density (people per sq. km of land area),EN.POP.DNST,2010,36.42525229,,
OECD members,OED,Population in urban agglomerations of more than 1 million (% of total population),EN.URB.MCTY.TL.ZS,2010,35.99785437,,
OECD members,OED,Population living in slums (% of urban population),EN.POP.SLUM.UR.ZS,2010,4.809578595,,
OECD members,OED,Rural population (% of total population),SP.RUR.TOTL.ZS,2010,21.24305723,,
OECD members,OED,Urban population (% of total population),SP.URB.TOTL.IN.ZS,2010,78.75694277,,
OECD members,OED,Urban population growth (annual %),SP.URB.GROW,2010,0.944000354,,
Other small states,OSS,Population density (people per sq. km of land area),EN.POP.DNST,2010,40.55822153,,
Other small states,OSS,Population in urban agglomerations of more than 1 million (% of total population),EN.URB.MCTY.TL.ZS,2010,,,
Other small states,OSS,Population living in slums (% of urban population),EN.POP.SLUM.UR.ZS,2010,29.8060565,,
Other small states,OSS,Rural population (% of total population),SP.RUR.TOTL.ZS,2010,47.42910372,,
Other small states,OSS,Urban population (% of total population),SP.URB.TOTL.IN.ZS,2010,52.57089628,,
Other small states,OSS,Urban population growth (annual %),SP.URB.GROW,2010,1.295101528,,
Pacific island small states,PSS,Population density (people per sq. km of land area),EN.POP.DNST,2010,35.66042056,,
Pacific island small states,PSS,Population in urban agglomerations of more than 1 million (% of total population),EN.URB.MCTY.TL.ZS,2010,,,
Pacific island small states,PSS,Population living in slums (% of urban population),EN.POP.SLUM.UR.ZS,2010,9.286535765,,
Pacific island small states,PSS,Rural population (% of total population),SP.RUR.TOTL.ZS,2010,62.91647405,,
Pacific island small states,PSS,Urban population (% of total population),SP.URB.TOTL.IN.ZS,2010,37.08352595,,
Pacific island small states,PSS,Urban population growth (annual %),SP.URB.GROW,2010,1.983402981,,
Post-demographic dividend,PST,Population density (people per sq. km of land area),EN.POP.DNST,2010,34.35174617,,
Post-demographic dividend,PST,Population in urban agglomerations of more than 1 million (% of total population),EN.URB.MCTY.TL.ZS,2010,35.6387799,,
Post-demographic dividend,PST,Population living in slums (% of urban population),EN.POP.SLUM.UR.ZS,2010,0.957724699,,
Post-demographic dividend,PST,Rural population (% of total population),SP.RUR.TOTL.ZS,2010,20.12967793,,
Post-demographic dividend,PST,Urban population (% of total population),SP.URB.TOTL.IN.ZS,2010,79.87032207,,
Post-demographic dividend,PST,Urban population growth (annual %),SP.URB.GROW,2010,0.680685029,,
Pre-demographic dividend,PRE,Population density (people per sq. km of land area),EN.POP.DNST,2010,42.20631559,,
Pre-demographic dividend,PRE,Population in urban agglomerations of more than 1 million (% of total population),EN.URB.MCTY.TL.ZS,2010,14.60180575,,
Pre-demographic dividend,PRE,Population living in slums (% of urban population),EN.POP.SLUM.UR.ZS,2010,61.42414285,,
Pre-demographic dividend,PRE,Rural population (% of total population),SP.RUR.TOTL.ZS,2010,61.33698974,,
Pre-demographic dividend,PRE,Urban population (% of total population),SP.URB.TOTL.IN.ZS,2010,38.66301026,,
Pre-demographic dividend,PRE,Urban population growth (annual %),SP.URB.GROW,2010,4.206020428,,
Small states,SST,Population density (people per sq. km of land area),EN.POP.DNST,2010,23.85615258,,
Small states,SST,Population in urban agglomerations of more than 1 million (% of total population),EN.URB.MCTY.TL.ZS,2010,,,
Small states,SST,Population living in slums (% of urban population),EN.POP.SLUM.UR.ZS,2010,24.38440502,,
Small states,SST,Rural population (% of total population),SP.RUR.TOTL.ZS,2010,50.02108275,,
Small states,SST,Urban population (% of total population),SP.URB.TOTL.IN.ZS,2010,49.97891725,,
Small states,SST,Urban population growth (annual %),SP.URB.GROW,2010,1.149468345,,
South Asia,SAS,Population density (people per sq. km of land area),EN.POP.DNST,2010,431.6121155,,
South Asia,SAS,Population in urban agglomerations of more than 1 million (% of total population),EN.URB.MCTY.TL.ZS,2010,13.26823619,,
South Asia,SAS,Population living in slums (% of urban population),EN.POP.SLUM.UR.ZS,2010,,,
South Asia,SAS,Rural population (% of total population),SP.RUR.TOTL.ZS,2010,69.0363096,,
South Asia,SAS,Urban population (% of total population),SP.URB.TOTL.IN.ZS,2010,30.9636904,,
South Asia,SAS,Urban population growth (annual %),SP.URB.GROW,2010,2.74110588,,
South Asia (IDA & IBRD),TSA,Population density (people per sq. km of land area),EN.POP.DNST,2010,431.6121155,,
South Asia (IDA & IBRD),TSA,Population in urban agglomerations of more than 1 million (% of total population),EN.URB.MCTY.TL.ZS,2010,13.26823619,,
South Asia (IDA & IBRD),TSA,Population living in slums (% of urban population),EN.POP.SLUM.UR.ZS,2010,,,
South Asia (IDA & IBRD),TSA,Rural population (% of total population),SP.RUR.TOTL.ZS,2010,69.0363096,,
South Asia (IDA & IBRD),TSA,Urban population (% of total population),SP.URB.TOTL.IN.ZS,2010,30.9636904,,
South Asia (IDA & IBRD),TSA,Urban population growth (annual %),SP.URB.GROW,2010,2.74110588,,
Sub-Saharan Africa,SSF,Population density (people per sq. km of land area),EN.POP.DNST,2010,41.80593921,,
Sub-Saharan Africa,SSF,Population in urban agglomerations of more than 1 million (% of total population),EN.URB.MCTY.TL.ZS,2010,14.0669792,,
Sub-Saharan Africa,SSF,Population living in slums (% of urban population),EN.POP.SLUM.UR.ZS,2010,58.45684197,,
Sub-Saharan Africa,SSF,Rural population (% of total population),SP.RUR.TOTL.ZS,2010,62.46733037,,
Sub-Saharan Africa,SSF,Urban population (% of total population),SP.URB.TOTL.IN.ZS,2010,37.53266963,,
Sub-Saharan Africa,SSF,Urban population growth (annual %),SP.URB.GROW,2010,3.94676083,,
Sub-Saharan Africa (excluding high income),SSA,Population density (people per sq. km of land area),EN.POP.DNST,2010,41.80264148,,
Sub-Saharan Africa (excluding high income),SSA,Population in urban agglomerations of more than 1 million (% of total population),EN.URB.MCTY.TL.ZS,2010,14.0669792,,
Sub-Saharan Africa (excluding high income),SSA,Population living in slums (% of urban population),EN.POP.SLUM.UR.ZS,2010,58.45611589,,
Sub-Saharan Africa (excluding high income),SSA,Rural population (% of total population),SP.RUR.TOTL.ZS,2010,62.46784516,,
Sub-Saharan Africa (excluding high income),SSA,Urban population (% of total population),SP.URB.TOTL.IN.ZS,2010,37.53215484,,
Sub-Saharan Africa (excluding high income),SSA,Urban population growth (annual %),SP.URB.GROW,2010,3.946896291,,
Sub-Saharan Africa (IDA & IBRD countries),TSS,Population density (people per sq. km of land area),EN.POP.DNST,2010,41.80593921,,
Sub-Saharan Africa (IDA & IBRD countries),TSS,Population in urban agglomerations of more than 1 million (% of total population),EN.URB.MCTY.TL.ZS,2010,14.0669792,,
Sub-Saharan Africa (IDA & IBRD countries),TSS,Population living in slums (% of urban population),EN.POP.SLUM.UR.ZS,2010,58.45684197,,
Sub-Saharan Africa (IDA & IBRD countries),TSS,Rural population (% of total population),SP.RUR.TOTL.ZS,2010,62.46733037,,
Sub-Saharan Africa (IDA & IBRD countries),TSS,Urban population (% of total population),SP.URB.TOTL.IN.ZS,2010,37.53266963,,
Sub-Saharan Africa (IDA & IBRD countries),TSS,Urban population growth (annual %),SP.URB.GROW,2010,3.94676083,,
Upper middle income,UMC,Population density (people per sq. km of land area),EN.POP.DNST,2010,62.71382622,,
Upper middle income,UMC,Population in urban agglomerations of more than 1 million (% of total population),EN.URB.MCTY.TL.ZS,2010,24.1069931,,
Upper middle income,UMC,Population living in slums (% of urban population),EN.POP.SLUM.UR.ZS,2010,,,
Upper middle income,UMC,Rural population (% of total population),SP.RUR.TOTL.ZS,2010,43.7862815,,
Upper middle income,UMC,Urban population (% of total population),SP.URB.TOTL.IN.ZS,2010,56.2137185,,
Upper middle income,UMC,Urban population growth (annual %),SP.URB.GROW,2010,2.152072145,,
World,WLD,Population density (people per sq. km of land area),EN.POP.DNST,2010,54.93689428,,
World,WLD,Population in urban agglomerations of more than 1 million (% of total population),EN.URB.MCTY.TL.ZS,2010,22.05554411,,
World,WLD,Population living in slums (% of urban population),EN.POP.SLUM.UR.ZS,2010,,,
World,WLD,Rural population (% of total population),SP.RUR.TOTL.ZS,2010,48.2401875,,
World,WLD,Urban population (% of total population),SP.URB.TOTL.IN.ZS,2010,51.7598125,,
World,WLD,Urban population growth (annual %),SP.URB.GROW,2010,1.965787937,,
Africa Eastern and Southern,AFE,Population density (people per sq. km of land area),EN.POP.DNST,2011,44.12546335,,
Africa Eastern and Southern,AFE,Population in urban agglomerations of more than 1 million (% of total population),EN.URB.MCTY.TL.ZS,2011,13.14815148,,
Africa Eastern and Southern,AFE,Population living in slums (% of urban population),EN.POP.SLUM.UR.ZS,2011,,,
Africa Eastern and Southern,AFE,Rural population (% of total population),SP.RUR.TOTL.ZS,2011,67.06190141,,
Africa Eastern and Southern,AFE,Urban population (% of total population),SP.URB.TOTL.IN.ZS,2011,32.93809859,,
Africa Eastern and Southern,AFE,Urban population growth (annual %),SP.URB.GROW,2011,3.7459649,,
Africa Western and Central,AFW,Population density (people per sq. km of land area),EN.POP.DNST,2011,41.38661906,,
Africa Western and Central,AFW,Population in urban agglomerations of more than 1 million (% of total population),EN.URB.MCTY.TL.ZS,2011,15.748219,,
Africa Western and Central,AFW,Population living in slums (% of urban population),EN.POP.SLUM.UR.ZS,2011,,,
Africa Western and Central,AFW,Rural population (% of total population),SP.RUR.TOTL.ZS,2011,54.69307801,,
Africa Western and Central,AFW,Urban population (% of total population),SP.URB.TOTL.IN.ZS,2011,45.30692199,,
Africa Western and Central,AFW,Urban population growth (annual %),SP.URB.GROW,2011,4.096061899,,
Arab World,ARB,Population density (people per sq. km of land area),EN.POP.DNST,2011,33.12210727,,
Arab World,ARB,Population in urban agglomerations of more than 1 million (% of total population),EN.URB.MCTY.TL.ZS,2011,22.07761225,,
Arab World,ARB,Population living in slums (% of urban population),EN.POP.SLUM.UR.ZS,2011,,,
Arab World,ARB,Rural population (% of total population),SP.RUR.TOTL.ZS,2011,43.9479191,,
Arab World,ARB,Urban population (% of total population),SP.URB.TOTL.IN.ZS,2011,56.0520809,,
Arab World,ARB,Urban population growth (annual %),SP.URB.GROW,2011,3.131391304,,
Caribbean small states,CSS,Population density (people per sq. km of land area),EN.POP.DNST,2011,10.54157076,,
Caribbean small states,CSS,Population in urban agglomerations of more than 1 million (% of total population),EN.URB.MCTY.TL.ZS,2011,,,
Caribbean small states,CSS,Population living in slums (% of urban population),EN.POP.SLUM.UR.ZS,2011,,,
Caribbean small states,CSS,Rural population (% of total population),SP.RUR.TOTL.ZS,2011,49.87506403,,
Caribbean small states,CSS,Urban population (% of total population),SP.URB.TOTL.IN.ZS,2011,50.12493597,,
Caribbean small states,CSS,Urban population growth (annual %),SP.URB.GROW,2011,0.610702374,,
Central Europe and the Baltics,CEB,Population density (people per sq. km of land area),EN.POP.DNST,2011,94.3426815,,
Central Europe and the Baltics,CEB,Population in urban agglomerations of more than 1 million (% of total population),EN.URB.MCTY.TL.ZS,2011,,,
Central Europe and the Baltics,CEB,Population living in slums (% of urban population),EN.POP.SLUM.UR.ZS,2011,,,
Central Europe and the Baltics,CEB,Rural population (% of total population),SP.RUR.TOTL.ZS,2011,37.99370045,,
Central Europe and the Baltics,CEB,Urban population (% of total population),SP.URB.TOTL.IN.ZS,2011,62.00629955,,
Central Europe and the Baltics,CEB,Urban population growth (annual %),SP.URB.GROW,2011,-0.199845174,,
Early-demographic dividend,EAR,Population density (people per sq. km of land area),EN.POP.DNST,2011,90.44446202,,
Early-demographic dividend,EAR,Population in urban agglomerations of more than 1 million (% of total population),EN.URB.MCTY.TL.ZS,2011,17.28770321,,
Early-demographic dividend,EAR,Population living in slums (% of urban population),EN.POP.SLUM.UR.ZS,2011,,,
Early-demographic dividend,EAR,Rural population (% of total population),SP.RUR.TOTL.ZS,2011,57.44613071,,
Early-demographic dividend,EAR,Urban population (% of total population),SP.URB.TOTL.IN.ZS,2011,42.55386929,,
Early-demographic dividend,EAR,Urban population growth (annual %),SP.URB.GROW,2011,2.545900324,,
East Asia & Pacific,EAS,Population density (people per sq. km of land area),EN.POP.DNST,2011,91.20476095,,
East Asia & Pacific,EAS,Population in urban agglomerations of more than 1 million (% of total population),EN.URB.MCTY.TL.ZS,2011,,,
East Asia & Pacific,EAS,Population living in slums (% of urban population),EN.POP.SLUM.UR.ZS,2011,,,
East Asia & Pacific,EAS,Rural population (% of total population),SP.RUR.TOTL.ZS,2011,46.23479521,,
East Asia & Pacific,EAS,Urban population (% of total population),SP.URB.TOTL.IN.ZS,2011,53.76520479,,
East Asia & Pacific,EAS,Urban population growth (annual %),SP.URB.GROW,2011,4.031730618,,
East Asia & Pacific (excluding high income),EAP,Population density (people per sq. km of land area),EN.POP.DNST,2011,124.4253486,,
East Asia & Pacific (excluding high income),EAP,Population in urban agglomerations of more than 1 million (% of total population),EN.URB.MCTY.TL.ZS,2011,,,
East Asia & Pacific (excluding high income),EAP,Population living in slums (% of urban population),EN.POP.SLUM.UR.ZS,2011,,,
East Asia & Pacific (excluding high income),EAP,Rural population (% of total population),SP.RUR.TOTL.ZS,2011,50.38595113,,
East Asia & Pacific (excluding high income),EAP,Urban population (% of total population),SP.URB.TOTL.IN.ZS,2011,49.61404887,,
East Asia & Pacific (excluding high income),EAP,Urban population growth (annual %),SP.URB.GROW,2011,4.808903274,,
East Asia & Pacific (IDA & IBRD countries),TEA,Population density (people per sq. km of land area),EN.POP.DNST,2011,123.7857987,,
East Asia & Pacific (IDA & IBRD countries),TEA,Population in urban agglomerations of more than 1 million (% of total population),EN.URB.MCTY.TL.ZS,2011,,,
East Asia & Pacific (IDA & IBRD countries),TEA,Population living in slums (% of urban population),EN.POP.SLUM.UR.ZS,2011,,,
East Asia & Pacific (IDA & IBRD countries),TEA,Rural population (% of total population),SP.RUR.TOTL.ZS,2011,50.52430264,,
East Asia & Pacific (IDA & IBRD countries),TEA,Urban population (% of total population),SP.URB.TOTL.IN.ZS,2011,49.47569736,,
East Asia & Pacific (IDA & IBRD countries),TEA,Urban population growth (annual %),SP.URB.GROW,2011,4.87375328,,
Euro area,EMU,Population density (people per sq. km of land area),EN.POP.DNST,2011,122.6452219,,
Euro area,EMU,Population in urban agglomerations of more than 1 million (% of total population),EN.URB.MCTY.TL.ZS,2011,18.85314118,,
Euro area,EMU,Population living in slums (% of urban population),EN.POP.SLUM.UR.ZS,2011,,,
Euro area,EMU,Rural population (% of total population),SP.RUR.TOTL.ZS,2011,24.75019374,,
Euro area,EMU,Urban population (% of total population),SP.URB.TOTL.IN.ZS,2011,75.24980626,,
Euro area,EMU,Urban population growth (annual %),SP.URB.GROW,2011,-0.019542118,,
Europe & Central Asia,ECS,Population density (people per sq. km of land area),EN.POP.DNST,2011,32.55512238,,
Europe & Central Asia,ECS,Population in urban agglomerations of more than 1 million (% of total population),EN.URB.MCTY.TL.ZS,2011,19.64666577,,
Europe & Central Asia,ECS,Population living in slums (% of urban population),EN.POP.SLUM.UR.ZS,2011,,,
Europe & Central Asia,ECS,Rural population (% of total population),SP.RUR.TOTL.ZS,2011,29.18447061,,
Europe & Central Asia,ECS,Urban population (% of total population),SP.URB.TOTL.IN.ZS,2011,70.81552939,,
Europe & Central Asia,ECS,Urban population growth (annual %),SP.URB.GROW,2011,0.555071561,,
Europe & Central Asia (excluding high income),ECA,Population density (people per sq. km of land area),EN.POP.DNST,2011,39.27176996,,
Europe & Central Asia (excluding high income),ECA,Population in urban agglomerations of more than 1 million (% of total population),EN.URB.MCTY.TL.ZS,2011,22.04353291,,
Europe & Central Asia (excluding high income),ECA,Population living in slums (% of urban population),EN.POP.SLUM.UR.ZS,2011,,,
Europe & Central Asia (excluding high income),ECA,Rural population (% of total population),SP.RUR.TOTL.ZS,2011,38.67852266,,
Europe & Central Asia (excluding high income),ECA,Urban population (% of total population),SP.URB.TOTL.IN.ZS,2011,61.32147734,,
Europe & Central Asia (excluding high income),ECA,Urban population growth (annual %),SP.URB.GROW,2011,1.791846208,,
Europe & Central Asia (IDA & IBRD countries),TEC,Population density (people per sq. km of land area),EN.POP.DNST,2011,19.35372543,,
Europe & Central Asia (IDA & IBRD countries),TEC,Population in urban agglomerations of more than 1 million (% of total population),EN.URB.MCTY.TL.ZS,2011,19.64220031,,
Europe & Central Asia (IDA & IBRD countries),TEC,Population living in slums (% of urban population),EN.POP.SLUM.UR.ZS,2011,,,
Europe & Central Asia (IDA & IBRD countries),TEC,Rural population (% of total population),SP.RUR.TOTL.ZS,2011,34.90465419,,
Europe & Central Asia (IDA & IBRD countries),TEC,Urban population (% of total population),SP.URB.TOTL.IN.ZS,2011,65.09534581,,
Europe & Central Asia (IDA & IBRD countries),TEC,Urban population growth (annual %),SP.URB.GROW,2011,0.999447411,,
European Union,EUU,Population density (people per sq. km of land area),EN.POP.DNST,2011,110.7234976,,
European Union,EUU,Population in urban agglomerations of more than 1 million (% of total population),EN.URB.MCTY.TL.ZS,2011,16.83255923,,
European Union,EUU,Population living in slums (% of urban population),EN.POP.SLUM.UR.ZS,2011,,,
European Union,EUU,Rural population (% of total population),SP.RUR.TOTL.ZS,2011,26.78379039,,
European Union,EUU,Urban population (% of total population),SP.URB.TOTL.IN.ZS,2011,73.21620961,,
European Union,EUU,Urban population growth (annual %),SP.URB.GROW,2011,-0.006410641,,
Heavily indebted poor countries (HIPC),HPC,Population density (people per sq. km of land area),EN.POP.DNST,2011,37.44932599,,
Heavily indebted poor countries (HIPC),HPC,Population in urban agglomerations of more than 1 million (% of total population),EN.URB.MCTY.TL.ZS,2011,12.90831021,,
Heavily indebted poor countries (HIPC),HPC,Population living in slums (% of urban population),EN.POP.SLUM.UR.ZS,2011,,,
Heavily indebted poor countries (HIPC),HPC,Rural population (% of total population),SP.RUR.TOTL.ZS,2011,67.82732308,,
Heavily indebted poor countries (HIPC),HPC,Urban population (% of total population),SP.URB.TOTL.IN.ZS,2011,32.17267692,,
Heavily indebted poor countries (HIPC),HPC,Urban population growth (annual %),SP.URB.GROW,2011,4.05361642,,
High income,HIC,Population density (people per sq. km of land area),EN.POP.DNST,2011,25.68390116,,
High income,HIC,Population in urban agglomerations of more than 1 million (% of total population),EN.URB.MCTY.TL.ZS,2011,,,
High income,HIC,Population living in slums (% of urban population),EN.POP.SLUM.UR.ZS,2011,,,
High income,HIC,Rural population (% of total population),SP.RUR.TOTL.ZS,2011,21.02446057,,
High income,HIC,Urban population (% of total population),SP.URB.TOTL.IN.ZS,2011,78.97553943,,
High income,HIC,Urban population growth (annual %),SP.URB.GROW,2011,0.602678743,,
IBRD only,IBD,Population density (people per sq. km of land area),EN.POP.DNST,2011,63.33924207,,
IBRD only,IBD,Population in urban agglomerations of more than 1 million (% of total population),EN.URB.MCTY.TL.ZS,2011,21.23611052,,
IBRD only,IBD,Population living in slums (% of urban population),EN.POP.SLUM.UR.ZS,2011,,,
IBRD only,IBD,Rural population (% of total population),SP.RUR.TOTL.ZS,2011,48.85291452,,
IBRD only,IBD,Urban population (% of total population),SP.URB.TOTL.IN.ZS,2011,51.14708548,,
IBRD only,IBD,Urban population growth (annual %),SP.URB.GROW,2011,3.093670303,,
IDA & IBRD total,IBT,Population density (people per sq. km of land area),EN.POP.DNST,2011,63.65800355,,
IDA & IBRD total,IBT,Population in urban agglomerations of more than 1 million (% of total population),EN.URB.MCTY.TL.ZS,2011,19.33261148,,
IDA & IBRD total,IBT,Population living in slums (% of urban population),EN.POP.SLUM.UR.ZS,2011,,,
IDA & IBRD total,IBT,Rural population (% of total population),SP.RUR.TOTL.ZS,2011,52.84034213,,
IDA & IBRD total,IBT,Urban population (% of total population),SP.URB.TOTL.IN.ZS,2011,47.15965787,,
IDA & IBRD total,IBT,Urban population growth (annual %),SP.URB.GROW,2011,3.184940037,,
IDA blend,IDB,Population density (people per sq. km of land area),EN.POP.DNST,2011,106.3603298,,
IDA blend,IDB,Population in urban agglomerations of more than 1 million (% of total population),EN.URB.MCTY.TL.ZS,2011,,,
IDA blend,IDB,Population living in slums (% of urban population),EN.POP.SLUM.UR.ZS,2011,,,
IDA blend,IDB,Rural population (% of total population),SP.RUR.TOTL.ZS,2011,57.4915115,,
IDA blend,IDB,Urban population (% of total population),SP.URB.TOTL.IN.ZS,2011,42.5084885,,
IDA blend,IDB,Urban population growth (annual %),SP.URB.GROW,2011,3.370244503,,
IDA only,IDX,Population density (people per sq. km of land area),EN.POP.DNST,2011,53.22658863,,
IDA only,IDX,Population in urban agglomerations of more than 1 million (% of total population),EN.URB.MCTY.TL.ZS,2011,11.6615703,,
IDA only,IDX,Population living in slums (% of urban population),EN.POP.SLUM.UR.ZS,2011,,,
IDA only,IDX,Rural population (% of total population),SP.RUR.TOTL.ZS,2011,69.06971722,,
IDA only,IDX,Urban population (% of total population),SP.URB.TOTL.IN.ZS,2011,30.93028278,,
IDA only,IDX,Urban population growth (annual %),SP.URB.GROW,2011,3.758305006,,
IDA total,IDA,Population density (people per sq. km of land area),EN.POP.DNST,2011,64.64811773,,
IDA total,IDA,Population in urban agglomerations of more than 1 million (% of total population),EN.URB.MCTY.TL.ZS,2011,13.1498265,,
IDA total,IDA,Population living in slums (% of urban population),EN.POP.SLUM.UR.ZS,2011,,,
IDA total,IDA,Rural population (% of total population),SP.RUR.TOTL.ZS,2011,64.97504722,,
IDA total,IDA,Urban population (% of total population),SP.URB.TOTL.IN.ZS,2011,35.02495278,,
IDA total,IDA,Urban population growth (annual %),SP.URB.GROW,2011,3.591558787,,
Late-demographic dividend,LTE,Population density (people per sq. km of land area),EN.POP.DNST,2011,49.25734218,,
Late-demographic dividend,LTE,Population in urban agglomerations of more than 1 million (% of total population),EN.URB.MCTY.TL.ZS,2011,24.61987501,,
Late-demographic dividend,LTE,Population living in slums (% of urban population),EN.POP.SLUM.UR.ZS,2011,,,
Late-demographic dividend,LTE,Rural population (% of total population),SP.RUR.TOTL.ZS,2011,43.08112365,,
Late-demographic dividend,LTE,Urban population (% of total population),SP.URB.TOTL.IN.ZS,2011,56.91887635,,
Late-demographic dividend,LTE,Urban population growth (annual %),SP.URB.GROW,2011,3.690051767,,
Latin America & Caribbean,LCN,Population density (people per sq. km of land area),EN.POP.DNST,2011,29.63512771,,
Latin America & Caribbean,LCN,Population in urban agglomerations of more than 1 million (% of total population),EN.URB.MCTY.TL.ZS,2011,37.05324797,,
Latin America & Caribbean,LCN,Population living in slums (% of urban population),EN.POP.SLUM.UR.ZS,2011,,,
Latin America & Caribbean,LCN,Rural population (% of total population),SP.RUR.TOTL.ZS,2011,21.42827927,,
Latin America & Caribbean,LCN,Urban population (% of total population),SP.URB.TOTL.IN.ZS,2011,78.57172073,,
Latin America & Caribbean,LCN,Urban population growth (annual %),SP.URB.GROW,2011,1.327289079,,
Latin America & Caribbean (excluding high income),LAC,Population density (people per sq. km of land area),EN.POP.DNST,2011,29.71545985,,
Latin America & Caribbean (excluding high income),LAC,Population in urban agglomerations of more than 1 million (% of total population),EN.URB.MCTY.TL.ZS,2011,36.85232164,,
Latin America & Caribbean (excluding high income),LAC,Population living in slums (% of urban population),EN.POP.SLUM.UR.ZS,2011,,,
Latin America & Caribbean (excluding high income),LAC,Rural population (% of total population),SP.RUR.TOTL.ZS,2011,21.61111274,,
Latin America & Caribbean (excluding high income),LAC,Urban population (% of total population),SP.URB.TOTL.IN.ZS,2011,78.38888726,,
Latin America & Caribbean (excluding high income),LAC,Urban population growth (annual %),SP.URB.GROW,2011,1.346651458,,
Latin America & the Caribbean (IDA & IBRD countries),TLA,Population density (people per sq. km of land area),EN.POP.DNST,2011,29.02677583,,
Latin America & the Caribbean (IDA & IBRD countries),TLA,Population in urban agglomerations of more than 1 million (% of total population),EN.URB.MCTY.TL.ZS,2011,37.21862923,,
Latin America & the Caribbean (IDA & IBRD countries),TLA,Population living in slums (% of urban population),EN.POP.SLUM.UR.ZS,2011,,,
Latin America & the Caribbean (IDA & IBRD countries),TLA,Rural population (% of total population),SP.RUR.TOTL.ZS,2011,21.49885633,,
Latin America & the Caribbean (IDA & IBRD countries),TLA,Urban population (% of total population),SP.URB.TOTL.IN.ZS,2011,78.50114367,,
Latin America & the Caribbean (IDA & IBRD countries),TLA,Urban population growth (annual %),SP.URB.GROW,2011,1.366440036,,
Least developed countries: UN classification,LDC,Population density (people per sq. km of land area),EN.POP.DNST,2011,49.00786413,,
Least developed countries: UN classification,LDC,Population in urban agglomerations of more than 1 million (% of total population),EN.URB.MCTY.TL.ZS,2011,11.44304545,,
Least developed countries: UN classification,LDC,Population living in slums (% of urban population),EN.POP.SLUM.UR.ZS,2011,,,
Least developed countries: UN classification,LDC,Rural population (% of total population),SP.RUR.TOTL.ZS,2011,69.64331845,,
Least developed countries: UN classification,LDC,Urban population (% of total population),SP.URB.TOTL.IN.ZS,2011,30.35668155,,
Least developed countries: UN classification,LDC,Urban population growth (annual %),SP.URB.GROW,2011,3.77409966,,
Low & middle income,LMY,Population density (people per sq. km of land area),EN.POP.DNST,2011,76.21288156,,
Low & middle income,LMY,Population in urban agglomerations of more than 1 million (% of total population),EN.URB.MCTY.TL.ZS,2011,19.27872601,,
Low & middle income,LMY,Population living in slums (% of urban population),EN.POP.SLUM.UR.ZS,2011,,,
Low & middle income,LMY,Rural population (% of total population),SP.RUR.TOTL.ZS,2011,53.69397909,,
Low & middle income,LMY,Urban population (% of total population),SP.URB.TOTL.IN.ZS,2011,46.30602091,,
Low & middle income,LMY,Urban population growth (annual %),SP.URB.GROW,2011,3.344061177,,
Low income,LIC,Population density (people per sq. km of land area),EN.POP.DNST,2011,43.30169719,,
Low income,LIC,Population in urban agglomerations of more than 1 million (% of total population),EN.URB.MCTY.TL.ZS,2011,10.91072273,,
Low income,LIC,Population living in slums (% of urban population),EN.POP.SLUM.UR.ZS,2011,,,
Low income,LIC,Rural population (% of total population),SP.RUR.TOTL.ZS,2011,70.50556201,,
Low income,LIC,Urban population (% of total population),SP.URB.TOTL.IN.ZS,2011,29.49443799,,
Low income,LIC,Urban population growth (annual %),SP.URB.GROW,2011,4.238312064,,
Lower middle income,LMC,Population density (people per sq. km of land area),EN.POP.DNST,2011,127.9618521,,
Lower middle income,LMC,Population in urban agglomerations of more than 1 million (% of total population),EN.URB.MCTY.TL.ZS,2011,14.95816318,,
Lower middle income,LMC,Population living in slums (% of urban population),EN.POP.SLUM.UR.ZS,2011,,,
Lower middle income,LMC,Rural population (% of total population),SP.RUR.TOTL.ZS,2011,63.32216358,,
Lower middle income,LMC,Urban population (% of total population),SP.URB.TOTL.IN.ZS,2011,36.67783642,,
Lower middle income,LMC,Urban population growth (annual %),SP.URB.GROW,2011,2.815337177,,
"Middle East, North Africa, Afghanistan & Pakistan",MEA,Population density (people per sq. km of land area),EN.POP.DNST,2011,50.53104681,,
"Middle East, North Africa, Afghanistan & Pakistan",MEA,Population in urban agglomerations of more than 1 million (% of total population),EN.URB.MCTY.TL.ZS,2011,21.38757956,,
"Middle East, North Africa, Afghanistan & Pakistan",MEA,Population living in slums (% of urban population),EN.POP.SLUM.UR.ZS,2011,,,
"Middle East, North Africa, Afghanistan & Pakistan",MEA,Rural population (% of total population),SP.RUR.TOTL.ZS,2011,48.15717303,,
"Middle East, North Africa, Afghanistan & Pakistan",MEA,Urban population (% of total population),SP.URB.TOTL.IN.ZS,2011,51.84282697,,
"Middle East, North Africa, Afghanistan & Pakistan",MEA,Urban population growth (annual %),SP.URB.GROW,2011,2.92130238,,
"Middle East, North Africa, Afghanistan & Pakistan (excluding high income)",MNA,Population density (people per sq. km of land area),EN.POP.DNST,2011,58.58735989,,
"Middle East, North Africa, Afghanistan & Pakistan (excluding high income)",MNA,Population in urban agglomerations of more than 1 million (% of total population),EN.URB.MCTY.TL.ZS,2011,18.99984593,,
"Middle East, North Africa, Afghanistan & Pakistan (excluding high income)",MNA,Population living in slums (% of urban population),EN.POP.SLUM.UR.ZS,2011,,,
"Middle East, North Africa, Afghanistan & Pakistan (excluding high income)",MNA,Rural population (% of total population),SP.RUR.TOTL.ZS,2011,50.99554524,,
"Middle East, North Africa, Afghanistan & Pakistan (excluding high income)",MNA,Urban population (% of total population),SP.URB.TOTL.IN.ZS,2011,49.00445476,,
"Middle East, North Africa, Afghanistan & Pakistan (excluding high income)",MNA,Urban population growth (annual %),SP.URB.GROW,2011,2.742683985,,
"Middle East, North Africa, Afghanistan & Pakistan (IDA & IBRD)",TMN,Population density (people per sq. km of land area),EN.POP.DNST,2011,58.23637955,,
"Middle East, North Africa, Afghanistan & Pakistan (IDA & IBRD)",TMN,Population in urban agglomerations of more than 1 million (% of total population),EN.URB.MCTY.TL.ZS,2011,18.99984593,,
"Middle East, North Africa, Afghanistan & Pakistan (IDA & IBRD)",TMN,Population living in slums (% of urban population),EN.POP.SLUM.UR.ZS,2011,,,
"Middle East, North Africa, Afghanistan & Pakistan (IDA & IBRD)",TMN,Rural population (% of total population),SP.RUR.TOTL.ZS,2011,51.22908029,,
"Middle East, North Africa, Afghanistan & Pakistan (IDA & IBRD)",TMN,Urban population (% of total population),SP.URB.TOTL.IN.ZS,2011,48.77091971,,
"Middle East, North Africa, Afghanistan & Pakistan (IDA & IBRD)",TMN,Urban population growth (annual %),SP.URB.GROW,2011,2.740426301,,
Middle income,MIC,Population density (people per sq. km of land area),EN.POP.DNST,2011,82.55292197,,
Middle income,MIC,Population in urban agglomerations of more than 1 million (% of total population),EN.URB.MCTY.TL.ZS,2011,20.09064423,,
Middle income,MIC,Population living in slums (% of urban population),EN.POP.SLUM.UR.ZS,2011,,,
Middle income,MIC,Rural population (% of total population),SP.RUR.TOTL.ZS,2011,51.99522862,,
Middle income,MIC,Urban population (% of total population),SP.URB.TOTL.IN.ZS,2011,48.00477138,,
Middle income,MIC,Urban population growth (annual %),SP.URB.GROW,2011,3.288805653,,
North America,NAC,Population density (people per sq. km of land area),EN.POP.DNST,2011,19.11561815,,
North America,NAC,Population in urban agglomerations of more than 1 million (% of total population),EN.URB.MCTY.TL.ZS,2011,44.69144088,,
North America,NAC,Population living in slums (% of urban population),EN.POP.SLUM.UR.ZS,2011,,,
North America,NAC,Rural population (% of total population),SP.RUR.TOTL.ZS,2011,19.26028788,,
North America,NAC,Urban population (% of total population),SP.URB.TOTL.IN.ZS,2011,80.73971212,,
North America,NAC,Urban population growth (annual %),SP.URB.GROW,2011,0.817115492,,
Not classified,INX,Population in urban agglomerations of more than 1 million (% of total population),EN.URB.MCTY.TL.ZS,2011,,,
Not classified,INX,Population living in slums (% of urban population),EN.POP.SLUM.UR.ZS,2011,,,
OECD members,OED,Population density (people per sq. km of land area),EN.POP.DNST,2011,36.62112009,,
OECD members,OED,Population in urban agglomerations of more than 1 million (% of total population),EN.URB.MCTY.TL.ZS,2011,36.21040637,,
OECD members,OED,Population living in slums (% of urban population),EN.POP.SLUM.UR.ZS,2011,,,
OECD members,OED,Rural population (% of total population),SP.RUR.TOTL.ZS,2011,21.07502699,,
OECD members,OED,Urban population (% of total population),SP.URB.TOTL.IN.ZS,2011,78.92497301,,
OECD members,OED,Urban population growth (annual %),SP.URB.GROW,2011,0.748776473,,
Other small states,OSS,Population density (people per sq. km of land area),EN.POP.DNST,2011,40.97831396,,
Other small states,OSS,Population in urban agglomerations of more than 1 million (% of total population),EN.URB.MCTY.TL.ZS,2011,,,
Other small states,OSS,Population living in slums (% of urban population),EN.POP.SLUM.UR.ZS,2011,,,
Other small states,OSS,Rural population (% of total population),SP.RUR.TOTL.ZS,2011,47.3571498,,
Other small states,OSS,Urban population (% of total population),SP.URB.TOTL.IN.ZS,2011,52.6428502,,
Other small states,OSS,Urban population growth (annual %),SP.URB.GROW,2011,1.155213761,,
Pacific island small states,PSS,Population density (people per sq. km of land area),EN.POP.DNST,2011,36.15107477,,
Pacific island small states,PSS,Population in urban agglomerations of more than 1 million (% of total population),EN.URB.MCTY.TL.ZS,2011,,,
Pacific island small states,PSS,Population living in slums (% of urban population),EN.POP.SLUM.UR.ZS,2011,,,
Pacific island small states,PSS,Rural population (% of total population),SP.RUR.TOTL.ZS,2011,62.70844025,,
Pacific island small states,PSS,Urban population (% of total population),SP.URB.TOTL.IN.ZS,2011,37.29155975,,
Pacific island small states,PSS,Urban population growth (annual %),SP.URB.GROW,2011,1.925881154,,
Post-demographic dividend,PST,Population density (people per sq. km of land area),EN.POP.DNST,2011,34.45549627,,
Post-demographic dividend,PST,Population in urban agglomerations of more than 1 million (% of total population),EN.URB.MCTY.TL.ZS,2011,35.83426584,,
Post-demographic dividend,PST,Population living in slums (% of urban population),EN.POP.SLUM.UR.ZS,2011,,,
Post-demographic dividend,PST,Rural population (% of total population),SP.RUR.TOTL.ZS,2011,20.02015041,,
Post-demographic dividend,PST,Urban population (% of total population),SP.URB.TOTL.IN.ZS,2011,79.97984959,,
Post-demographic dividend,PST,Urban population growth (annual %),SP.URB.GROW,2011,0.439439556,,
Pre-demographic dividend,PRE,Population density (people per sq. km of land area),EN.POP.DNST,2011,43.4697163,,
Pre-demographic dividend,PRE,Population in urban agglomerations of more than 1 million (% of total population),EN.URB.MCTY.TL.ZS,2011,14.73201603,,
Pre-demographic dividend,PRE,Population living in slums (% of urban population),EN.POP.SLUM.UR.ZS,2011,,,
Pre-demographic dividend,PRE,Rural population (% of total population),SP.RUR.TOTL.ZS,2011,60.84516295,,
Pre-demographic dividend,PRE,Urban population (% of total population),SP.URB.TOTL.IN.ZS,2011,39.15483705,,
Pre-demographic dividend,PRE,Urban population growth (annual %),SP.URB.GROW,2011,4.215093043,,
Small states,SST,Population density (people per sq. km of land area),EN.POP.DNST,2011,24.09208492,,
Small states,SST,Population in urban agglomerations of more than 1 million (% of total population),EN.URB.MCTY.TL.ZS,2011,,,
Small states,SST,Population living in slums (% of urban population),EN.POP.SLUM.UR.ZS,2011,,,
Small states,SST,Rural population (% of total population),SP.RUR.TOTL.ZS,2011,49.96061211,,
Small states,SST,Urban population (% of total population),SP.URB.TOTL.IN.ZS,2011,50.03938789,,
Small states,SST,Urban population growth (annual %),SP.URB.GROW,2011,1.10058311,,
South Asia,SAS,Population density (people per sq. km of land area),EN.POP.DNST,2011,437.4085784,,
South Asia,SAS,Population in urban agglomerations of more than 1 million (% of total population),EN.URB.MCTY.TL.ZS,2011,13.44264259,,
South Asia,SAS,Population living in slums (% of urban population),EN.POP.SLUM.UR.ZS,2011,,,
South Asia,SAS,Rural population (% of total population),SP.RUR.TOTL.ZS,2011,68.65008545,,
South Asia,SAS,Urban population (% of total population),SP.URB.TOTL.IN.ZS,2011,31.34991455,,
South Asia,SAS,Urban population growth (annual %),SP.URB.GROW,2011,2.573671776,,
South Asia (IDA & IBRD),TSA,Population density (people per sq. km of land area),EN.POP.DNST,2011,437.4085784,,
South Asia (IDA & IBRD),TSA,Population in urban agglomerations of more than 1 million (% of total population),EN.URB.MCTY.TL.ZS,2011,13.44264259,,
South Asia (IDA & IBRD),TSA,Population living in slums (% of urban population),EN.POP.SLUM.UR.ZS,2011,,,
South Asia (IDA & IBRD),TSA,Rural population (% of total population),SP.RUR.TOTL.ZS,2011,68.65008545,,
South Asia (IDA & IBRD),TSA,Urban population (% of total population),SP.URB.TOTL.IN.ZS,2011,31.34991455,,
South Asia (IDA & IBRD),TSA,Urban population growth (annual %),SP.URB.GROW,2011,2.573671776,,
Sub-Saharan Africa,SSF,Population density (people per sq. km of land area),EN.POP.DNST,2011,42.96726608,,
Sub-Saharan Africa,SSF,Population in urban agglomerations of more than 1 million (% of total population),EN.URB.MCTY.TL.ZS,2011,14.20825627,,
Sub-Saharan Africa,SSF,Population living in slums (% of urban population),EN.POP.SLUM.UR.ZS,2011,,,
Sub-Saharan Africa,SSF,Rural population (% of total population),SP.RUR.TOTL.ZS,2011,62.02381267,,
Sub-Saharan Africa,SSF,Urban population (% of total population),SP.URB.TOTL.IN.ZS,2011,37.97618733,,
Sub-Saharan Africa,SSF,Urban population growth (annual %),SP.URB.GROW,2011,3.915941075,,
Sub-Saharan Africa (excluding high income),SSA,Population density (people per sq. km of land area),EN.POP.DNST,2011,42.96410225,,
Sub-Saharan Africa (excluding high income),SSA,Population in urban agglomerations of more than 1 million (% of total population),EN.URB.MCTY.TL.ZS,2011,14.20825627,,
Sub-Saharan Africa (excluding high income),SSA,Population living in slums (% of urban population),EN.POP.SLUM.UR.ZS,2011,,,
Sub-Saharan Africa (excluding high income),SSA,Rural population (% of total population),SP.RUR.TOTL.ZS,2011,62.02425965,,
Sub-Saharan Africa (excluding high income),SSA,Urban population (% of total population),SP.URB.TOTL.IN.ZS,2011,37.97574035,,
Sub-Saharan Africa (excluding high income),SSA,Urban population growth (annual %),SP.URB.GROW,2011,3.916660376,,
Sub-Saharan Africa (IDA & IBRD countries),TSS,Population density (people per sq. km of land area),EN.POP.DNST,2011,42.96726608,,
Sub-Saharan Africa (IDA & IBRD countries),TSS,Population in urban agglomerations of more than 1 million (% of total population),EN.URB.MCTY.TL.ZS,2011,14.20825627,,
Sub-Saharan Africa (IDA & IBRD countries),TSS,Population living in slums (% of urban population),EN.POP.SLUM.UR.ZS,2011,,,
Sub-Saharan Africa (IDA & IBRD countries),TSS,Rural population (% of total population),SP.RUR.TOTL.ZS,2011,62.02381267,,
Sub-Saharan Africa (IDA & IBRD countries),TSS,Urban population (% of total population),SP.URB.TOTL.IN.ZS,2011,37.97618733,,
Sub-Saharan Africa (IDA & IBRD countries),TSS,Urban population growth (annual %),SP.URB.GROW,2011,3.915941075,,
Upper middle income,UMC,Population density (people per sq. km of land area),EN.POP.DNST,2011,63.26524002,,
Upper middle income,UMC,Population in urban agglomerations of more than 1 million (% of total population),EN.URB.MCTY.TL.ZS,2011,24.48950841,,
Upper middle income,UMC,Population living in slums (% of urban population),EN.POP.SLUM.UR.ZS,2011,,,
Upper middle income,UMC,Rural population (% of total population),SP.RUR.TOTL.ZS,2011,42.26402567,,
Upper middle income,UMC,Urban population (% of total population),SP.URB.TOTL.IN.ZS,2011,57.73597433,,
Upper middle income,UMC,Urban population growth (annual %),SP.URB.GROW,2011,3.548160274,,
World,WLD,Population density (people per sq. km of land area),EN.POP.DNST,2011,55.61008601,,
World,WLD,Population in urban agglomerations of more than 1 million (% of total population),EN.URB.MCTY.TL.ZS,2011,22.24166621,,
World,WLD,Population living in slums (% of urban population),EN.POP.SLUM.UR.ZS,2011,,,
World,WLD,Rural population (% of total population),SP.RUR.TOTL.ZS,2011,47.54170359,,
World,WLD,Urban population (% of total population),SP.URB.TOTL.IN.ZS,2011,52.45829641,,
World,WLD,Urban population growth (annual %),SP.URB.GROW,2011,2.559183343,,
Africa Eastern and Southern,AFE,Population density (people per sq. km of land area),EN.POP.DNST,2012,37.69651656,,
Africa Eastern and Southern,AFE,Population in urban agglomerations of more than 1 million (% of total population),EN.URB.MCTY.TL.ZS,2012,13.31373374,,
Africa Eastern and Southern,AFE,Population living in slums (% of urban population),EN.POP.SLUM.UR.ZS,2012,56.96875786,,
Africa Eastern and Southern,AFE,Rural population (% of total population),SP.RUR.TOTL.ZS,2012,66.71329392,,
Africa Eastern and Southern,AFE,Urban population (% of total population),SP.URB.TOTL.IN.ZS,2012,33.28670608,,
Africa Eastern and Southern,AFE,Urban population growth (annual %),SP.URB.GROW,2012,3.746322427,,
Africa Western and Central,AFW,Population density (people per sq. km of land area),EN.POP.DNST,2012,42.55170157,,
Africa Western and Central,AFW,Population in urban agglomerations of more than 1 million (% of total population),EN.URB.MCTY.TL.ZS,2012,15.85780921,,
Africa Western and Central,AFW,Population living in slums (% of urban population),EN.POP.SLUM.UR.ZS,2012,56.6315657,,
Africa Western and Central,AFW,Rural population (% of total population),SP.RUR.TOTL.ZS,2012,54.11808883,,
Africa Western and Central,AFW,Urban population (% of total population),SP.URB.TOTL.IN.ZS,2012,45.88191117,,
Africa Western and Central,AFW,Urban population growth (annual %),SP.URB.GROW,2012,4.037335679,,
Arab World,ARB,Population density (people per sq. km of land area),EN.POP.DNST,2012,29.08442808,,
Arab World,ARB,Population in urban agglomerations of more than 1 million (% of total population),EN.URB.MCTY.TL.ZS,2012,21.92031367,,
Arab World,ARB,Population living in slums (% of urban population),EN.POP.SLUM.UR.ZS,2012,27.35419473,,
Arab World,ARB,Rural population (% of total population),SP.RUR.TOTL.ZS,2012,43.23902211,,
Arab World,ARB,Urban population (% of total population),SP.URB.TOTL.IN.ZS,2012,56.76097789,,
Arab World,ARB,Urban population growth (annual %),SP.URB.GROW,2012,3.640485821,,
Caribbean small states,CSS,Population density (people per sq. km of land area),EN.POP.DNST,2012,10.61016826,,
Caribbean small states,CSS,Population in urban agglomerations of more than 1 million (% of total population),EN.URB.MCTY.TL.ZS,2012,,,
Caribbean small states,CSS,Population living in slums (% of urban population),EN.POP.SLUM.UR.ZS,2012,11.06804423,,
Caribbean small states,CSS,Rural population (% of total population),SP.RUR.TOTL.ZS,2012,49.85531816,,
Caribbean small states,CSS,Urban population (% of total population),SP.URB.TOTL.IN.ZS,2012,50.14468184,,
Caribbean small states,CSS,Urban population growth (annual %),SP.URB.GROW,2012,0.688052935,,
Central Europe and the Baltics,CEB,Population density (people per sq. km of land area),EN.POP.DNST,2012,94.13488191,,
Central Europe and the Baltics,CEB,Population in urban agglomerations of more than 1 million (% of total population),EN.URB.MCTY.TL.ZS,2012,,,
Central Europe and the Baltics,CEB,Population living in slums (% of urban population),EN.POP.SLUM.UR.ZS,2012,1.514463843,,
Central Europe and the Baltics,CEB,Rural population (% of total population),SP.RUR.TOTL.ZS,2012,38.02606753,,
Central Europe and the Baltics,CEB,Urban population (% of total population),SP.URB.TOTL.IN.ZS,2012,61.97393247,,
Central Europe and the Baltics,CEB,Urban population growth (annual %),SP.URB.GROW,2012,-0.287240112,,
Early-demographic dividend,EAR,Population density (people per sq. km of land area),EN.POP.DNST,2012,91.80722453,,
Early-demographic dividend,EAR,Population in urban agglomerations of more than 1 million (% of total population),EN.URB.MCTY.TL.ZS,2012,17.39930757,,
Early-demographic dividend,EAR,Population living in slums (% of urban population),EN.POP.SLUM.UR.ZS,2012,,,
Early-demographic dividend,EAR,Rural population (% of total population),SP.RUR.TOTL.ZS,2012,56.9951586,,
Early-demographic dividend,EAR,Urban population (% of total population),SP.URB.TOTL.IN.ZS,2012,43.0048414,,
Early-demographic dividend,EAR,Urban population growth (annual %),SP.URB.GROW,2012,2.549274965,,
East Asia & Pacific,EAS,Population density (people per sq. km of land area),EN.POP.DNST,2012,91.95050532,,
East Asia & Pacific,EAS,Population in urban agglomerations of more than 1 million (% of total population),EN.URB.MCTY.TL.ZS,2012,,,
East Asia & Pacific,EAS,Population living in slums (% of urban population),EN.POP.SLUM.UR.ZS,2012,,,
East Asia & Pacific,EAS,Rural population (% of total population),SP.RUR.TOTL.ZS,2012,45.30003599,,
East Asia & Pacific,EAS,Urban population (% of total population),SP.URB.TOTL.IN.ZS,2012,54.69996401,,
East Asia & Pacific,EAS,Urban population growth (annual %),SP.URB.GROW,2012,2.538622791,,
East Asia & Pacific (excluding high income),EAP,Population density (people per sq. km of land area),EN.POP.DNST,2012,125.5172568,,
East Asia & Pacific (excluding high income),EAP,Population in urban agglomerations of more than 1 million (% of total population),EN.URB.MCTY.TL.ZS,2012,,,
East Asia & Pacific (excluding high income),EAP,Population living in slums (% of urban population),EN.POP.SLUM.UR.ZS,2012,,,
East Asia & Pacific (excluding high income),EAP,Rural population (% of total population),SP.RUR.TOTL.ZS,2012,49.32429446,,
East Asia & Pacific (excluding high income),EAP,Urban population (% of total population),SP.URB.TOTL.IN.ZS,2012,50.67570554,,
East Asia & Pacific (excluding high income),EAP,Urban population growth (annual %),SP.URB.GROW,2012,2.991196815,,
East Asia & Pacific (IDA & IBRD countries),TEA,Population density (people per sq. km of land area),EN.POP.DNST,2012,124.8787767,,
East Asia & Pacific (IDA & IBRD countries),TEA,Population in urban agglomerations of more than 1 million (% of total population),EN.URB.MCTY.TL.ZS,2012,,,
East Asia & Pacific (IDA & IBRD countries),TEA,Population living in slums (% of urban population),EN.POP.SLUM.UR.ZS,2012,,,
East Asia & Pacific (IDA & IBRD countries),TEA,Rural population (% of total population),SP.RUR.TOTL.ZS,2012,49.45103958,,
East Asia & Pacific (IDA & IBRD countries),TEA,Urban population (% of total population),SP.URB.TOTL.IN.ZS,2012,50.54896042,,
East Asia & Pacific (IDA & IBRD countries),TEA,Urban population growth (annual %),SP.URB.GROW,2012,3.025371056,,
Euro area,EMU,Population density (people per sq. km of land area),EN.POP.DNST,2012,122.8754746,,
Euro area,EMU,Population in urban agglomerations of more than 1 million (% of total population),EN.URB.MCTY.TL.ZS,2012,18.93953577,,
Euro area,EMU,Population living in slums (% of urban population),EN.POP.SLUM.UR.ZS,2012,0.144889004,,
Euro area,EMU,Rural population (% of total population),SP.RUR.TOTL.ZS,2012,24.58791949,,
Euro area,EMU,Urban population (% of total population),SP.URB.TOTL.IN.ZS,2012,75.41208051,,
Euro area,EMU,Urban population growth (annual %),SP.URB.GROW,2012,0.413901147,,
Europe & Central Asia,ECS,Population density (people per sq. km of land area),EN.POP.DNST,2012,32.68273012,,
Europe & Central Asia,ECS,Population in urban agglomerations of more than 1 million (% of total population),EN.URB.MCTY.TL.ZS,2012,19.79044771,,
Europe & Central Asia,ECS,Population living in slums (% of urban population),EN.POP.SLUM.UR.ZS,2012,3.376160084,,
Europe & Central Asia,ECS,Rural population (% of total population),SP.RUR.TOTL.ZS,2012,28.84950618,,
Europe & Central Asia,ECS,Urban population (% of total population),SP.URB.TOTL.IN.ZS,2012,71.15049382,,
Europe & Central Asia,ECS,Urban population growth (annual %),SP.URB.GROW,2012,0.863609807,,
Europe & Central Asia (excluding high income),ECA,Population density (people per sq. km of land area),EN.POP.DNST,2012,39.59123412,,
Europe & Central Asia (excluding high income),ECA,Population in urban agglomerations of more than 1 million (% of total population),EN.URB.MCTY.TL.ZS,2012,22.30891986,,
Europe & Central Asia (excluding high income),ECA,Population living in slums (% of urban population),EN.POP.SLUM.UR.ZS,2012,11.13263508,,
Europe & Central Asia (excluding high income),ECA,Rural population (% of total population),SP.RUR.TOTL.ZS,2012,37.73304685,,
Europe & Central Asia (excluding high income),ECA,Urban population (% of total population),SP.URB.TOTL.IN.ZS,2012,62.26695315,,
Europe & Central Asia (excluding high income),ECA,Urban population growth (annual %),SP.URB.GROW,2012,2.340079214,,
Europe & Central Asia (IDA & IBRD countries),TEC,Population density (people per sq. km of land area),EN.POP.DNST,2012,19.44500391,,
Europe & Central Asia (IDA & IBRD countries),TEC,Population in urban agglomerations of more than 1 million (% of total population),EN.URB.MCTY.TL.ZS,2012,19.84489308,,
Europe & Central Asia (IDA & IBRD countries),TEC,Population living in slums (% of urban population),EN.POP.SLUM.UR.ZS,2012,6.637630603,,
Europe & Central Asia (IDA & IBRD countries),TEC,Rural population (% of total population),SP.RUR.TOTL.ZS,2012,34.38459511,,
Europe & Central Asia (IDA & IBRD countries),TEC,Urban population (% of total population),SP.URB.TOTL.IN.ZS,2012,65.61540489,,
Europe & Central Asia (IDA & IBRD countries),TEC,Urban population growth (annual %),SP.URB.GROW,2012,1.265528586,,
European Union,EUU,Population density (people per sq. km of land area),EN.POP.DNST,2012,110.8838238,,
European Union,EUU,Population in urban agglomerations of more than 1 million (% of total population),EN.URB.MCTY.TL.ZS,2012,16.91662072,,
European Union,EUU,Population living in slums (% of urban population),EN.POP.SLUM.UR.ZS,2012,0.435839578,,
European Union,EUU,Rural population (% of total population),SP.RUR.TOTL.ZS,2012,26.64733438,,
European Union,EUU,Urban population (% of total population),SP.URB.TOTL.IN.ZS,2012,73.35266562,,
European Union,EUU,Urban population growth (annual %),SP.URB.GROW,2012,0.33464912,,
Heavily indebted poor countries (HIPC),HPC,Population density (people per sq. km of land area),EN.POP.DNST,2012,34.80055661,,
Heavily indebted poor countries (HIPC),HPC,Population in urban agglomerations of more than 1 million (% of total population),EN.URB.MCTY.TL.ZS,2012,13.03500214,,
Heavily indebted poor countries (HIPC),HPC,Population living in slums (% of urban population),EN.POP.SLUM.UR.ZS,2012,61.04387213,,
Heavily indebted poor countries (HIPC),HPC,Rural population (% of total population),SP.RUR.TOTL.ZS,2012,67.41967208,,
Heavily indebted poor countries (HIPC),HPC,Urban population (% of total population),SP.URB.TOTL.IN.ZS,2012,32.58032792,,
Heavily indebted poor countries (HIPC),HPC,Urban population growth (annual %),SP.URB.GROW,2012,4.050954054,,
High income,HIC,Population density (people per sq. km of land area),EN.POP.DNST,2012,25.83523921,,
High income,HIC,Population in urban agglomerations of more than 1 million (% of total population),EN.URB.MCTY.TL.ZS,2012,,,
High income,HIC,Population living in slums (% of urban population),EN.POP.SLUM.UR.ZS,2012,0.846611584,,
High income,HIC,Rural population (% of total population),SP.RUR.TOTL.ZS,2012,20.92386607,,
High income,HIC,Urban population (% of total population),SP.URB.TOTL.IN.ZS,2012,79.07613393,,
High income,HIC,Urban population growth (annual %),SP.URB.GROW,2012,0.715324519,,
IBRD only,IBD,Population density (people per sq. km of land area),EN.POP.DNST,2012,64.03078174,,
IBRD only,IBD,Population in urban agglomerations of more than 1 million (% of total population),EN.URB.MCTY.TL.ZS,2012,21.48886415,,
IBRD only,IBD,Population living in slums (% of urban population),EN.POP.SLUM.UR.ZS,2012,,,
IBRD only,IBD,Rural population (% of total population),SP.RUR.TOTL.ZS,2012,48.21447966,,
IBRD only,IBD,Urban population (% of total population),SP.URB.TOTL.IN.ZS,2012,51.78552034,,
IBRD only,IBD,Urban population growth (annual %),SP.URB.GROW,2012,2.326409445,,
IDA & IBRD total,IBT,Population density (people per sq. km of land area),EN.POP.DNST,2012,62.85727701,,
IDA & IBRD total,IBT,Population in urban agglomerations of more than 1 million (% of total population),EN.URB.MCTY.TL.ZS,2012,19.52905849,,
IDA & IBRD total,IBT,Population living in slums (% of urban population),EN.POP.SLUM.UR.ZS,2012,,,
IDA & IBRD total,IBT,Rural population (% of total population),SP.RUR.TOTL.ZS,2012,52.27517728,,
IDA & IBRD total,IBT,Urban population (% of total population),SP.URB.TOTL.IN.ZS,2012,47.72482272,,
IDA & IBRD total,IBT,Urban population growth (annual %),SP.URB.GROW,2012,2.562037468,,
IDA blend,IDB,Population density (people per sq. km of land area),EN.POP.DNST,2012,108.8094894,,
IDA blend,IDB,Population in urban agglomerations of more than 1 million (% of total population),EN.URB.MCTY.TL.ZS,2012,,,
IDA blend,IDB,Population living in slums (% of urban population),EN.POP.SLUM.UR.ZS,2012,54.83966326,,
IDA blend,IDB,Rural population (% of total population),SP.RUR.TOTL.ZS,2012,57.08406768,,
IDA blend,IDB,Urban population (% of total population),SP.URB.TOTL.IN.ZS,2012,42.91593232,,
IDA blend,IDB,Urban population growth (annual %),SP.URB.GROW,2012,3.230339614,,
IDA only,IDX,Population density (people per sq. km of land area),EN.POP.DNST,2012,47.74362374,,
IDA only,IDX,Population in urban agglomerations of more than 1 million (% of total population),EN.URB.MCTY.TL.ZS,2012,11.71253739,,
IDA only,IDX,Population living in slums (% of urban population),EN.POP.SLUM.UR.ZS,2012,57.0973942,,
IDA only,IDX,Rural population (% of total population),SP.RUR.TOTL.ZS,2012,68.54797999,,
IDA only,IDX,Urban population (% of total population),SP.URB.TOTL.IN.ZS,2012,31.45202001,,
IDA only,IDX,Urban population growth (annual %),SP.URB.GROW,2012,3.881476838,,
IDA total,IDA,Population density (people per sq. km of land area),EN.POP.DNST,2012,59.57255697,,
IDA total,IDA,Population in urban agglomerations of more than 1 million (% of total population),EN.URB.MCTY.TL.ZS,2012,13.2361283,,
IDA total,IDA,Population living in slums (% of urban population),EN.POP.SLUM.UR.ZS,2012,56.12713712,,
IDA total,IDA,Rural population (% of total population),SP.RUR.TOTL.ZS,2012,64.49195662,,
IDA total,IDA,Urban population (% of total population),SP.URB.TOTL.IN.ZS,2012,35.50804338,,
IDA total,IDA,Urban population growth (annual %),SP.URB.GROW,2012,3.602517613,,
Late-demographic dividend,LTE,Population density (people per sq. km of land area),EN.POP.DNST,2012,49.61999778,,
Late-demographic dividend,LTE,Population in urban agglomerations of more than 1 million (% of total population),EN.URB.MCTY.TL.ZS,2012,25.02880724,,
Late-demographic dividend,LTE,Population living in slums (% of urban population),EN.POP.SLUM.UR.ZS,2012,,,
Late-demographic dividend,LTE,Rural population (% of total population),SP.RUR.TOTL.ZS,2012,42.19293072,,
Late-demographic dividend,LTE,Urban population (% of total population),SP.URB.TOTL.IN.ZS,2012,57.80706928,,
Late-demographic dividend,LTE,Urban population growth (annual %),SP.URB.GROW,2012,2.282005757,,
Latin America & Caribbean,LCN,Population density (people per sq. km of land area),EN.POP.DNST,2012,29.95138391,,
Latin America & Caribbean,LCN,Population in urban agglomerations of more than 1 million (% of total population),EN.URB.MCTY.TL.ZS,2012,37.20763093,,
Latin America & Caribbean,LCN,Population living in slums (% of urban population),EN.POP.SLUM.UR.ZS,2012,19.70638901,,
Latin America & Caribbean,LCN,Rural population (% of total population),SP.RUR.TOTL.ZS,2012,21.23020939,,
Latin America & Caribbean,LCN,Urban population (% of total population),SP.URB.TOTL.IN.ZS,2012,78.76979061,,
Latin America & Caribbean,LCN,Urban population growth (annual %),SP.URB.GROW,2012,1.312216435,,
Latin America & Caribbean (excluding high income),LAC,Population density (people per sq. km of land area),EN.POP.DNST,2012,30.03793704,,
Latin America & Caribbean (excluding high income),LAC,Population in urban agglomerations of more than 1 million (% of total population),EN.URB.MCTY.TL.ZS,2012,37.01593351,,
Latin America & Caribbean (excluding high income),LAC,Population living in slums (% of urban population),EN.POP.SLUM.UR.ZS,2012,19.90666347,,
Latin America & Caribbean (excluding high income),LAC,Rural population (% of total population),SP.RUR.TOTL.ZS,2012,21.40597161,,
Latin America & Caribbean (excluding high income),LAC,Urban population (% of total population),SP.URB.TOTL.IN.ZS,2012,78.59402839,,
Latin America & Caribbean (excluding high income),LAC,Urban population growth (annual %),SP.URB.GROW,2012,1.339586008,,
Latin America & the Caribbean (IDA & IBRD countries),TLA,Population density (people per sq. km of land area),EN.POP.DNST,2012,29.34569828,,
Latin America & the Caribbean (IDA & IBRD countries),TLA,Population in urban agglomerations of more than 1 million (% of total population),EN.URB.MCTY.TL.ZS,2012,37.37501725,,
Latin America & the Caribbean (IDA & IBRD countries),TLA,Population living in slums (% of urban population),EN.POP.SLUM.UR.ZS,2012,19.99731951,,
Latin America & the Caribbean (IDA & IBRD countries),TLA,Rural population (% of total population),SP.RUR.TOTL.ZS,2012,21.29522499,,
Latin America & the Caribbean (IDA & IBRD countries),TLA,Urban population (% of total population),SP.URB.TOTL.IN.ZS,2012,78.70477501,,
Latin America & the Caribbean (IDA & IBRD countries),TLA,Urban population growth (annual %),SP.URB.GROW,2012,1.351789543,,
Least developed countries: UN classification,LDC,Population density (people per sq. km of land area),EN.POP.DNST,2012,44.02049569,,
Least developed countries: UN classification,LDC,Population in urban agglomerations of more than 1 million (% of total population),EN.URB.MCTY.TL.ZS,2012,11.60973992,,
Least developed countries: UN classification,LDC,Population living in slums (% of urban population),EN.POP.SLUM.UR.ZS,2012,60.30407151,,
Least developed countries: UN classification,LDC,Rural population (% of total population),SP.RUR.TOTL.ZS,2012,69.23212443,,
Least developed countries: UN classification,LDC,Urban population (% of total population),SP.URB.TOTL.IN.ZS,2012,30.76787557,,
Least developed countries: UN classification,LDC,Urban population growth (annual %),SP.URB.GROW,2012,3.712895115,,
Low & middle income,LMY,Population density (people per sq. km of land area),EN.POP.DNST,2012,74.82005337,,
Low & middle income,LMY,Population in urban agglomerations of more than 1 million (% of total population),EN.URB.MCTY.TL.ZS,2012,19.47720644,,
Low & middle income,LMY,Population living in slums (% of urban population),EN.POP.SLUM.UR.ZS,2012,,,
Low & middle income,LMY,Rural population (% of total population),SP.RUR.TOTL.ZS,2012,53.10120639,,
Low & middle income,LMY,Urban population (% of total population),SP.URB.TOTL.IN.ZS,2012,46.89879361,,
Low & middle income,LMY,Urban population growth (annual %),SP.URB.GROW,2012,2.685895998,,
Low income,LIC,Population density (people per sq. km of land area),EN.POP.DNST,2012,36.91732527,,
Low income,LIC,Population in urban agglomerations of more than 1 million (% of total population),EN.URB.MCTY.TL.ZS,2012,10.83217465,,
Low income,LIC,Population living in slums (% of urban population),EN.POP.SLUM.UR.ZS,2012,65.19273646,,
Low income,LIC,Rural population (% of total population),SP.RUR.TOTL.ZS,2012,69.94718446,,
Low income,LIC,Urban population (% of total population),SP.URB.TOTL.IN.ZS,2012,30.05281554,,
Low income,LIC,Urban population growth (annual %),SP.URB.GROW,2012,4.577569602,,
Lower middle income,LMC,Population density (people per sq. km of land area),EN.POP.DNST,2012,130.1133498,,
Lower middle income,LMC,Population in urban agglomerations of more than 1 million (% of total population),EN.URB.MCTY.TL.ZS,2012,15.12869247,,
Lower middle income,LMC,Population living in slums (% of urban population),EN.POP.SLUM.UR.ZS,2012,,,
Lower middle income,LMC,Rural population (% of total population),SP.RUR.TOTL.ZS,2012,62.9515885,,
Lower middle income,LMC,Urban population (% of total population),SP.URB.TOTL.IN.ZS,2012,37.0484115,,
Lower middle income,LMC,Urban population growth (annual %),SP.URB.GROW,2012,2.671872228,,
"Middle East, North Africa, Afghanistan & Pakistan",MEA,Population density (people per sq. km of land area),EN.POP.DNST,2012,51.65539964,,
"Middle East, North Africa, Afghanistan & Pakistan",MEA,Population in urban agglomerations of more than 1 million (% of total population),EN.URB.MCTY.TL.ZS,2012,21.32732649,,
"Middle East, North Africa, Afghanistan & Pakistan",MEA,Population living in slums (% of urban population),EN.POP.SLUM.UR.ZS,2012,38.26071586,,
"Middle East, North Africa, Afghanistan & Pakistan",MEA,Rural population (% of total population),SP.RUR.TOTL.ZS,2012,47.65580949,,
"Middle East, North Africa, Afghanistan & Pakistan",MEA,Urban population (% of total population),SP.URB.TOTL.IN.ZS,2012,52.34419051,,
"Middle East, North Africa, Afghanistan & Pakistan",MEA,Urban population growth (annual %),SP.URB.GROW,2012,3.163140258,,
"Middle East, North Africa, Afghanistan & Pakistan (excluding high income)",MNA,Population density (people per sq. km of land area),EN.POP.DNST,2012,59.771828,,
"Middle East, North Africa, Afghanistan & Pakistan (excluding high income)",MNA,Population in urban agglomerations of more than 1 million (% of total population),EN.URB.MCTY.TL.ZS,2012,18.90648638,,
"Middle East, North Africa, Afghanistan & Pakistan (excluding high income)",MNA,Population living in slums (% of urban population),EN.POP.SLUM.UR.ZS,2012,40.12322744,,
"Middle East, North Africa, Afghanistan & Pakistan (excluding high income)",MNA,Rural population (% of total population),SP.RUR.TOTL.ZS,2012,50.53090492,,
"Middle East, North Africa, Afghanistan & Pakistan (excluding high income)",MNA,Urban population (% of total population),SP.URB.TOTL.IN.ZS,2012,49.46909508,,
"Middle East, North Africa, Afghanistan & Pakistan (excluding high income)",MNA,Urban population growth (annual %),SP.URB.GROW,2012,2.945239694,,
"Middle East, North Africa, Afghanistan & Pakistan (IDA & IBRD)",TMN,Population density (people per sq. km of land area),EN.POP.DNST,2012,59.41191167,,
"Middle East, North Africa, Afghanistan & Pakistan (IDA & IBRD)",TMN,Population in urban agglomerations of more than 1 million (% of total population),EN.URB.MCTY.TL.ZS,2012,18.90648638,,
"Middle East, North Africa, Afghanistan & Pakistan (IDA & IBRD)",TMN,Population living in slums (% of urban population),EN.POP.SLUM.UR.ZS,2012,40.31934208,,
"Middle East, North Africa, Afghanistan & Pakistan (IDA & IBRD)",TMN,Rural population (% of total population),SP.RUR.TOTL.ZS,2012,50.76452456,,
"Middle East, North Africa, Afghanistan & Pakistan (IDA & IBRD)",TMN,Urban population (% of total population),SP.URB.TOTL.IN.ZS,2012,49.23547544,,
"Middle East, North Africa, Afghanistan & Pakistan (IDA & IBRD)",TMN,Urban population growth (annual %),SP.URB.GROW,2012,2.94646784,,
Middle income,MIC,Population density (people per sq. km of land area),EN.POP.DNST,2012,83.61898779,,
Middle income,MIC,Population in urban agglomerations of more than 1 million (% of total population),EN.URB.MCTY.TL.ZS,2012,20.32776951,,
Middle income,MIC,Population living in slums (% of urban population),EN.POP.SLUM.UR.ZS,2012,,,
Middle income,MIC,Rural population (% of total population),SP.RUR.TOTL.ZS,2012,51.37464842,,
Middle income,MIC,Urban population (% of total population),SP.URB.TOTL.IN.ZS,2012,48.62535158,,
Middle income,MIC,Urban population growth (annual %),SP.URB.GROW,2012,2.567265958,,
North America,NAC,Population density (people per sq. km of land area),EN.POP.DNST,2012,19.27427298,,
North America,NAC,Population in urban agglomerations of more than 1 million (% of total population),EN.URB.MCTY.TL.ZS,2012,44.84737817,,
North America,NAC,Population living in slums (% of urban population),EN.POP.SLUM.UR.ZS,2012,0.234958702,,
North America,NAC,Rural population (% of total population),SP.RUR.TOTL.ZS,2012,19.26623478,,
North America,NAC,Urban population (% of total population),SP.URB.TOTL.IN.ZS,2012,80.73376522,,
North America,NAC,Urban population growth (annual %),SP.URB.GROW,2012,0.819183822,,
Not classified,INX,Population in urban agglomerations of more than 1 million (% of total population),EN.URB.MCTY.TL.ZS,2012,,,
Not classified,INX,Population living in slums (% of urban population),EN.POP.SLUM.UR.ZS,2012,,,
OECD members,OED,Population density (people per sq. km of land area),EN.POP.DNST,2012,36.84861211,,
OECD members,OED,Population in urban agglomerations of more than 1 million (% of total population),EN.URB.MCTY.TL.ZS,2012,36.37415374,,
OECD members,OED,Population living in slums (% of urban population),EN.POP.SLUM.UR.ZS,2012,4.321811203,,
OECD members,OED,Rural population (% of total population),SP.RUR.TOTL.ZS,2012,20.83895758,,
OECD members,OED,Urban population (% of total population),SP.URB.TOTL.IN.ZS,2012,79.16104242,,
OECD members,OED,Urban population growth (annual %),SP.URB.GROW,2012,0.919123595,,
Other small states,OSS,Population density (people per sq. km of land area),EN.POP.DNST,2012,41.41586027,,
Other small states,OSS,Population in urban agglomerations of more than 1 million (% of total population),EN.URB.MCTY.TL.ZS,2012,,,
Other small states,OSS,Population living in slums (% of urban population),EN.POP.SLUM.UR.ZS,2012,28.61350998,,
Other small states,OSS,Rural population (% of total population),SP.RUR.TOTL.ZS,2012,47.2710552,,
Other small states,OSS,Urban population (% of total population),SP.URB.TOTL.IN.ZS,2012,52.7289448,,
Other small states,OSS,Urban population growth (annual %),SP.URB.GROW,2012,1.225463241,,
Pacific island small states,PSS,Population density (people per sq. km of land area),EN.POP.DNST,2012,36.63433022,,
Pacific island small states,PSS,Population in urban agglomerations of more than 1 million (% of total population),EN.URB.MCTY.TL.ZS,2012,,,
Pacific island small states,PSS,Population living in slums (% of urban population),EN.POP.SLUM.UR.ZS,2012,8.279082354,,
Pacific island small states,PSS,Rural population (% of total population),SP.RUR.TOTL.ZS,2012,62.49785958,,
Pacific island small states,PSS,Urban population (% of total population),SP.URB.TOTL.IN.ZS,2012,37.50214042,,
Pacific island small states,PSS,Urban population growth (annual %),SP.URB.GROW,2012,1.890851227,,
Post-demographic dividend,PST,Population density (people per sq. km of land area),EN.POP.DNST,2012,34.60609294,,
Post-demographic dividend,PST,Population in urban agglomerations of more than 1 million (% of total population),EN.URB.MCTY.TL.ZS,2012,35.97441889,,
Post-demographic dividend,PST,Population living in slums (% of urban population),EN.POP.SLUM.UR.ZS,2012,0.39242609,,
Post-demographic dividend,PST,Rural population (% of total population),SP.RUR.TOTL.ZS,2012,19.91846766,,
Post-demographic dividend,PST,Urban population (% of total population),SP.URB.TOTL.IN.ZS,2012,80.08153234,,
Post-demographic dividend,PST,Urban population growth (annual %),SP.URB.GROW,2012,0.563835943,,
Pre-demographic dividend,PRE,Population density (people per sq. km of land area),EN.POP.DNST,2012,39.27122533,,
Pre-demographic dividend,PRE,Population in urban agglomerations of more than 1 million (% of total population),EN.URB.MCTY.TL.ZS,2012,14.85620288,,
Pre-demographic dividend,PRE,Population living in slums (% of urban population),EN.POP.SLUM.UR.ZS,2012,59.89360492,,
Pre-demographic dividend,PRE,Rural population (% of total population),SP.RUR.TOTL.ZS,2012,60.33796103,,
Pre-demographic dividend,PRE,Urban population (% of total population),SP.URB.TOTL.IN.ZS,2012,39.66203897,,
Pre-demographic dividend,PRE,Urban population growth (annual %),SP.URB.GROW,2012,4.265462386,,
Small states,SST,Population density (people per sq. km of land area),EN.POP.DNST,2012,24.33402222,,
Small states,SST,Population in urban agglomerations of more than 1 million (% of total population),EN.URB.MCTY.TL.ZS,2012,,,
Small states,SST,Population living in slums (% of urban population),EN.POP.SLUM.UR.ZS,2012,23.3548267,,
Small states,SST,Rural population (% of total population),SP.RUR.TOTL.ZS,2012,49.87835881,,
Small states,SST,Urban population (% of total population),SP.URB.TOTL.IN.ZS,2012,50.12164119,,
Small states,SST,Urban population growth (annual %),SP.URB.GROW,2012,1.163421072,,
South Asia,SAS,Population density (people per sq. km of land area),EN.POP.DNST,2012,443.1377851,,
South Asia,SAS,Population in urban agglomerations of more than 1 million (% of total population),EN.URB.MCTY.TL.ZS,2012,13.62641969,,
South Asia,SAS,Population living in slums (% of urban population),EN.POP.SLUM.UR.ZS,2012,,,
South Asia,SAS,Rural population (% of total population),SP.RUR.TOTL.ZS,2012,68.3271419,,
South Asia,SAS,Urban population (% of total population),SP.URB.TOTL.IN.ZS,2012,31.6728581,,
South Asia,SAS,Urban population growth (annual %),SP.URB.GROW,2012,2.326158853,,
South Asia (IDA & IBRD),TSA,Population density (people per sq. km of land area),EN.POP.DNST,2012,443.1377851,,
South Asia (IDA & IBRD),TSA,Population in urban agglomerations of more than 1 million (% of total population),EN.URB.MCTY.TL.ZS,2012,13.62641969,,
South Asia (IDA & IBRD),TSA,Population living in slums (% of urban population),EN.POP.SLUM.UR.ZS,2012,,,
South Asia (IDA & IBRD),TSA,Rural population (% of total population),SP.RUR.TOTL.ZS,2012,68.3271419,,
South Asia (IDA & IBRD),TSA,Urban population (% of total population),SP.URB.TOTL.IN.ZS,2012,31.6728581,,
South Asia (IDA & IBRD),TSA,Urban population growth (annual %),SP.URB.GROW,2012,2.326158853,,
Sub-Saharan Africa,SSF,Population density (people per sq. km of land area),EN.POP.DNST,2012,39.53482754,,
Sub-Saharan Africa,SSF,Population in urban agglomerations of more than 1 million (% of total population),EN.URB.MCTY.TL.ZS,2012,14.35171135,,
Sub-Saharan Africa,SSF,Population living in slums (% of urban population),EN.POP.SLUM.UR.ZS,2012,56.80465456,,
Sub-Saharan Africa,SSF,Rural population (% of total population),SP.RUR.TOTL.ZS,2012,61.58047995,,
Sub-Saharan Africa,SSF,Urban population (% of total population),SP.URB.TOTL.IN.ZS,2012,38.41952005,,
Sub-Saharan Africa,SSF,Urban population growth (annual %),SP.URB.GROW,2012,3.887845782,,
Sub-Saharan Africa (excluding high income),SSA,Population density (people per sq. km of land area),EN.POP.DNST,2012,39.5318926,,
Sub-Saharan Africa (excluding high income),SSA,Population in urban agglomerations of more than 1 million (% of total population),EN.URB.MCTY.TL.ZS,2012,14.35171135,,
Sub-Saharan Africa (excluding high income),SSA,Population living in slums (% of urban population),EN.POP.SLUM.UR.ZS,2012,56.8040967,,
Sub-Saharan Africa (excluding high income),SSA,Rural population (% of total population),SP.RUR.TOTL.ZS,2012,61.58088262,,
Sub-Saharan Africa (excluding high income),SSA,Urban population (% of total population),SP.URB.TOTL.IN.ZS,2012,38.41911738,,
Sub-Saharan Africa (excluding high income),SSA,Urban population growth (annual %),SP.URB.GROW,2012,3.888139662,,
Sub-Saharan Africa (IDA & IBRD countries),TSS,Population density (people per sq. km of land area),EN.POP.DNST,2012,39.53482754,,
Sub-Saharan Africa (IDA & IBRD countries),TSS,Population in urban agglomerations of more than 1 million (% of total population),EN.URB.MCTY.TL.ZS,2012,14.35171135,,
Sub-Saharan Africa (IDA & IBRD countries),TSS,Population living in slums (% of urban population),EN.POP.SLUM.UR.ZS,2012,56.80465456,,
Sub-Saharan Africa (IDA & IBRD countries),TSS,Rural population (% of total population),SP.RUR.TOTL.ZS,2012,61.58047995,,
Sub-Saharan Africa (IDA & IBRD countries),TSS,Urban population (% of total population),SP.URB.TOTL.IN.ZS,2012,38.41952005,,
Sub-Saharan Africa (IDA & IBRD countries),TSS,Urban population growth (annual %),SP.URB.GROW,2012,3.887845782,,
Upper middle income,UMC,Population density (people per sq. km of land area),EN.POP.DNST,2012,63.87040023,,
Upper middle income,UMC,Population in urban agglomerations of more than 1 million (% of total population),EN.URB.MCTY.TL.ZS,2012,24.81486495,,
Upper middle income,UMC,Population living in slums (% of urban population),EN.POP.SLUM.UR.ZS,2012,,,
Upper middle income,UMC,Rural population (% of total population),SP.RUR.TOTL.ZS,2012,41.35732368,,
Upper middle income,UMC,Urban population (% of total population),SP.URB.TOTL.IN.ZS,2012,58.64267632,,
Upper middle income,UMC,Urban population growth (annual %),SP.URB.GROW,2012,2.510128583,,
World,WLD,Population density (people per sq. km of land area),EN.POP.DNST,2012,55.23106806,,
World,WLD,Population in urban agglomerations of more than 1 million (% of total population),EN.URB.MCTY.TL.ZS,2012,22.4106849,,
World,WLD,Population living in slums (% of urban population),EN.POP.SLUM.UR.ZS,2012,,,
World,WLD,Rural population (% of total population),SP.RUR.TOTL.ZS,2012,47.08213263,,
World,WLD,Urban population (% of total population),SP.URB.TOTL.IN.ZS,2012,52.91786737,,
World,WLD,Urban population growth (annual %),SP.URB.GROW,2012,2.131148057,,
Africa Eastern and Southern,AFE,Population density (people per sq. km of land area),EN.POP.DNST,2013,38.74697531,,
Africa Eastern and Southern,AFE,Population in urban agglomerations of more than 1 million (% of total population),EN.URB.MCTY.TL.ZS,2013,13.47483782,,
Africa Eastern and Southern,AFE,Population living in slums (% of urban population),EN.POP.SLUM.UR.ZS,2013,,,
Africa Eastern and Southern,AFE,Rural population (% of total population),SP.RUR.TOTL.ZS,2013,66.33268572,,
Africa Eastern and Southern,AFE,Urban population (% of total population),SP.URB.TOTL.IN.ZS,2013,33.66731428,,
Africa Eastern and Southern,AFE,Urban population growth (annual %),SP.URB.GROW,2013,3.885182213,,
Africa Western and Central,AFW,Population density (people per sq. km of land area),EN.POP.DNST,2013,43.72686634,,
Africa Western and Central,AFW,Population in urban agglomerations of more than 1 million (% of total population),EN.URB.MCTY.TL.ZS,2013,15.97741341,,
Africa Western and Central,AFW,Population living in slums (% of urban population),EN.POP.SLUM.UR.ZS,2013,,,
Africa Western and Central,AFW,Rural population (% of total population),SP.RUR.TOTL.ZS,2013,53.54432622,,
Africa Western and Central,AFW,Urban population (% of total population),SP.URB.TOTL.IN.ZS,2013,46.45567378,,
Africa Western and Central,AFW,Urban population growth (annual %),SP.URB.GROW,2013,3.967050779,,
Arab World,ARB,Population density (people per sq. km of land area),EN.POP.DNST,2013,29.84238257,,
Arab World,ARB,Population in urban agglomerations of more than 1 million (% of total population),EN.URB.MCTY.TL.ZS,2013,21.80423349,,
Arab World,ARB,Population living in slums (% of urban population),EN.POP.SLUM.UR.ZS,2013,,,
Arab World,ARB,Rural population (% of total population),SP.RUR.TOTL.ZS,2013,42.42528644,,
Arab World,ARB,Urban population (% of total population),SP.URB.TOTL.IN.ZS,2013,57.57471356,,
Arab World,ARB,Urban population growth (annual %),SP.URB.GROW,2013,3.994644293,,
Caribbean small states,CSS,Population density (people per sq. km of land area),EN.POP.DNST,2013,10.68353081,,
Caribbean small states,CSS,Population in urban agglomerations of more than 1 million (% of total population),EN.URB.MCTY.TL.ZS,2013,,,
Caribbean small states,CSS,Population living in slums (% of urban population),EN.POP.SLUM.UR.ZS,2013,,,
Caribbean small states,CSS,Rural population (% of total population),SP.RUR.TOTL.ZS,2013,49.84924609,,
Caribbean small states,CSS,Urban population (% of total population),SP.URB.TOTL.IN.ZS,2013,50.15075391,,
Caribbean small states,CSS,Urban population growth (annual %),SP.URB.GROW,2013,0.701055437,,
Central Europe and the Baltics,CEB,Population density (people per sq. km of land area),EN.POP.DNST,2013,93.71889416,,
Central Europe and the Baltics,CEB,Population in urban agglomerations of more than 1 million (% of total population),EN.URB.MCTY.TL.ZS,2013,,,
Central Europe and the Baltics,CEB,Population living in slums (% of urban population),EN.POP.SLUM.UR.ZS,2013,,,
Central Europe and the Baltics,CEB,Rural population (% of total population),SP.RUR.TOTL.ZS,2013,38.03829689,,
Central Europe and the Baltics,CEB,Urban population (% of total population),SP.URB.TOTL.IN.ZS,2013,61.96170311,,
Central Europe and the Baltics,CEB,Urban population growth (annual %),SP.URB.GROW,2013,-0.366173328,,
Early-demographic dividend,EAR,Population density (people per sq. km of land area),EN.POP.DNST,2013,93.15231705,,
Early-demographic dividend,EAR,Population in urban agglomerations of more than 1 million (% of total population),EN.URB.MCTY.TL.ZS,2013,17.52268946,,
Early-demographic dividend,EAR,Population living in slums (% of urban population),EN.POP.SLUM.UR.ZS,2013,,,
Early-demographic dividend,EAR,Rural population (% of total population),SP.RUR.TOTL.ZS,2013,56.47677019,,
Early-demographic dividend,EAR,Urban population (% of total population),SP.URB.TOTL.IN.ZS,2013,43.52322981,,
Early-demographic dividend,EAR,Urban population growth (annual %),SP.URB.GROW,2013,2.652435922,,
East Asia & Pacific,EAS,Population density (people per sq. km of land area),EN.POP.DNST,2013,92.68755013,,
East Asia & Pacific,EAS,Population in urban agglomerations of more than 1 million (% of total population),EN.URB.MCTY.TL.ZS,2013,,,
East Asia & Pacific,EAS,Population living in slums (% of urban population),EN.POP.SLUM.UR.ZS,2013,,,
East Asia & Pacific,EAS,Rural population (% of total population),SP.RUR.TOTL.ZS,2013,44.3040841,,
East Asia & Pacific,EAS,Urban population (% of total population),SP.URB.TOTL.IN.ZS,2013,55.6959159,,
East Asia & Pacific,EAS,Urban population growth (annual %),SP.URB.GROW,2013,2.601108517,,
East Asia & Pacific (excluding high income),EAP,Population density (people per sq. km of land area),EN.POP.DNST,2013,126.6025168,,
East Asia & Pacific (excluding high income),EAP,Population in urban agglomerations of more than 1 million (% of total population),EN.URB.MCTY.TL.ZS,2013,,,
East Asia & Pacific (excluding high income),EAP,Population living in slums (% of urban population),EN.POP.SLUM.UR.ZS,2013,,,
East Asia & Pacific (excluding high income),EAP,Rural population (% of total population),SP.RUR.TOTL.ZS,2013,48.18778093,,
East Asia & Pacific (excluding high income),EAP,Urban population (% of total population),SP.URB.TOTL.IN.ZS,2013,51.81221907,,
East Asia & Pacific (excluding high income),EAP,Urban population growth (annual %),SP.URB.GROW,2013,3.075609622,,
East Asia & Pacific (IDA & IBRD countries),TEA,Population density (people per sq. km of land area),EN.POP.DNST,2013,125.9648078,,
East Asia & Pacific (IDA & IBRD countries),TEA,Population in urban agglomerations of more than 1 million (% of total population),EN.URB.MCTY.TL.ZS,2013,,,
East Asia & Pacific (IDA & IBRD countries),TEA,Population living in slums (% of urban population),EN.POP.SLUM.UR.ZS,2013,,,
East Asia & Pacific (IDA & IBRD countries),TEA,Rural population (% of total population),SP.RUR.TOTL.ZS,2013,48.30224786,,
East Asia & Pacific (IDA & IBRD countries),TEA,Urban population (% of total population),SP.URB.TOTL.IN.ZS,2013,51.69775214,,
East Asia & Pacific (IDA & IBRD countries),TEA,Urban population growth (annual %),SP.URB.GROW,2013,3.109832525,,
Euro area,EMU,Population density (people per sq. km of land area),EN.POP.DNST,2013,122.9533432,,
Euro area,EMU,Population in urban agglomerations of more than 1 million (% of total population),EN.URB.MCTY.TL.ZS,2013,19.04338513,,
Euro area,EMU,Population living in slums (% of urban population),EN.POP.SLUM.UR.ZS,2013,,,
Euro area,EMU,Rural population (% of total population),SP.RUR.TOTL.ZS,2013,24.37246758,,
Euro area,EMU,Urban population (% of total population),SP.URB.TOTL.IN.ZS,2013,75.62753242,,
Euro area,EMU,Urban population growth (annual %),SP.URB.GROW,2013,0.398024866,,
Europe & Central Asia,ECS,Population density (people per sq. km of land area),EN.POP.DNST,2013,32.8048341,,
Europe & Central Asia,ECS,Population in urban agglomerations of more than 1 million (% of total population),EN.URB.MCTY.TL.ZS,2013,19.91621248,,
Europe & Central Asia,ECS,Population living in slums (% of urban population),EN.POP.SLUM.UR.ZS,2013,,,
Europe & Central Asia,ECS,Rural population (% of total population),SP.RUR.TOTL.ZS,2013,28.32136507,,
Europe & Central Asia,ECS,Urban population (% of total population),SP.URB.TOTL.IN.ZS,2013,71.67863493,,
Europe & Central Asia,ECS,Urban population growth (annual %),SP.URB.GROW,2013,1.117149113,,
Europe & Central Asia (excluding high income),ECA,Population density (people per sq. km of land area),EN.POP.DNST,2013,39.93474308,,
Europe & Central Asia (excluding high income),ECA,Population in urban agglomerations of more than 1 million (% of total population),EN.URB.MCTY.TL.ZS,2013,22.46808014,,
Europe & Central Asia (excluding high income),ECA,Population living in slums (% of urban population),EN.POP.SLUM.UR.ZS,2013,,,
Europe & Central Asia (excluding high income),ECA,Rural population (% of total population),SP.RUR.TOTL.ZS,2013,36.14999604,,
Europe & Central Asia (excluding high income),ECA,Urban population (% of total population),SP.URB.TOTL.IN.ZS,2013,63.85000396,,
Europe & Central Asia (excluding high income),ECA,Urban population growth (annual %),SP.URB.GROW,2013,3.374799483,,
Europe & Central Asia (IDA & IBRD countries),TEC,Population density (people per sq. km of land area),EN.POP.DNST,2013,19.54015915,,
Europe & Central Asia (IDA & IBRD countries),TEC,Population in urban agglomerations of more than 1 million (% of total population),EN.URB.MCTY.TL.ZS,2013,19.99860368,,
Europe & Central Asia (IDA & IBRD countries),TEC,Population living in slums (% of urban population),EN.POP.SLUM.UR.ZS,2013,,,
Europe & Central Asia (IDA & IBRD countries),TEC,Rural population (% of total population),SP.RUR.TOTL.ZS,2013,33.53353664,,
Europe & Central Asia (IDA & IBRD countries),TEC,Urban population (% of total population),SP.URB.TOTL.IN.ZS,2013,66.46646336,,
Europe & Central Asia (IDA & IBRD countries),TEC,Urban population growth (annual %),SP.URB.GROW,2013,1.77694669,,
European Union,EUU,Population density (people per sq. km of land area),EN.POP.DNST,2013,110.9344028,,
European Union,EUU,Population in urban agglomerations of more than 1 million (% of total population),EN.URB.MCTY.TL.ZS,2013,17.01383996,,
European Union,EUU,Population living in slums (% of urban population),EN.POP.SLUM.UR.ZS,2013,,,
European Union,EUU,Rural population (% of total population),SP.RUR.TOTL.ZS,2013,26.46232234,,
European Union,EUU,Urban population (% of total population),SP.URB.TOTL.IN.ZS,2013,73.53767766,,
European Union,EUU,Urban population growth (annual %),SP.URB.GROW,2013,0.332381583,,
Heavily indebted poor countries (HIPC),HPC,Population density (people per sq. km of land area),EN.POP.DNST,2013,35.78984938,,
Heavily indebted poor countries (HIPC),HPC,Population in urban agglomerations of more than 1 million (% of total population),EN.URB.MCTY.TL.ZS,2013,13.16297686,,
Heavily indebted poor countries (HIPC),HPC,Population living in slums (% of urban population),EN.POP.SLUM.UR.ZS,2013,,,
Heavily indebted poor countries (HIPC),HPC,Rural population (% of total population),SP.RUR.TOTL.ZS,2013,66.99146747,,
Heavily indebted poor countries (HIPC),HPC,Urban population (% of total population),SP.URB.TOTL.IN.ZS,2013,33.00853253,,
Heavily indebted poor countries (HIPC),HPC,Urban population growth (annual %),SP.URB.GROW,2013,4.108639371,,
High income,HIC,Population density (people per sq. km of land area),EN.POP.DNST,2013,25.9831278,,
High income,HIC,Population in urban agglomerations of more than 1 million (% of total population),EN.URB.MCTY.TL.ZS,2013,,,
High income,HIC,Population living in slums (% of urban population),EN.POP.SLUM.UR.ZS,2013,,,
High income,HIC,Rural population (% of total population),SP.RUR.TOTL.ZS,2013,20.81574696,,
High income,HIC,Urban population (% of total population),SP.URB.TOTL.IN.ZS,2013,79.18425304,,
High income,HIC,Urban population growth (annual %),SP.URB.GROW,2013,0.710100183,,
IBRD only,IBD,Population density (people per sq. km of land area),EN.POP.DNST,2013,64.73574749,,
IBRD only,IBD,Population in urban agglomerations of more than 1 million (% of total population),EN.URB.MCTY.TL.ZS,2013,21.74025276,,
IBRD only,IBD,Population living in slums (% of urban population),EN.POP.SLUM.UR.ZS,2013,,,
IBRD only,IBD,Rural population (% of total population),SP.RUR.TOTL.ZS,2013,47.50009856,,
IBRD only,IBD,Urban population (% of total population),SP.URB.TOTL.IN.ZS,2013,52.49990144,,
IBRD only,IBD,Urban population growth (annual %),SP.URB.GROW,2013,2.464171407,,
IDA & IBRD total,IBT,Population density (people per sq. km of land area),EN.POP.DNST,2013,63.70569757,,
IDA & IBRD total,IBT,Population in urban agglomerations of more than 1 million (% of total population),EN.URB.MCTY.TL.ZS,2013,19.73434366,,
IDA & IBRD total,IBT,Population living in slums (% of urban population),EN.POP.SLUM.UR.ZS,2013,,,
IDA & IBRD total,IBT,Rural population (% of total population),SP.RUR.TOTL.ZS,2013,51.64761596,,
IDA & IBRD total,IBT,Urban population (% of total population),SP.URB.TOTL.IN.ZS,2013,48.35238404,,
IDA & IBRD total,IBT,Urban population growth (annual %),SP.URB.GROW,2013,2.646357112,,
IDA blend,IDB,Population density (people per sq. km of land area),EN.POP.DNST,2013,111.1498372,,
IDA blend,IDB,Population in urban agglomerations of more than 1 million (% of total population),EN.URB.MCTY.TL.ZS,2013,,,
IDA blend,IDB,Population living in slums (% of urban population),EN.POP.SLUM.UR.ZS,2013,,,
IDA blend,IDB,Rural population (% of total population),SP.RUR.TOTL.ZS,2013,56.67242437,,
IDA blend,IDB,Urban population (% of total population),SP.URB.TOTL.IN.ZS,2013,43.32757563,,
IDA blend,IDB,Urban population growth (annual %),SP.URB.GROW,2013,3.082453092,,
IDA only,IDX,Population density (people per sq. km of land area),EN.POP.DNST,2013,48.73160111,,
IDA only,IDX,Population in urban agglomerations of more than 1 million (% of total population),EN.URB.MCTY.TL.ZS,2013,11.8075283,,
IDA only,IDX,Population living in slums (% of urban population),EN.POP.SLUM.UR.ZS,2013,,,
IDA only,IDX,Rural population (% of total population),SP.RUR.TOTL.ZS,2013,68.02094414,,
IDA only,IDX,Urban population (% of total population),SP.URB.TOTL.IN.ZS,2013,31.97905586,,
IDA only,IDX,Urban population growth (annual %),SP.URB.GROW,2013,3.709486553,,
IDA total,IDA,Population density (people per sq. km of land area),EN.POP.DNST,2013,60.82252868,,
IDA total,IDA,Population in urban agglomerations of more than 1 million (% of total population),EN.URB.MCTY.TL.ZS,2013,13.35934921,,
IDA total,IDA,Population living in slums (% of urban population),EN.POP.SLUM.UR.ZS,2013,,,
IDA total,IDA,Rural population (% of total population),SP.RUR.TOTL.ZS,2013,64.00366781,,
IDA total,IDA,Urban population (% of total population),SP.URB.TOTL.IN.ZS,2013,35.99633219,,
IDA total,IDA,Urban population growth (annual %),SP.URB.GROW,2013,3.441834662,,
Late-demographic dividend,LTE,Population density (people per sq. km of land area),EN.POP.DNST,2013,49.97155374,,
Late-demographic dividend,LTE,Population in urban agglomerations of more than 1 million (% of total population),EN.URB.MCTY.TL.ZS,2013,25.44723894,,
Late-demographic dividend,LTE,Population living in slums (% of urban population),EN.POP.SLUM.UR.ZS,2013,,,
Late-demographic dividend,LTE,Rural population (% of total population),SP.RUR.TOTL.ZS,2013,41.22116952,,
Late-demographic dividend,LTE,Urban population (% of total population),SP.URB.TOTL.IN.ZS,2013,58.77883048,,
Late-demographic dividend,LTE,Urban population growth (annual %),SP.URB.GROW,2013,2.374532945,,
Latin America & Caribbean,LCN,Population density (people per sq. km of land area),EN.POP.DNST,2013,30.26747459,,
Latin America & Caribbean,LCN,Population in urban agglomerations of more than 1 million (% of total population),EN.URB.MCTY.TL.ZS,2013,37.37188636,,
Latin America & Caribbean,LCN,Population living in slums (% of urban population),EN.POP.SLUM.UR.ZS,2013,,,
Latin America & Caribbean,LCN,Rural population (% of total population),SP.RUR.TOTL.ZS,2013,21.02449437,,
Latin America & Caribbean,LCN,Urban population (% of total population),SP.URB.TOTL.IN.ZS,2013,78.97550563,,
Latin America & Caribbean,LCN,Urban population growth (annual %),SP.URB.GROW,2013,1.298516541,,
Latin America & Caribbean (excluding high income),LAC,Population density (people per sq. km of land area),EN.POP.DNST,2013,30.3599904,,
Latin America & Caribbean (excluding high income),LAC,Population in urban agglomerations of more than 1 million (% of total population),EN.URB.MCTY.TL.ZS,2013,37.18990573,,
Latin America & Caribbean (excluding high income),LAC,Population living in slums (% of urban population),EN.POP.SLUM.UR.ZS,2013,,,
Latin America & Caribbean (excluding high income),LAC,Rural population (% of total population),SP.RUR.TOTL.ZS,2013,21.19350332,,
Latin America & Caribbean (excluding high income),LAC,Urban population (% of total population),SP.URB.TOTL.IN.ZS,2013,78.80649668,,
Latin America & Caribbean (excluding high income),LAC,Urban population growth (annual %),SP.URB.GROW,2013,1.323483288,,
Latin America & the Caribbean (IDA & IBRD countries),TLA,Population density (people per sq. km of land area),EN.POP.DNST,2013,29.66126331,,
Latin America & the Caribbean (IDA & IBRD countries),TLA,Population in urban agglomerations of more than 1 million (% of total population),EN.URB.MCTY.TL.ZS,2013,37.54123808,,
Latin America & the Caribbean (IDA & IBRD countries),TLA,Population living in slums (% of urban population),EN.POP.SLUM.UR.ZS,2013,,,
Latin America & the Caribbean (IDA & IBRD countries),TLA,Rural population (% of total population),SP.RUR.TOTL.ZS,2013,21.08341638,,
Latin America & the Caribbean (IDA & IBRD countries),TLA,Urban population (% of total population),SP.URB.TOTL.IN.ZS,2013,78.91658362,,
Latin America & the Caribbean (IDA & IBRD countries),TLA,Urban population growth (annual %),SP.URB.GROW,2013,1.338351311,,
Least developed countries: UN classification,LDC,Population density (people per sq. km of land area),EN.POP.DNST,2013,45.07896489,,
Least developed countries: UN classification,LDC,Population in urban agglomerations of more than 1 million (% of total population),EN.URB.MCTY.TL.ZS,2013,11.77811509,,
Least developed countries: UN classification,LDC,Population living in slums (% of urban population),EN.POP.SLUM.UR.ZS,2013,,,
Least developed countries: UN classification,LDC,Rural population (% of total population),SP.RUR.TOTL.ZS,2013,68.80352648,,
Least developed countries: UN classification,LDC,Urban population (% of total population),SP.URB.TOTL.IN.ZS,2013,31.19647352,,
Least developed countries: UN classification,LDC,Urban population growth (annual %),SP.URB.GROW,2013,3.758900003,,
Low & middle income,LMY,Population density (people per sq. km of land area),EN.POP.DNST,2013,75.86451969,,
Low & middle income,LMY,Population in urban agglomerations of more than 1 million (% of total population),EN.URB.MCTY.TL.ZS,2013,19.68462713,,
Low & middle income,LMY,Population living in slums (% of urban population),EN.POP.SLUM.UR.ZS,2013,,,
Low & middle income,LMY,Rural population (% of total population),SP.RUR.TOTL.ZS,2013,52.44419468,,
Low & middle income,LMY,Urban population (% of total population),SP.URB.TOTL.IN.ZS,2013,47.55580532,,
Low & middle income,LMY,Urban population growth (annual %),SP.URB.GROW,2013,2.773458225,,
Low income,LIC,Population density (people per sq. km of land area),EN.POP.DNST,2013,37.86292069,,
Low income,LIC,Population in urban agglomerations of more than 1 million (% of total population),EN.URB.MCTY.TL.ZS,2013,10.8276879,,
Low income,LIC,Population living in slums (% of urban population),EN.POP.SLUM.UR.ZS,2013,,,
Low income,LIC,Rural population (% of total population),SP.RUR.TOTL.ZS,2013,69.39019685,,
Low income,LIC,Urban population (% of total population),SP.URB.TOTL.IN.ZS,2013,30.60980315,,
Low income,LIC,Urban population growth (annual %),SP.URB.GROW,2013,4.365272721,,
Lower middle income,LMC,Population density (people per sq. km of land area),EN.POP.DNST,2013,132.2571166,,
Lower middle income,LMC,Population in urban agglomerations of more than 1 million (% of total population),EN.URB.MCTY.TL.ZS,2013,15.30894166,,
Lower middle income,LMC,Population living in slums (% of urban population),EN.POP.SLUM.UR.ZS,2013,,,
Lower middle income,LMC,Rural population (% of total population),SP.RUR.TOTL.ZS,2013,62.57252099,,
Lower middle income,LMC,Urban population (% of total population),SP.URB.TOTL.IN.ZS,2013,37.42747901,,
Lower middle income,LMC,Urban population growth (annual %),SP.URB.GROW,2013,2.651728548,,
"Middle East, North Africa, Afghanistan & Pakistan",MEA,Population density (people per sq. km of land area),EN.POP.DNST,2013,52.77827202,,
"Middle East, North Africa, Afghanistan & Pakistan",MEA,Population in urban agglomerations of more than 1 million (% of total population),EN.URB.MCTY.TL.ZS,2013,21.32386006,,
"Middle East, North Africa, Afghanistan & Pakistan",MEA,Population living in slums (% of urban population),EN.POP.SLUM.UR.ZS,2013,,,
"Middle East, North Africa, Afghanistan & Pakistan",MEA,Rural population (% of total population),SP.RUR.TOTL.ZS,2013,47.06057531,,
"Middle East, North Africa, Afghanistan & Pakistan",MEA,Urban population (% of total population),SP.URB.TOTL.IN.ZS,2013,52.93942469,,
"Middle East, North Africa, Afghanistan & Pakistan",MEA,Urban population growth (annual %),SP.URB.GROW,2013,3.279705502,,
"Middle East, North Africa, Afghanistan & Pakistan (excluding high income)",MNA,Population density (people per sq. km of land area),EN.POP.DNST,2013,60.92400875,,
"Middle East, North Africa, Afghanistan & Pakistan (excluding high income)",MNA,Population in urban agglomerations of more than 1 million (% of total population),EN.URB.MCTY.TL.ZS,2013,18.87093395,,
"Middle East, North Africa, Afghanistan & Pakistan (excluding high income)",MNA,Population living in slums (% of urban population),EN.POP.SLUM.UR.ZS,2013,,,
"Middle East, North Africa, Afghanistan & Pakistan (excluding high income)",MNA,Rural population (% of total population),SP.RUR.TOTL.ZS,2013,49.98097387,,
"Middle East, North Africa, Afghanistan & Pakistan (excluding high income)",MNA,Urban population (% of total population),SP.URB.TOTL.IN.ZS,2013,50.01902613,,
"Middle East, North Africa, Afghanistan & Pakistan (excluding high income)",MNA,Urban population growth (annual %),SP.URB.GROW,2013,3.012913452,,
"Middle East, North Africa, Afghanistan & Pakistan (IDA & IBRD)",TMN,Population density (people per sq. km of land area),EN.POP.DNST,2013,60.55516009,,
"Middle East, North Africa, Afghanistan & Pakistan (IDA & IBRD)",TMN,Population in urban agglomerations of more than 1 million (% of total population),EN.URB.MCTY.TL.ZS,2013,18.87093395,,
"Middle East, North Africa, Afghanistan & Pakistan (IDA & IBRD)",TMN,Population living in slums (% of urban population),EN.POP.SLUM.UR.ZS,2013,,,
"Middle East, North Africa, Afghanistan & Pakistan (IDA & IBRD)",TMN,Rural population (% of total population),SP.RUR.TOTL.ZS,2013,50.21389219,,
"Middle East, North Africa, Afghanistan & Pakistan (IDA & IBRD)",TMN,Urban population (% of total population),SP.URB.TOTL.IN.ZS,2013,49.78610781,,
"Middle East, North Africa, Afghanistan & Pakistan (IDA & IBRD)",TMN,Urban population growth (annual %),SP.URB.GROW,2013,3.016244189,,
Middle income,MIC,Population density (people per sq. km of land area),EN.POP.DNST,2013,84.68681882,,
Middle income,MIC,Population in urban agglomerations of more than 1 million (% of total population),EN.URB.MCTY.TL.ZS,2013,20.56683452,,
Middle income,MIC,Population living in slums (% of urban population),EN.POP.SLUM.UR.ZS,2013,,,
Middle income,MIC,Rural population (% of total population),SP.RUR.TOTL.ZS,2013,50.68527723,,
Middle income,MIC,Urban population (% of total population),SP.URB.TOTL.IN.ZS,2013,49.31472277,,
Middle income,MIC,Urban population growth (annual %),SP.URB.GROW,2013,2.671767401,,
North America,NAC,Population density (people per sq. km of land area),EN.POP.DNST,2013,19.42635702,,
North America,NAC,Population in urban agglomerations of more than 1 million (% of total population),EN.URB.MCTY.TL.ZS,2013,45.02564521,,
North America,NAC,Population living in slums (% of urban population),EN.POP.SLUM.UR.ZS,2013,,,
North America,NAC,Rural population (% of total population),SP.RUR.TOTL.ZS,2013,19.28351913,,
North America,NAC,Urban population (% of total population),SP.URB.TOTL.IN.ZS,2013,80.71648087,,
North America,NAC,Urban population growth (annual %),SP.URB.GROW,2013,0.764543967,,
Not classified,INX,Population in urban agglomerations of more than 1 million (% of total population),EN.URB.MCTY.TL.ZS,2013,,,
Not classified,INX,Population living in slums (% of urban population),EN.POP.SLUM.UR.ZS,2013,,,
OECD members,OED,Population density (people per sq. km of land area),EN.POP.DNST,2013,37.06395662,,
OECD members,OED,Population in urban agglomerations of more than 1 million (% of total population),EN.URB.MCTY.TL.ZS,2013,36.53932339,,
OECD members,OED,Population living in slums (% of urban population),EN.POP.SLUM.UR.ZS,2013,,,
OECD members,OED,Rural population (% of total population),SP.RUR.TOTL.ZS,2013,20.46991063,,
OECD members,OED,Urban population (% of total population),SP.URB.TOTL.IN.ZS,2013,79.53008937,,
OECD members,OED,Urban population growth (annual %),SP.URB.GROW,2013,1.051690709,,
Other small states,OSS,Population density (people per sq. km of land area),EN.POP.DNST,2013,41.6913811,,
Other small states,OSS,Population in urban agglomerations of more than 1 million (% of total population),EN.URB.MCTY.TL.ZS,2013,,,
Other small states,OSS,Population living in slums (% of urban population),EN.POP.SLUM.UR.ZS,2013,,,
Other small states,OSS,Rural population (% of total population),SP.RUR.TOTL.ZS,2013,47.1770524,,
Other small states,OSS,Urban population (% of total population),SP.URB.TOTL.IN.ZS,2013,52.8229476,,
Other small states,OSS,Urban population growth (annual %),SP.URB.GROW,2013,1.23466849,,
Pacific island small states,PSS,Population density (people per sq. km of land area),EN.POP.DNST,2013,37.1173053,,
Pacific island small states,PSS,Population in urban agglomerations of more than 1 million (% of total population),EN.URB.MCTY.TL.ZS,2013,,,
Pacific island small states,PSS,Population living in slums (% of urban population),EN.POP.SLUM.UR.ZS,2013,,,
Pacific island small states,PSS,Rural population (% of total population),SP.RUR.TOTL.ZS,2013,62.27388549,,
Pacific island small states,PSS,Urban population (% of total population),SP.URB.TOTL.IN.ZS,2013,37.72611451,,
Pacific island small states,PSS,Urban population growth (annual %),SP.URB.GROW,2013,1.905384237,,
Post-demographic dividend,PST,Population density (people per sq. km of land area),EN.POP.DNST,2013,34.7434498,,
Post-demographic dividend,PST,Population in urban agglomerations of more than 1 million (% of total population),EN.URB.MCTY.TL.ZS,2013,36.13473728,,
Post-demographic dividend,PST,Population living in slums (% of urban population),EN.POP.SLUM.UR.ZS,2013,,,
Post-demographic dividend,PST,Rural population (% of total population),SP.RUR.TOTL.ZS,2013,19.80285867,,
Post-demographic dividend,PST,Urban population (% of total population),SP.URB.TOTL.IN.ZS,2013,80.19714133,,
Post-demographic dividend,PST,Urban population growth (annual %),SP.URB.GROW,2013,0.533642875,,
Pre-demographic dividend,PRE,Population density (people per sq. km of land area),EN.POP.DNST,2013,40.45814352,,
Pre-demographic dividend,PRE,Population in urban agglomerations of more than 1 million (% of total population),EN.URB.MCTY.TL.ZS,2013,14.98187153,,
Pre-demographic dividend,PRE,Population living in slums (% of urban population),EN.POP.SLUM.UR.ZS,2013,,,
Pre-demographic dividend,PRE,Rural population (% of total population),SP.RUR.TOTL.ZS,2013,59.81904703,,
Pre-demographic dividend,PRE,Urban population (% of total population),SP.URB.TOTL.IN.ZS,2013,40.18095297,,
Pre-demographic dividend,PRE,Urban population growth (annual %),SP.URB.GROW,2013,4.27635941,,
Small states,SST,Population density (people per sq. km of land area),EN.POP.DNST,2013,24.54339886,,
Small states,SST,Population in urban agglomerations of more than 1 million (% of total population),EN.URB.MCTY.TL.ZS,2013,,,
Small states,SST,Population living in slums (% of urban population),EN.POP.SLUM.UR.ZS,2013,,,
Small states,SST,Rural population (% of total population),SP.RUR.TOTL.ZS,2013,49.7921479,,
Small states,SST,Urban population (% of total population),SP.URB.TOTL.IN.ZS,2013,50.2078521,,
Small states,SST,Urban population growth (annual %),SP.URB.GROW,2013,1.175123341,,
South Asia,SAS,Population density (people per sq. km of land area),EN.POP.DNST,2013,448.5469248,,
South Asia,SAS,Population in urban agglomerations of more than 1 million (% of total population),EN.URB.MCTY.TL.ZS,2013,13.82040922,,
South Asia,SAS,Population living in slums (% of urban population),EN.POP.SLUM.UR.ZS,2013,,,
South Asia,SAS,Rural population (% of total population),SP.RUR.TOTL.ZS,2013,67.99962267,,
South Asia,SAS,Urban population (% of total population),SP.URB.TOTL.IN.ZS,2013,32.00037733,,
South Asia,SAS,Urban population growth (annual %),SP.URB.GROW,2013,2.242014316,,
South Asia (IDA & IBRD),TSA,Population density (people per sq. km of land area),EN.POP.DNST,2013,448.5469248,,
South Asia (IDA & IBRD),TSA,Population in urban agglomerations of more than 1 million (% of total population),EN.URB.MCTY.TL.ZS,2013,13.82040922,,
South Asia (IDA & IBRD),TSA,Population living in slums (% of urban population),EN.POP.SLUM.UR.ZS,2013,,,
South Asia (IDA & IBRD),TSA,Rural population (% of total population),SP.RUR.TOTL.ZS,2013,67.99962267,,
South Asia (IDA & IBRD),TSA,Urban population (% of total population),SP.URB.TOTL.IN.ZS,2013,32.00037733,,
South Asia (IDA & IBRD),TSA,Urban population growth (annual %),SP.URB.GROW,2013,2.242014316,,
Sub-Saharan Africa,SSF,Population density (people per sq. km of land area),EN.POP.DNST,2013,40.63250652,,
Sub-Saharan Africa,SSF,Population in urban agglomerations of more than 1 million (% of total population),EN.URB.MCTY.TL.ZS,2013,14.4958451,,
Sub-Saharan Africa,SSF,Population living in slums (% of urban population),EN.POP.SLUM.UR.ZS,2013,,,
Sub-Saharan Africa,SSF,Rural population (% of total population),SP.RUR.TOTL.ZS,2013,61.12189701,,
Sub-Saharan Africa,SSF,Urban population (% of total population),SP.URB.TOTL.IN.ZS,2013,38.87810299,,
Sub-Saharan Africa,SSF,Urban population growth (annual %),SP.URB.GROW,2013,3.925034043,,
Sub-Saharan Africa (excluding high income),SSA,Population density (people per sq. km of land area),EN.POP.DNST,2013,40.62952381,,
Sub-Saharan Africa (excluding high income),SSA,Population in urban agglomerations of more than 1 million (% of total population),EN.URB.MCTY.TL.ZS,2013,14.4958451,,
Sub-Saharan Africa (excluding high income),SSA,Population living in slums (% of urban population),EN.POP.SLUM.UR.ZS,2013,,,
Sub-Saharan Africa (excluding high income),SSA,Rural population (% of total population),SP.RUR.TOTL.ZS,2013,61.12226184,,
Sub-Saharan Africa (excluding high income),SSA,Urban population (% of total population),SP.URB.TOTL.IN.ZS,2013,38.87773816,,
Sub-Saharan Africa (excluding high income),SSA,Urban population growth (annual %),SP.URB.GROW,2013,3.925226503,,
Sub-Saharan Africa (IDA & IBRD countries),TSS,Population density (people per sq. km of land area),EN.POP.DNST,2013,40.63250652,,
Sub-Saharan Africa (IDA & IBRD countries),TSS,Population in urban agglomerations of more than 1 million (% of total population),EN.URB.MCTY.TL.ZS,2013,14.4958451,,
Sub-Saharan Africa (IDA & IBRD countries),TSS,Population living in slums (% of urban population),EN.POP.SLUM.UR.ZS,2013,,,
Sub-Saharan Africa (IDA & IBRD countries),TSS,Rural population (% of total population),SP.RUR.TOTL.ZS,2013,61.12189701,,
Sub-Saharan Africa (IDA & IBRD countries),TSS,Urban population (% of total population),SP.URB.TOTL.IN.ZS,2013,38.87810299,,
Sub-Saharan Africa (IDA & IBRD countries),TSS,Urban population growth (annual %),SP.URB.GROW,2013,3.925034043,,
Upper middle income,UMC,Population density (people per sq. km of land area),EN.POP.DNST,2013,64.479929,,
Upper middle income,UMC,Population in urban agglomerations of more than 1 million (% of total population),EN.URB.MCTY.TL.ZS,2013,25.13405877,,
Upper middle income,UMC,Population living in slums (% of urban population),EN.POP.SLUM.UR.ZS,2013,,,
Upper middle income,UMC,Rural population (% of total population),SP.RUR.TOTL.ZS,2013,40.32815096,,
Upper middle income,UMC,Urban population (% of total population),SP.URB.TOTL.IN.ZS,2013,59.67184904,,
Upper middle income,UMC,Urban population growth (annual %),SP.URB.GROW,2013,2.682720055,,
World,WLD,Population density (people per sq. km of land area),EN.POP.DNST,2013,55.91618946,,
World,WLD,Population in urban agglomerations of more than 1 million (% of total population),EN.URB.MCTY.TL.ZS,2013,22.589667,,
World,WLD,Population living in slums (% of urban population),EN.POP.SLUM.UR.ZS,2013,,,
World,WLD,Rural population (% of total population),SP.RUR.TOTL.ZS,2013,46.56659877,,
World,WLD,Urban population (% of total population),SP.URB.TOTL.IN.ZS,2013,53.43340123,,
World,WLD,Urban population growth (annual %),SP.URB.GROW,2013,2.200969498,,
Africa Eastern and Southern,AFE,Population density (people per sq. km of land area),EN.POP.DNST,2014,39.80915464,,
Africa Eastern and Southern,AFE,Population in urban agglomerations of more than 1 million (% of total population),EN.URB.MCTY.TL.ZS,2014,13.63406219,,
Africa Eastern and Southern,AFE,Population living in slums (% of urban population),EN.POP.SLUM.UR.ZS,2014,56.16010222,,
Africa Eastern and Southern,AFE,Rural population (% of total population),SP.RUR.TOTL.ZS,2014,65.9224226,,
Africa Eastern and Southern,AFE,Urban population (% of total population),SP.URB.TOTL.IN.ZS,2014,34.0775774,,
Africa Eastern and Southern,AFE,Urban population growth (annual %),SP.URB.GROW,2014,3.915318904,,
Africa Western and Central,AFW,Population density (people per sq. km of land area),EN.POP.DNST,2014,44.93335467,,
Africa Western and Central,AFW,Population in urban agglomerations of more than 1 million (% of total population),EN.URB.MCTY.TL.ZS,2014,16.09887805,,
Africa Western and Central,AFW,Population living in slums (% of urban population),EN.POP.SLUM.UR.ZS,2014,54.1066377,,
Africa Western and Central,AFW,Rural population (% of total population),SP.RUR.TOTL.ZS,2014,52.96765366,,
Africa Western and Central,AFW,Urban population (% of total population),SP.URB.TOTL.IN.ZS,2014,47.03234634,,
Africa Western and Central,AFW,Urban population growth (annual %),SP.URB.GROW,2014,3.955466152,,
Arab World,ARB,Population density (people per sq. km of land area),EN.POP.DNST,2014,30.55077264,,
Arab World,ARB,Population in urban agglomerations of more than 1 million (% of total population),EN.URB.MCTY.TL.ZS,2014,21.79340481,,
Arab World,ARB,Population living in slums (% of urban population),EN.POP.SLUM.UR.ZS,2014,24.08022128,,
Arab World,ARB,Rural population (% of total population),SP.RUR.TOTL.ZS,2014,41.97217611,,
Arab World,ARB,Urban population (% of total population),SP.URB.TOTL.IN.ZS,2014,58.02782389,,
Arab World,ARB,Urban population growth (annual %),SP.URB.GROW,2014,3.129042685,,
Caribbean small states,CSS,Population density (people per sq. km of land area),EN.POP.DNST,2014,10.75595741,,
Caribbean small states,CSS,Population in urban agglomerations of more than 1 million (% of total population),EN.URB.MCTY.TL.ZS,2014,,,
Caribbean small states,CSS,Population living in slums (% of urban population),EN.POP.SLUM.UR.ZS,2014,10.84898793,,
Caribbean small states,CSS,Rural population (% of total population),SP.RUR.TOTL.ZS,2014,49.8403465,,
Caribbean small states,CSS,Urban population (% of total population),SP.URB.TOTL.IN.ZS,2014,50.1596535,,
Caribbean small states,CSS,Urban population growth (annual %),SP.URB.GROW,2014,0.693337828,,
Central Europe and the Baltics,CEB,Population density (people per sq. km of land area),EN.POP.DNST,2014,93.39541399,,
Central Europe and the Baltics,CEB,Population in urban agglomerations of more than 1 million (% of total population),EN.URB.MCTY.TL.ZS,2014,,,
Central Europe and the Baltics,CEB,Population living in slums (% of urban population),EN.POP.SLUM.UR.ZS,2014,1.312071542,,
Central Europe and the Baltics,CEB,Rural population (% of total population),SP.RUR.TOTL.ZS,2014,38.03670503,,
Central Europe and the Baltics,CEB,Urban population (% of total population),SP.URB.TOTL.IN.ZS,2014,61.96329497,,
Central Europe and the Baltics,CEB,Urban population growth (annual %),SP.URB.GROW,2014,-0.277425992,,
Early-demographic dividend,EAR,Population density (people per sq. km of land area),EN.POP.DNST,2014,94.45062909,,
Early-demographic dividend,EAR,Population in urban agglomerations of more than 1 million (% of total population),EN.URB.MCTY.TL.ZS,2014,17.66935072,,
Early-demographic dividend,EAR,Population living in slums (% of urban population),EN.POP.SLUM.UR.ZS,2014,,,
Early-demographic dividend,EAR,Rural population (% of total population),SP.RUR.TOTL.ZS,2014,55.99261996,,
Early-demographic dividend,EAR,Urban population (% of total population),SP.URB.TOTL.IN.ZS,2014,44.00738004,,
Early-demographic dividend,EAR,Urban population growth (annual %),SP.URB.GROW,2014,2.486099407,,
East Asia & Pacific,EAS,Population density (people per sq. km of land area),EN.POP.DNST,2014,93.39398617,,
East Asia & Pacific,EAS,Population in urban agglomerations of more than 1 million (% of total population),EN.URB.MCTY.TL.ZS,2014,,,
East Asia & Pacific,EAS,Population living in slums (% of urban population),EN.POP.SLUM.UR.ZS,2014,,,
East Asia & Pacific,EAS,Rural population (% of total population),SP.RUR.TOTL.ZS,2014,43.38732053,,
East Asia & Pacific,EAS,Urban population (% of total population),SP.URB.TOTL.IN.ZS,2014,56.61267947,,
East Asia & Pacific,EAS,Urban population growth (annual %),SP.URB.GROW,2014,2.393405955,,
East Asia & Pacific (excluding high income),EAP,Population density (people per sq. km of land area),EN.POP.DNST,2014,127.6338802,,
East Asia & Pacific (excluding high income),EAP,Population in urban agglomerations of more than 1 million (% of total population),EN.URB.MCTY.TL.ZS,2014,,,
East Asia & Pacific (excluding high income),EAP,Population living in slums (% of urban population),EN.POP.SLUM.UR.ZS,2014,,,
East Asia & Pacific (excluding high income),EAP,Rural population (% of total population),SP.RUR.TOTL.ZS,2014,47.14342439,,
East Asia & Pacific (excluding high income),EAP,Urban population (% of total population),SP.URB.TOTL.IN.ZS,2014,52.85657561,,
East Asia & Pacific (excluding high income),EAP,Urban population growth (annual %),SP.URB.GROW,2014,2.809231932,,
East Asia & Pacific (IDA & IBRD countries),TEA,Population density (people per sq. km of land area),EN.POP.DNST,2014,126.9963228,,
East Asia & Pacific (IDA & IBRD countries),TEA,Population in urban agglomerations of more than 1 million (% of total population),EN.URB.MCTY.TL.ZS,2014,,,
East Asia & Pacific (IDA & IBRD countries),TEA,Population living in slums (% of urban population),EN.POP.SLUM.UR.ZS,2014,,,
East Asia & Pacific (IDA & IBRD countries),TEA,Rural population (% of total population),SP.RUR.TOTL.ZS,2014,47.24697727,,
East Asia & Pacific (IDA & IBRD countries),TEA,Urban population (% of total population),SP.URB.TOTL.IN.ZS,2014,52.75302273,,
East Asia & Pacific (IDA & IBRD countries),TEA,Urban population growth (annual %),SP.URB.GROW,2014,2.838525156,,
Euro area,EMU,Population density (people per sq. km of land area),EN.POP.DNST,2014,123.1310587,,
Euro area,EMU,Population in urban agglomerations of more than 1 million (% of total population),EN.URB.MCTY.TL.ZS,2014,19.14100463,,
Euro area,EMU,Population living in slums (% of urban population),EN.POP.SLUM.UR.ZS,2014,0.131084361,,
Euro area,EMU,Rural population (% of total population),SP.RUR.TOTL.ZS,2014,24.18664592,,
Euro area,EMU,Urban population (% of total population),SP.URB.TOTL.IN.ZS,2014,75.81335408,,
Euro area,EMU,Urban population growth (annual %),SP.URB.GROW,2014,0.389395511,,
Europe & Central Asia,ECS,Population density (people per sq. km of land area),EN.POP.DNST,2014,32.93851601,,
Europe & Central Asia,ECS,Population in urban agglomerations of more than 1 million (% of total population),EN.URB.MCTY.TL.ZS,2014,20.0381115,,
Europe & Central Asia,ECS,Population living in slums (% of urban population),EN.POP.SLUM.UR.ZS,2014,2.841498464,,
Europe & Central Asia,ECS,Rural population (% of total population),SP.RUR.TOTL.ZS,2014,27.76262089,,
Europe & Central Asia,ECS,Urban population (% of total population),SP.URB.TOTL.IN.ZS,2014,72.23737911,,
Europe & Central Asia,ECS,Urban population growth (annual %),SP.URB.GROW,2014,1.181699351,,
Europe & Central Asia (excluding high income),ECA,Population density (people per sq. km of land area),EN.POP.DNST,2014,40.29699324,,
Europe & Central Asia (excluding high income),ECA,Population in urban agglomerations of more than 1 million (% of total population),EN.URB.MCTY.TL.ZS,2014,22.62712862,,
Europe & Central Asia (excluding high income),ECA,Population living in slums (% of urban population),EN.POP.SLUM.UR.ZS,2014,9.453060234,,
Europe & Central Asia (excluding high income),ECA,Rural population (% of total population),SP.RUR.TOTL.ZS,2014,34.43440041,,
Europe & Central Asia (excluding high income),ECA,Urban population (% of total population),SP.URB.TOTL.IN.ZS,2014,65.56559959,,
Europe & Central Asia (excluding high income),ECA,Urban population growth (annual %),SP.URB.GROW,2014,3.535251256,,
Europe & Central Asia (IDA & IBRD countries),TEC,Population density (people per sq. km of land area),EN.POP.DNST,2014,19.64133547,,
Europe & Central Asia (IDA & IBRD countries),TEC,Population in urban agglomerations of more than 1 million (% of total population),EN.URB.MCTY.TL.ZS,2014,20.14996664,,
Europe & Central Asia (IDA & IBRD countries),TEC,Population living in slums (% of urban population),EN.POP.SLUM.UR.ZS,2014,5.813937052,,
Europe & Central Asia (IDA & IBRD countries),TEC,Rural population (% of total population),SP.RUR.TOTL.ZS,2014,32.6088109,,
Europe & Central Asia (IDA & IBRD countries),TEC,Urban population (% of total population),SP.URB.TOTL.IN.ZS,2014,67.3911891,,
Europe & Central Asia (IDA & IBRD countries),TEC,Urban population growth (annual %),SP.URB.GROW,2014,1.893319707,,
European Union,EUU,Population density (people per sq. km of land area),EN.POP.DNST,2014,111.0377304,,
European Union,EUU,Population in urban agglomerations of more than 1 million (% of total population),EN.URB.MCTY.TL.ZS,2014,17.10575725,,
European Union,EUU,Population living in slums (% of urban population),EN.POP.SLUM.UR.ZS,2014,0.356692414,,
European Union,EUU,Rural population (% of total population),SP.RUR.TOTL.ZS,2014,26.30168348,,
European Union,EUU,Urban population (% of total population),SP.URB.TOTL.IN.ZS,2014,73.69831652,,
European Union,EUU,Urban population growth (annual %),SP.URB.GROW,2014,0.33004405,,
Heavily indebted poor countries (HIPC),HPC,Population density (people per sq. km of land area),EN.POP.DNST,2014,36.82621171,,
Heavily indebted poor countries (HIPC),HPC,Population in urban agglomerations of more than 1 million (% of total population),EN.URB.MCTY.TL.ZS,2014,13.28607496,,
Heavily indebted poor countries (HIPC),HPC,Population living in slums (% of urban population),EN.POP.SLUM.UR.ZS,2014,59.00694839,,
Heavily indebted poor countries (HIPC),HPC,Rural population (% of total population),SP.RUR.TOTL.ZS,2014,66.54992061,,
Heavily indebted poor countries (HIPC),HPC,Urban population (% of total population),SP.URB.TOTL.IN.ZS,2014,33.45007939,,
Heavily indebted poor countries (HIPC),HPC,Urban population growth (annual %),SP.URB.GROW,2014,4.183121232,,
High income,HIC,Population density (people per sq. km of land area),EN.POP.DNST,2014,26.12523553,,
High income,HIC,Population in urban agglomerations of more than 1 million (% of total population),EN.URB.MCTY.TL.ZS,2014,,,
High income,HIC,Population living in slums (% of urban population),EN.POP.SLUM.UR.ZS,2014,0.938892384,,
High income,HIC,Rural population (% of total population),SP.RUR.TOTL.ZS,2014,20.71833242,,
High income,HIC,Urban population (% of total population),SP.URB.TOTL.IN.ZS,2014,79.28166758,,
High income,HIC,Urban population growth (annual %),SP.URB.GROW,2014,0.665588529,,
IBRD only,IBD,Population density (people per sq. km of land area),EN.POP.DNST,2014,65.42459749,,
IBRD only,IBD,Population in urban agglomerations of more than 1 million (% of total population),EN.URB.MCTY.TL.ZS,2014,22.00511112,,
IBRD only,IBD,Population living in slums (% of urban population),EN.POP.SLUM.UR.ZS,2014,,,
IBRD only,IBD,Rural population (% of total population),SP.RUR.TOTL.ZS,2014,46.81627832,,
IBRD only,IBD,Urban population (% of total population),SP.URB.TOTL.IN.ZS,2014,53.18372168,,
IBRD only,IBD,Urban population growth (annual %),SP.URB.GROW,2014,2.350268419,,
IDA & IBRD total,IBT,Population density (people per sq. km of land area),EN.POP.DNST,2014,64.55185428,,
IDA & IBRD total,IBT,Population in urban agglomerations of more than 1 million (% of total population),EN.URB.MCTY.TL.ZS,2014,19.95326386,,
IDA & IBRD total,IBT,Population living in slums (% of urban population),EN.POP.SLUM.UR.ZS,2014,,,
IDA & IBRD total,IBT,Rural population (% of total population),SP.RUR.TOTL.ZS,2014,51.06556081,,
IDA & IBRD total,IBT,Urban population (% of total population),SP.URB.TOTL.IN.ZS,2014,48.93443919,,
IDA & IBRD total,IBT,Urban population growth (annual %),SP.URB.GROW,2014,2.51309904,,
IDA blend,IDB,Population density (people per sq. km of land area),EN.POP.DNST,2014,113.4824746,,
IDA blend,IDB,Population in urban agglomerations of more than 1 million (% of total population),EN.URB.MCTY.TL.ZS,2014,,,
IDA blend,IDB,Population living in slums (% of urban population),EN.POP.SLUM.UR.ZS,2014,52.81442288,,
IDA blend,IDB,Rural population (% of total population),SP.RUR.TOTL.ZS,2014,56.24752487,,
IDA blend,IDB,Urban population (% of total population),SP.URB.TOTL.IN.ZS,2014,43.75247513,,
IDA blend,IDB,Urban population growth (annual %),SP.URB.GROW,2014,3.052813244,,
IDA only,IDX,Population density (people per sq. km of land area),EN.POP.DNST,2014,49.76591491,,
IDA only,IDX,Population in urban agglomerations of more than 1 million (% of total population),EN.URB.MCTY.TL.ZS,2014,11.92501647,,
IDA only,IDX,Population living in slums (% of urban population),EN.POP.SLUM.UR.ZS,2014,55.57393051,,
IDA only,IDX,Rural population (% of total population),SP.RUR.TOTL.ZS,2014,67.62019054,,
IDA only,IDX,Urban population (% of total population),SP.URB.TOTL.IN.ZS,2014,32.37980946,,
IDA only,IDX,Urban population growth (annual %),SP.URB.GROW,2014,3.339659576,,
IDA total,IDA,Population density (people per sq. km of land area),EN.POP.DNST,2014,62.10893442,,
IDA total,IDA,Population in urban agglomerations of more than 1 million (% of total population),EN.URB.MCTY.TL.ZS,2014,13.50083969,,
IDA total,IDA,Population living in slums (% of urban population),EN.POP.SLUM.UR.ZS,2014,54.39432769,,
IDA total,IDA,Rural population (% of total population),SP.RUR.TOTL.ZS,2014,63.59481793,,
IDA total,IDA,Urban population (% of total population),SP.URB.TOTL.IN.ZS,2014,36.40518207,,
IDA total,IDA,Urban population growth (annual %),SP.URB.GROW,2014,3.217538575,,
Late-demographic dividend,LTE,Population density (people per sq. km of land area),EN.POP.DNST,2014,50.33531166,,
Late-demographic dividend,LTE,Population in urban agglomerations of more than 1 million (% of total population),EN.URB.MCTY.TL.ZS,2014,25.88131754,,
Late-demographic dividend,LTE,Population living in slums (% of urban population),EN.POP.SLUM.UR.ZS,2014,,,
Late-demographic dividend,LTE,Rural population (% of total population),SP.RUR.TOTL.ZS,2014,40.34231211,,
Late-demographic dividend,LTE,Urban population (% of total population),SP.URB.TOTL.IN.ZS,2014,59.65768789,,
Late-demographic dividend,LTE,Urban population growth (annual %),SP.URB.GROW,2014,2.20587109,,
Latin America & Caribbean,LCN,Population density (people per sq. km of land area),EN.POP.DNST,2014,30.57856334,,
Latin America & Caribbean,LCN,Population in urban agglomerations of more than 1 million (% of total population),EN.URB.MCTY.TL.ZS,2014,37.55036015,,
Latin America & Caribbean,LCN,Population living in slums (% of urban population),EN.POP.SLUM.UR.ZS,2014,19.02159702,,
Latin America & Caribbean,LCN,Rural population (% of total population),SP.RUR.TOTL.ZS,2014,20.81463455,,
Latin America & Caribbean,LCN,Urban population (% of total population),SP.URB.TOTL.IN.ZS,2014,79.18536545,,
Latin America & Caribbean,LCN,Urban population growth (annual %),SP.URB.GROW,2014,1.276606423,,
Latin America & Caribbean (excluding high income),LAC,Population density (people per sq. km of land area),EN.POP.DNST,2014,30.673741,,
Latin America & Caribbean (excluding high income),LAC,Population in urban agglomerations of more than 1 million (% of total population),EN.URB.MCTY.TL.ZS,2014,37.3781197,,
Latin America & Caribbean (excluding high income),LAC,Population living in slums (% of urban population),EN.POP.SLUM.UR.ZS,2014,19.26814319,,
Latin America & Caribbean (excluding high income),LAC,Rural population (% of total population),SP.RUR.TOTL.ZS,2014,20.97724267,,
Latin America & Caribbean (excluding high income),LAC,Urban population (% of total population),SP.URB.TOTL.IN.ZS,2014,79.02275733,,
Latin America & Caribbean (excluding high income),LAC,Urban population growth (annual %),SP.URB.GROW,2014,1.30111002,,
Latin America & the Caribbean (IDA & IBRD countries),TLA,Population density (people per sq. km of land area),EN.POP.DNST,2014,29.97632154,,
Latin America & the Caribbean (IDA & IBRD countries),TLA,Population in urban agglomerations of more than 1 million (% of total population),EN.URB.MCTY.TL.ZS,2014,37.71948076,,
Latin America & the Caribbean (IDA & IBRD countries),TLA,Population living in slums (% of urban population),EN.POP.SLUM.UR.ZS,2014,19.2686829,,
Latin America & the Caribbean (IDA & IBRD countries),TLA,Rural population (% of total population),SP.RUR.TOTL.ZS,2014,20.86694969,,
Latin America & the Caribbean (IDA & IBRD countries),TLA,Urban population (% of total population),SP.URB.TOTL.IN.ZS,2014,79.13305031,,
Latin America & the Caribbean (IDA & IBRD countries),TLA,Urban population growth (annual %),SP.URB.GROW,2014,1.320119302,,
Least developed countries: UN classification,LDC,Population density (people per sq. km of land area),EN.POP.DNST,2014,46.15799478,,
Least developed countries: UN classification,LDC,Population in urban agglomerations of more than 1 million (% of total population),EN.URB.MCTY.TL.ZS,2014,11.94382888,,
Least developed countries: UN classification,LDC,Population living in slums (% of urban population),EN.POP.SLUM.UR.ZS,2014,59.18539859,,
Least developed countries: UN classification,LDC,Rural population (% of total population),SP.RUR.TOTL.ZS,2014,68.3525993,,
Least developed countries: UN classification,LDC,Urban population (% of total population),SP.URB.TOTL.IN.ZS,2014,31.6474007,,
Least developed countries: UN classification,LDC,Urban population growth (annual %),SP.URB.GROW,2014,3.800311591,,
Low & middle income,LMY,Population density (people per sq. km of land area),EN.POP.DNST,2014,76.90156032,,
Low & middle income,LMY,Population in urban agglomerations of more than 1 million (% of total population),EN.URB.MCTY.TL.ZS,2014,19.90640981,,
Low & middle income,LMY,Population living in slums (% of urban population),EN.POP.SLUM.UR.ZS,2014,,,
Low & middle income,LMY,Rural population (% of total population),SP.RUR.TOTL.ZS,2014,51.8352531,,
Low & middle income,LMY,Urban population (% of total population),SP.URB.TOTL.IN.ZS,2014,48.1647469,,
Low & middle income,LMY,Urban population growth (annual %),SP.URB.GROW,2014,2.628748248,,
Low income,LIC,Population density (people per sq. km of land area),EN.POP.DNST,2014,38.8073513,,
Low income,LIC,Population in urban agglomerations of more than 1 million (% of total population),EN.URB.MCTY.TL.ZS,2014,10.85988705,,
Low income,LIC,Population living in slums (% of urban population),EN.POP.SLUM.UR.ZS,2014,63.4796052,,
Low income,LIC,Rural population (% of total population),SP.RUR.TOTL.ZS,2014,69.04196989,,
Low income,LIC,Urban population (% of total population),SP.URB.TOTL.IN.ZS,2014,30.95803011,,
Low income,LIC,Urban population growth (annual %),SP.URB.GROW,2014,3.594630454,,
Lower middle income,LMC,Population density (people per sq. km of land area),EN.POP.DNST,2014,134.3822763,,
Lower middle income,LMC,Population in urban agglomerations of more than 1 million (% of total population),EN.URB.MCTY.TL.ZS,2014,15.50066469,,
Lower middle income,LMC,Population living in slums (% of urban population),EN.POP.SLUM.UR.ZS,2014,,,
Lower middle income,LMC,Rural population (% of total population),SP.RUR.TOTL.ZS,2014,62.19069728,,
Lower middle income,LMC,Urban population (% of total population),SP.URB.TOTL.IN.ZS,2014,37.80930272,,
Lower middle income,LMC,Urban population growth (annual %),SP.URB.GROW,2014,2.602844733,,
"Middle East, North Africa, Afghanistan & Pakistan",MEA,Population density (people per sq. km of land area),EN.POP.DNST,2014,53.82669696,,
"Middle East, North Africa, Afghanistan & Pakistan",MEA,Population in urban agglomerations of more than 1 million (% of total population),EN.URB.MCTY.TL.ZS,2014,21.39509731,,
"Middle East, North Africa, Afghanistan & Pakistan",MEA,Population living in slums (% of urban population),EN.POP.SLUM.UR.ZS,2014,35.59832145,,
"Middle East, North Africa, Afghanistan & Pakistan",MEA,Rural population (% of total population),SP.RUR.TOTL.ZS,2014,46.67750826,,
"Middle East, North Africa, Afghanistan & Pakistan",MEA,Urban population (% of total population),SP.URB.TOTL.IN.ZS,2014,53.32249174,,
"Middle East, North Africa, Afghanistan & Pakistan",MEA,Urban population growth (annual %),SP.URB.GROW,2014,2.687046481,,
"Middle East, North Africa, Afghanistan & Pakistan (excluding high income)",MNA,Population density (people per sq. km of land area),EN.POP.DNST,2014,62.05800621,,
"Middle East, North Africa, Afghanistan & Pakistan (excluding high income)",MNA,Population in urban agglomerations of more than 1 million (% of total population),EN.URB.MCTY.TL.ZS,2014,18.87812777,,
"Middle East, North Africa, Afghanistan & Pakistan (excluding high income)",MNA,Population living in slums (% of urban population),EN.POP.SLUM.UR.ZS,2014,37.4021058,,
"Middle East, North Africa, Afghanistan & Pakistan (excluding high income)",MNA,Rural population (% of total population),SP.RUR.TOTL.ZS,2014,49.62435734,,
"Middle East, North Africa, Afghanistan & Pakistan (excluding high income)",MNA,Urban population (% of total population),SP.URB.TOTL.IN.ZS,2014,50.37564266,,
"Middle East, North Africa, Afghanistan & Pakistan (excluding high income)",MNA,Urban population growth (annual %),SP.URB.GROW,2014,2.554652241,,
"Middle East, North Africa, Afghanistan & Pakistan (IDA & IBRD)",TMN,Population density (people per sq. km of land area),EN.POP.DNST,2014,61.6802232,,
"Middle East, North Africa, Afghanistan & Pakistan (IDA & IBRD)",TMN,Population in urban agglomerations of more than 1 million (% of total population),EN.URB.MCTY.TL.ZS,2014,18.87812777,,
"Middle East, North Africa, Afghanistan & Pakistan (IDA & IBRD)",TMN,Population living in slums (% of urban population),EN.POP.SLUM.UR.ZS,2014,37.58417305,,
"Middle East, North Africa, Afghanistan & Pakistan (IDA & IBRD)",TMN,Rural population (% of total population),SP.RUR.TOTL.ZS,2014,49.85756858,,
"Middle East, North Africa, Afghanistan & Pakistan (IDA & IBRD)",TMN,Urban population (% of total population),SP.URB.TOTL.IN.ZS,2014,50.14243142,,
"Middle East, North Africa, Afghanistan & Pakistan (IDA & IBRD)",TMN,Urban population growth (annual %),SP.URB.GROW,2014,2.554025758,,
Middle income,MIC,Population density (people per sq. km of land area),EN.POP.DNST,2014,85.74546697,,
Middle income,MIC,Population in urban agglomerations of more than 1 million (% of total population),EN.URB.MCTY.TL.ZS,2014,20.81913607,,
Middle income,MIC,Population living in slums (% of urban population),EN.POP.SLUM.UR.ZS,2014,,,
Middle income,MIC,Rural population (% of total population),SP.RUR.TOTL.ZS,2014,50.02730469,,
Middle income,MIC,Urban population (% of total population),SP.URB.TOTL.IN.ZS,2014,49.97269531,,
Middle income,MIC,Urban population growth (annual %),SP.URB.GROW,2014,2.566199129,,
North America,NAC,Population density (people per sq. km of land area),EN.POP.DNST,2014,19.58559606,,
North America,NAC,Population in urban agglomerations of more than 1 million (% of total population),EN.URB.MCTY.TL.ZS,2014,45.19665965,,
North America,NAC,Population living in slums (% of urban population),EN.POP.SLUM.UR.ZS,2014,0.245217609,,
North America,NAC,Rural population (% of total population),SP.RUR.TOTL.ZS,2014,19.31367962,,
North America,NAC,Urban population (% of total population),SP.URB.TOTL.IN.ZS,2014,80.68632038,,
North America,NAC,Urban population growth (annual %),SP.URB.GROW,2014,0.77899179,,
Not classified,INX,Population in urban agglomerations of more than 1 million (% of total population),EN.URB.MCTY.TL.ZS,2014,,,
Not classified,INX,Population living in slums (% of urban population),EN.POP.SLUM.UR.ZS,2014,,,
OECD members,OED,Population density (people per sq. km of land area),EN.POP.DNST,2014,37.29148418,,
OECD members,OED,Population in urban agglomerations of more than 1 million (% of total population),EN.URB.MCTY.TL.ZS,2014,36.70191767,,
OECD members,OED,Population living in slums (% of urban population),EN.POP.SLUM.UR.ZS,2014,4.002166143,,
OECD members,OED,Rural population (% of total population),SP.RUR.TOTL.ZS,2014,20.08455796,,
OECD members,OED,Urban population (% of total population),SP.URB.TOTL.IN.ZS,2014,79.91544204,,
OECD members,OED,Urban population growth (annual %),SP.URB.GROW,2014,1.092090481,,
Other small states,OSS,Population density (people per sq. km of land area),EN.POP.DNST,2014,42.14445434,,
Other small states,OSS,Population in urban agglomerations of more than 1 million (% of total population),EN.URB.MCTY.TL.ZS,2014,,,
Other small states,OSS,Population living in slums (% of urban population),EN.POP.SLUM.UR.ZS,2014,27.35941012,,
Other small states,OSS,Rural population (% of total population),SP.RUR.TOTL.ZS,2014,47.05604643,,
Other small states,OSS,Urban population (% of total population),SP.URB.TOTL.IN.ZS,2014,52.94395357,,
Other small states,OSS,Urban population growth (annual %),SP.URB.GROW,2014,1.309648153,,
Pacific island small states,PSS,Population density (people per sq. km of land area),EN.POP.DNST,2014,37.6065109,,
Pacific island small states,PSS,Population in urban agglomerations of more than 1 million (% of total population),EN.URB.MCTY.TL.ZS,2014,,,
Pacific island small states,PSS,Population living in slums (% of urban population),EN.POP.SLUM.UR.ZS,2014,7.313086596,,
Pacific island small states,PSS,Rural population (% of total population),SP.RUR.TOTL.ZS,2014,62.03413775,,
Pacific island small states,PSS,Urban population (% of total population),SP.URB.TOTL.IN.ZS,2014,37.96586225,,
Pacific island small states,PSS,Urban population growth (annual %),SP.URB.GROW,2014,1.94287816,,
Post-demographic dividend,PST,Population density (people per sq. km of land area),EN.POP.DNST,2014,34.88971426,,
Post-demographic dividend,PST,Population in urban agglomerations of more than 1 million (% of total population),EN.URB.MCTY.TL.ZS,2014,36.28784067,,
Post-demographic dividend,PST,Population living in slums (% of urban population),EN.POP.SLUM.UR.ZS,2014,0.596553331,,
Post-demographic dividend,PST,Rural population (% of total population),SP.RUR.TOTL.ZS,2014,19.70062273,,
Post-demographic dividend,PST,Urban population (% of total population),SP.URB.TOTL.IN.ZS,2014,80.29937727,,
Post-demographic dividend,PST,Urban population growth (annual %),SP.URB.GROW,2014,0.549258504,,
Pre-demographic dividend,PRE,Population density (people per sq. km of land area),EN.POP.DNST,2014,41.65145793,,
Pre-demographic dividend,PRE,Population in urban agglomerations of more than 1 million (% of total population),EN.URB.MCTY.TL.ZS,2014,15.11165564,,
Pre-demographic dividend,PRE,Population living in slums (% of urban population),EN.POP.SLUM.UR.ZS,2014,58.40407443,,
Pre-demographic dividend,PRE,Rural population (% of total population),SP.RUR.TOTL.ZS,2014,59.30363245,,
Pre-demographic dividend,PRE,Urban population (% of total population),SP.URB.TOTL.IN.ZS,2014,40.69636755,,
Pre-demographic dividend,PRE,Urban population growth (annual %),SP.URB.GROW,2014,4.181354169,,
Small states,SST,Population density (people per sq. km of land area),EN.POP.DNST,2014,24.79399708,,
Small states,SST,Population in urban agglomerations of more than 1 million (% of total population),EN.URB.MCTY.TL.ZS,2014,,,
Small states,SST,Population living in slums (% of urban population),EN.POP.SLUM.UR.ZS,2014,22.31821706,,
Small states,SST,Rural population (% of total population),SP.RUR.TOTL.ZS,2014,49.68544642,,
Small states,SST,Urban population (% of total population),SP.URB.TOTL.IN.ZS,2014,50.31455358,,
Small states,SST,Urban population growth (annual %),SP.URB.GROW,2014,1.228122896,,
South Asia,SAS,Population density (people per sq. km of land area),EN.POP.DNST,2014,453.9764768,,
South Asia,SAS,Population in urban agglomerations of more than 1 million (% of total population),EN.URB.MCTY.TL.ZS,2014,14.02839597,,
South Asia,SAS,Population living in slums (% of urban population),EN.POP.SLUM.UR.ZS,2014,,,
South Asia,SAS,Rural population (% of total population),SP.RUR.TOTL.ZS,2014,67.68041892,,
South Asia,SAS,Urban population (% of total population),SP.URB.TOTL.IN.ZS,2014,32.31958108,,
South Asia,SAS,Urban population growth (annual %),SP.URB.GROW,2014,2.195765886,,
South Asia (IDA & IBRD),TSA,Population density (people per sq. km of land area),EN.POP.DNST,2014,453.9764768,,
South Asia (IDA & IBRD),TSA,Population in urban agglomerations of more than 1 million (% of total population),EN.URB.MCTY.TL.ZS,2014,14.02839597,,
South Asia (IDA & IBRD),TSA,Population living in slums (% of urban population),EN.POP.SLUM.UR.ZS,2014,,,
South Asia (IDA & IBRD),TSA,Rural population (% of total population),SP.RUR.TOTL.ZS,2014,67.68041892,,
South Asia (IDA & IBRD),TSA,Urban population (% of total population),SP.URB.TOTL.IN.ZS,2014,32.31958108,,
South Asia (IDA & IBRD),TSA,Urban population growth (annual %),SP.URB.GROW,2014,2.195765886,,
Sub-Saharan Africa,SSF,Population density (people per sq. km of land area),EN.POP.DNST,2014,41.74932923,,
Sub-Saharan Africa,SSF,Population in urban agglomerations of more than 1 million (% of total population),EN.URB.MCTY.TL.ZS,2014,14.63955639,,
Sub-Saharan Africa,SSF,Population living in slums (% of urban population),EN.POP.SLUM.UR.ZS,2014,55.16010456,,
Sub-Saharan Africa,SSF,Rural population (% of total population),SP.RUR.TOTL.ZS,2014,60.64327565,,
Sub-Saharan Africa,SSF,Urban population (% of total population),SP.URB.TOTL.IN.ZS,2014,39.35672435,,
Sub-Saharan Africa,SSF,Urban population growth (annual %),SP.URB.GROW,2014,3.934867827,,
Sub-Saharan Africa (excluding high income),SSA,Population density (people per sq. km of land area),EN.POP.DNST,2014,41.746309,,
Sub-Saharan Africa (excluding high income),SSA,Population in urban agglomerations of more than 1 million (% of total population),EN.URB.MCTY.TL.ZS,2014,14.63955639,,
Sub-Saharan Africa (excluding high income),SSA,Population living in slums (% of urban population),EN.POP.SLUM.UR.ZS,2014,55.15966788,,
Sub-Saharan Africa (excluding high income),SSA,Rural population (% of total population),SP.RUR.TOTL.ZS,2014,60.64360376,,
Sub-Saharan Africa (excluding high income),SSA,Urban population (% of total population),SP.URB.TOTL.IN.ZS,2014,39.35639624,,
Sub-Saharan Africa (excluding high income),SSA,Urban population growth (annual %),SP.URB.GROW,2014,3.935079183,,
Sub-Saharan Africa (IDA & IBRD countries),TSS,Population density (people per sq. km of land area),EN.POP.DNST,2014,41.74932923,,
Sub-Saharan Africa (IDA & IBRD countries),TSS,Population in urban agglomerations of more than 1 million (% of total population),EN.URB.MCTY.TL.ZS,2014,14.63955639,,
Sub-Saharan Africa (IDA & IBRD countries),TSS,Population living in slums (% of urban population),EN.POP.SLUM.UR.ZS,2014,55.16010456,,
Sub-Saharan Africa (IDA & IBRD countries),TSS,Rural population (% of total population),SP.RUR.TOTL.ZS,2014,60.64327565,,
Sub-Saharan Africa (IDA & IBRD countries),TSS,Urban population (% of total population),SP.URB.TOTL.IN.ZS,2014,39.35672435,,
Sub-Saharan Africa (IDA & IBRD countries),TSS,Urban population growth (annual %),SP.URB.GROW,2014,3.934867827,,
Upper middle income,UMC,Population density (people per sq. km of land area),EN.POP.DNST,2014,65.08692471,,
Upper middle income,UMC,Population in urban agglomerations of more than 1 million (% of total population),EN.URB.MCTY.TL.ZS,2014,25.46826063,,
Upper middle income,UMC,Population living in slums (% of urban population),EN.POP.SLUM.UR.ZS,2014,,,
Upper middle income,UMC,Rural population (% of total population),SP.RUR.TOTL.ZS,2014,39.36042094,,
Upper middle income,UMC,Urban population (% of total population),SP.URB.TOTL.IN.ZS,2014,60.63957906,,
Upper middle income,UMC,Urban population growth (annual %),SP.URB.GROW,2014,2.546167137,,
World,WLD,Population density (people per sq. km of land area),EN.POP.DNST,2014,56.59551374,,
World,WLD,Population in urban agglomerations of more than 1 million (% of total population),EN.URB.MCTY.TL.ZS,2014,22.78410516,,
World,WLD,Population living in slums (% of urban population),EN.POP.SLUM.UR.ZS,2014,,,
World,WLD,Rural population (% of total population),SP.RUR.TOTL.ZS,2014,46.09092899,,
World,WLD,Urban population (% of total population),SP.URB.TOTL.IN.ZS,2014,53.90907101,,
World,WLD,Urban population growth (annual %),SP.URB.GROW,2014,2.091948086,,
Africa Eastern and Southern,AFE,Population density (people per sq. km of land area),EN.POP.DNST,2015,40.89181144,,
Africa Eastern and Southern,AFE,Population in urban agglomerations of more than 1 million (% of total population),EN.URB.MCTY.TL.ZS,2015,13.76039762,,
Africa Eastern and Southern,AFE,Population living in slums (% of urban population),EN.POP.SLUM.UR.ZS,2015,,,
Africa Eastern and Southern,AFE,Rural population (% of total population),SP.RUR.TOTL.ZS,2015,65.50931906,,
Africa Eastern and Southern,AFE,Urban population (% of total population),SP.URB.TOTL.IN.ZS,2015,34.49068094,,
Africa Eastern and Southern,AFE,Urban population growth (annual %),SP.URB.GROW,2015,3.901787639,,
Africa Western and Central,AFW,Population density (people per sq. km of land area),EN.POP.DNST,2015,46.15811483,,
Africa Western and Central,AFW,Population in urban agglomerations of more than 1 million (% of total population),EN.URB.MCTY.TL.ZS,2015,16.2300484,,
Africa Western and Central,AFW,Population living in slums (% of urban population),EN.POP.SLUM.UR.ZS,2015,,,
Africa Western and Central,AFW,Rural population (% of total population),SP.RUR.TOTL.ZS,2015,52.38643525,,
Africa Western and Central,AFW,Urban population (% of total population),SP.URB.TOTL.IN.ZS,2015,47.61356475,,
Africa Western and Central,AFW,Urban population growth (annual %),SP.URB.GROW,2015,3.917450264,,
Arab World,ARB,Population density (people per sq. km of land area),EN.POP.DNST,2015,31.31100357,,
Arab World,ARB,Population in urban agglomerations of more than 1 million (% of total population),EN.URB.MCTY.TL.ZS,2015,21.96679312,,
Arab World,ARB,Population living in slums (% of urban population),EN.POP.SLUM.UR.ZS,2015,,,
Arab World,ARB,Rural population (% of total population),SP.RUR.TOTL.ZS,2015,41.64828773,,
Arab World,ARB,Urban population (% of total population),SP.URB.TOTL.IN.ZS,2015,58.35171227,,
Arab World,ARB,Urban population growth (annual %),SP.URB.GROW,2015,3.01462975,,
Caribbean small states,CSS,Population density (people per sq. km of land area),EN.POP.DNST,2015,10.82532525,,
Caribbean small states,CSS,Population in urban agglomerations of more than 1 million (% of total population),EN.URB.MCTY.TL.ZS,2015,,,
Caribbean small states,CSS,Population living in slums (% of urban population),EN.POP.SLUM.UR.ZS,2015,,,
Caribbean small states,CSS,Rural population (% of total population),SP.RUR.TOTL.ZS,2015,49.8320887,,
Caribbean small states,CSS,Urban population (% of total population),SP.URB.TOTL.IN.ZS,2015,50.1679113,,
Caribbean small states,CSS,Urban population growth (annual %),SP.URB.GROW,2015,0.659413601,,
Central Europe and the Baltics,CEB,Population density (people per sq. km of land area),EN.POP.DNST,2015,93.1179707,,
Central Europe and the Baltics,CEB,Population in urban agglomerations of more than 1 million (% of total population),EN.URB.MCTY.TL.ZS,2015,,,
Central Europe and the Baltics,CEB,Population living in slums (% of urban population),EN.POP.SLUM.UR.ZS,2015,,,
Central Europe and the Baltics,CEB,Rural population (% of total population),SP.RUR.TOTL.ZS,2015,38.02911224,,
Central Europe and the Baltics,CEB,Urban population (% of total population),SP.URB.TOTL.IN.ZS,2015,61.97088776,,
Central Europe and the Baltics,CEB,Urban population growth (annual %),SP.URB.GROW,2015,-0.285739806,,
Early-demographic dividend,EAR,Population density (people per sq. km of land area),EN.POP.DNST,2015,95.74296973,,
Early-demographic dividend,EAR,Population in urban agglomerations of more than 1 million (% of total population),EN.URB.MCTY.TL.ZS,2015,17.84631367,,
Early-demographic dividend,EAR,Population living in slums (% of urban population),EN.POP.SLUM.UR.ZS,2015,,,
Early-demographic dividend,EAR,Rural population (% of total population),SP.RUR.TOTL.ZS,2015,55.54967661,,
Early-demographic dividend,EAR,Urban population (% of total population),SP.URB.TOTL.IN.ZS,2015,44.45032339,,
Early-demographic dividend,EAR,Urban population growth (annual %),SP.URB.GROW,2015,2.374962167,,
East Asia & Pacific,EAS,Population density (people per sq. km of land area),EN.POP.DNST,2015,94.06676501,,
East Asia & Pacific,EAS,Population in urban agglomerations of more than 1 million (% of total population),EN.URB.MCTY.TL.ZS,2015,,,
East Asia & Pacific,EAS,Population living in slums (% of urban population),EN.POP.SLUM.UR.ZS,2015,,,
East Asia & Pacific,EAS,Rural population (% of total population),SP.RUR.TOTL.ZS,2015,42.27668566,,
East Asia & Pacific,EAS,Urban population (% of total population),SP.URB.TOTL.IN.ZS,2015,57.72331434,,
East Asia & Pacific,EAS,Urban population growth (annual %),SP.URB.GROW,2015,2.660722519,,
East Asia & Pacific (excluding high income),EAP,Population density (people per sq. km of land area),EN.POP.DNST,2015,128.6138017,,
East Asia & Pacific (excluding high income),EAP,Population in urban agglomerations of more than 1 million (% of total population),EN.URB.MCTY.TL.ZS,2015,,,
East Asia & Pacific (excluding high income),EAP,Population living in slums (% of urban population),EN.POP.SLUM.UR.ZS,2015,,,
East Asia & Pacific (excluding high income),EAP,Rural population (% of total population),SP.RUR.TOTL.ZS,2015,45.88853432,,
East Asia & Pacific (excluding high income),EAP,Urban population (% of total population),SP.URB.TOTL.IN.ZS,2015,54.11146568,,
East Asia & Pacific (excluding high income),EAP,Urban population growth (annual %),SP.URB.GROW,2015,3.111315473,,
East Asia & Pacific (IDA & IBRD countries),TEA,Population density (people per sq. km of land area),EN.POP.DNST,2015,127.9758479,,
East Asia & Pacific (IDA & IBRD countries),TEA,Population in urban agglomerations of more than 1 million (% of total population),EN.URB.MCTY.TL.ZS,2015,,,
East Asia & Pacific (IDA & IBRD countries),TEA,Population living in slums (% of urban population),EN.POP.SLUM.UR.ZS,2015,,,
East Asia & Pacific (IDA & IBRD countries),TEA,Rural population (% of total population),SP.RUR.TOTL.ZS,2015,45.97891229,,
East Asia & Pacific (IDA & IBRD countries),TEA,Urban population (% of total population),SP.URB.TOTL.IN.ZS,2015,54.02108771,,
East Asia & Pacific (IDA & IBRD countries),TEA,Urban population growth (annual %),SP.URB.GROW,2015,3.14377496,,
Euro area,EMU,Population density (people per sq. km of land area),EN.POP.DNST,2015,123.4605539,,
Euro area,EMU,Population in urban agglomerations of more than 1 million (% of total population),EN.URB.MCTY.TL.ZS,2015,19.21903401,,
Euro area,EMU,Population living in slums (% of urban population),EN.POP.SLUM.UR.ZS,2015,,,
Euro area,EMU,Rural population (% of total population),SP.RUR.TOTL.ZS,2015,23.97706175,,
Euro area,EMU,Urban population (% of total population),SP.URB.TOTL.IN.ZS,2015,76.02293825,,
Euro area,EMU,Urban population growth (annual %),SP.URB.GROW,2015,0.522703812,,
Europe & Central Asia,ECS,Population density (people per sq. km of land area),EN.POP.DNST,2015,33.077949,,
Europe & Central Asia,ECS,Population in urban agglomerations of more than 1 million (% of total population),EN.URB.MCTY.TL.ZS,2015,20.15076329,,
Europe & Central Asia,ECS,Population living in slums (% of urban population),EN.POP.SLUM.UR.ZS,2015,,,
Europe & Central Asia,ECS,Rural population (% of total population),SP.RUR.TOTL.ZS,2015,27.31334033,,
Europe & Central Asia,ECS,Urban population (% of total population),SP.URB.TOTL.IN.ZS,2015,72.68665967,,
Europe & Central Asia,ECS,Urban population growth (annual %),SP.URB.GROW,2015,1.058040338,,
Europe & Central Asia (excluding high income),ECA,Population density (people per sq. km of land area),EN.POP.DNST,2015,40.61670939,,
Europe & Central Asia (excluding high income),ECA,Population in urban agglomerations of more than 1 million (% of total population),EN.URB.MCTY.TL.ZS,2015,22.77482558,,
Europe & Central Asia (excluding high income),ECA,Population living in slums (% of urban population),EN.POP.SLUM.UR.ZS,2015,,,
Europe & Central Asia (excluding high income),ECA,Rural population (% of total population),SP.RUR.TOTL.ZS,2015,33.18641551,,
Europe & Central Asia (excluding high income),ECA,Urban population (% of total population),SP.URB.TOTL.IN.ZS,2015,66.81358449,,
Europe & Central Asia (excluding high income),ECA,Urban population growth (annual %),SP.URB.GROW,2015,2.757373553,,
Europe & Central Asia (IDA & IBRD countries),TEC,Population density (people per sq. km of land area),EN.POP.DNST,2015,19.73420639,,
Europe & Central Asia (IDA & IBRD countries),TEC,Population in urban agglomerations of more than 1 million (% of total population),EN.URB.MCTY.TL.ZS,2015,20.29875901,,
Europe & Central Asia (IDA & IBRD countries),TEC,Population living in slums (% of urban population),EN.POP.SLUM.UR.ZS,2015,,,
Europe & Central Asia (IDA & IBRD countries),TEC,Rural population (% of total population),SP.RUR.TOTL.ZS,2015,31.92801108,,
Europe & Central Asia (IDA & IBRD countries),TEC,Urban population (% of total population),SP.URB.TOTL.IN.ZS,2015,68.07198892,,
Europe & Central Asia (IDA & IBRD countries),TEC,Urban population growth (annual %),SP.URB.GROW,2015,1.497841988,,
European Union,EUU,Population density (people per sq. km of land area),EN.POP.DNST,2015,111.2738277,,
European Union,EUU,Population in urban agglomerations of more than 1 million (% of total population),EN.URB.MCTY.TL.ZS,2015,17.18372375,,
European Union,EUU,Population living in slums (% of urban population),EN.POP.SLUM.UR.ZS,2015,,,
European Union,EUU,Rural population (% of total population),SP.RUR.TOTL.ZS,2015,26.12562573,,
European Union,EUU,Urban population (% of total population),SP.URB.TOTL.IN.ZS,2015,73.87437427,,
European Union,EUU,Urban population growth (annual %),SP.URB.GROW,2015,0.435376871,,
Heavily indebted poor countries (HIPC),HPC,Population density (people per sq. km of land area),EN.POP.DNST,2015,37.88840984,,
Heavily indebted poor countries (HIPC),HPC,Population in urban agglomerations of more than 1 million (% of total population),EN.URB.MCTY.TL.ZS,2015,13.41227651,,
Heavily indebted poor countries (HIPC),HPC,Population living in slums (% of urban population),EN.POP.SLUM.UR.ZS,2015,,,
Heavily indebted poor countries (HIPC),HPC,Rural population (% of total population),SP.RUR.TOTL.ZS,2015,66.12359776,,
Heavily indebted poor countries (HIPC),HPC,Urban population (% of total population),SP.URB.TOTL.IN.ZS,2015,33.87640224,,
Heavily indebted poor countries (HIPC),HPC,Urban population growth (annual %),SP.URB.GROW,2015,4.110268052,,
High income,HIC,Population density (people per sq. km of land area),EN.POP.DNST,2015,26.28941617,,
High income,HIC,Population in urban agglomerations of more than 1 million (% of total population),EN.URB.MCTY.TL.ZS,2015,,,
High income,HIC,Population living in slums (% of urban population),EN.POP.SLUM.UR.ZS,2015,,,
High income,HIC,Rural population (% of total population),SP.RUR.TOTL.ZS,2015,20.6126243,,
High income,HIC,Urban population (% of total population),SP.URB.TOTL.IN.ZS,2015,79.3873757,,
High income,HIC,Urban population growth (annual %),SP.URB.GROW,2015,0.758714838,,
IBRD only,IBD,Population density (people per sq. km of land area),EN.POP.DNST,2015,66.0768406,,
IBRD only,IBD,Population in urban agglomerations of more than 1 million (% of total population),EN.URB.MCTY.TL.ZS,2015,22.28497301,,
IBRD only,IBD,Population living in slums (% of urban population),EN.POP.SLUM.UR.ZS,2015,,,
IBRD only,IBD,Rural population (% of total population),SP.RUR.TOTL.ZS,2015,46.06671317,,
IBRD only,IBD,Urban population (% of total population),SP.URB.TOTL.IN.ZS,2015,53.93328683,,
IBRD only,IBD,Urban population growth (annual %),SP.URB.GROW,2015,2.391579836,,
IDA & IBRD total,IBT,Population density (people per sq. km of land area),EN.POP.DNST,2015,65.37321861,,
IDA & IBRD total,IBT,Population in urban agglomerations of more than 1 million (% of total population),EN.URB.MCTY.TL.ZS,2015,20.19551264,,
IDA & IBRD total,IBT,Population living in slums (% of urban population),EN.POP.SLUM.UR.ZS,2015,,,
IDA & IBRD total,IBT,Rural population (% of total population),SP.RUR.TOTL.ZS,2015,50.44490354,,
IDA & IBRD total,IBT,Urban population (% of total population),SP.URB.TOTL.IN.ZS,2015,49.55509646,,
IDA & IBRD total,IBT,Urban population growth (annual %),SP.URB.GROW,2015,2.531026723,,
IDA blend,IDB,Population density (people per sq. km of land area),EN.POP.DNST,2015,115.6430188,,
IDA blend,IDB,Population in urban agglomerations of more than 1 million (% of total population),EN.URB.MCTY.TL.ZS,2015,,,
IDA blend,IDB,Population living in slums (% of urban population),EN.POP.SLUM.UR.ZS,2015,,,
IDA blend,IDB,Rural population (% of total population),SP.RUR.TOTL.ZS,2015,55.80982935,,
IDA blend,IDB,Urban population (% of total population),SP.URB.TOTL.IN.ZS,2015,44.19017065,,
IDA blend,IDB,Urban population growth (annual %),SP.URB.GROW,2015,3.019436861,,
IDA only,IDX,Population density (people per sq. km of land area),EN.POP.DNST,2015,50.83542892,,
IDA only,IDX,Population in urban agglomerations of more than 1 million (% of total population),EN.URB.MCTY.TL.ZS,2015,12.1274242,,
IDA only,IDX,Population living in slums (% of urban population),EN.POP.SLUM.UR.ZS,2015,,,
IDA only,IDX,Rural population (% of total population),SP.RUR.TOTL.ZS,2015,67.26588636,,
IDA only,IDX,Urban population (% of total population),SP.URB.TOTL.IN.ZS,2015,32.73411364,,
IDA only,IDX,Urban population growth (annual %),SP.URB.GROW,2015,3.21086895,,
IDA total,IDA,Population density (people per sq. km of land area),EN.POP.DNST,2015,63.40415798,,
IDA total,IDA,Population in urban agglomerations of more than 1 million (% of total population),EN.URB.MCTY.TL.ZS,2015,13.69938384,,
IDA total,IDA,Population living in slums (% of urban population),EN.POP.SLUM.UR.ZS,2015,,,
IDA total,IDA,Rural population (% of total population),SP.RUR.TOTL.ZS,2015,63.21357935,,
IDA total,IDA,Urban population (% of total population),SP.URB.TOTL.IN.ZS,2015,36.78642065,,
IDA total,IDA,Urban population growth (annual %),SP.URB.GROW,2015,3.129481195,,
Late-demographic dividend,LTE,Population density (people per sq. km of land area),EN.POP.DNST,2015,50.67322321,,
Late-demographic dividend,LTE,Population in urban agglomerations of more than 1 million (% of total population),EN.URB.MCTY.TL.ZS,2015,26.33850103,,
Late-demographic dividend,LTE,Population living in slums (% of urban population),EN.POP.SLUM.UR.ZS,2015,,,
Late-demographic dividend,LTE,Rural population (% of total population),SP.RUR.TOTL.ZS,2015,39.27054211,,
Late-demographic dividend,LTE,Urban population (% of total population),SP.URB.TOTL.IN.ZS,2015,60.72945789,,
Late-demographic dividend,LTE,Urban population growth (annual %),SP.URB.GROW,2015,2.447866117,,
Latin America & Caribbean,LCN,Population density (people per sq. km of land area),EN.POP.DNST,2015,30.87876548,,
Latin America & Caribbean,LCN,Population in urban agglomerations of more than 1 million (% of total population),EN.URB.MCTY.TL.ZS,2015,37.74531013,,
Latin America & Caribbean,LCN,Population living in slums (% of urban population),EN.POP.SLUM.UR.ZS,2015,,,
Latin America & Caribbean,LCN,Rural population (% of total population),SP.RUR.TOTL.ZS,2015,20.59954027,,
Latin America & Caribbean,LCN,Urban population (% of total population),SP.URB.TOTL.IN.ZS,2015,79.40045973,,
Latin America & Caribbean,LCN,Urban population growth (annual %),SP.URB.GROW,2015,1.248618311,,
Latin America & Caribbean (excluding high income),LAC,Population density (people per sq. km of land area),EN.POP.DNST,2015,30.97897704,,
Latin America & Caribbean (excluding high income),LAC,Population in urban agglomerations of more than 1 million (% of total population),EN.URB.MCTY.TL.ZS,2015,37.58373192,,
Latin America & Caribbean (excluding high income),LAC,Population living in slums (% of urban population),EN.POP.SLUM.UR.ZS,2015,,,
Latin America & Caribbean (excluding high income),LAC,Rural population (% of total population),SP.RUR.TOTL.ZS,2015,20.75603261,,
Latin America & Caribbean (excluding high income),LAC,Urban population (% of total population),SP.URB.TOTL.IN.ZS,2015,79.24396739,,
Latin America & Caribbean (excluding high income),LAC,Urban population growth (annual %),SP.URB.GROW,2015,1.270154435,,
Latin America & the Caribbean (IDA & IBRD countries),TLA,Population density (people per sq. km of land area),EN.POP.DNST,2015,30.2810077,,
Latin America & the Caribbean (IDA & IBRD countries),TLA,Population in urban agglomerations of more than 1 million (% of total population),EN.URB.MCTY.TL.ZS,2015,37.91353527,,
Latin America & the Caribbean (IDA & IBRD countries),TLA,Population living in slums (% of urban population),EN.POP.SLUM.UR.ZS,2015,,,
Latin America & the Caribbean (IDA & IBRD countries),TLA,Rural population (% of total population),SP.RUR.TOTL.ZS,2015,20.64517418,,
Latin America & the Caribbean (IDA & IBRD countries),TLA,Urban population (% of total population),SP.URB.TOTL.IN.ZS,2015,79.35482582,,
Latin America & the Caribbean (IDA & IBRD countries),TLA,Urban population growth (annual %),SP.URB.GROW,2015,1.291157215,,
Least developed countries: UN classification,LDC,Population density (people per sq. km of land area),EN.POP.DNST,2015,47.24666577,,
Least developed countries: UN classification,LDC,Population in urban agglomerations of more than 1 million (% of total population),EN.URB.MCTY.TL.ZS,2015,12.0944306,,
Least developed countries: UN classification,LDC,Population living in slums (% of urban population),EN.POP.SLUM.UR.ZS,2015,,,
Least developed countries: UN classification,LDC,Rural population (% of total population),SP.RUR.TOTL.ZS,2015,67.89993367,,
Least developed countries: UN classification,LDC,Urban population (% of total population),SP.URB.TOTL.IN.ZS,2015,32.10006633,,
Least developed countries: UN classification,LDC,Urban population growth (annual %),SP.URB.GROW,2015,3.751662649,,
Low & middle income,LMY,Population density (people per sq. km of land area),EN.POP.DNST,2015,77.90911475,,
Low & middle income,LMY,Population in urban agglomerations of more than 1 million (% of total population),EN.URB.MCTY.TL.ZS,2015,20.15213669,,
Low & middle income,LMY,Population living in slums (% of urban population),EN.POP.SLUM.UR.ZS,2015,,,
Low & middle income,LMY,Rural population (% of total population),SP.RUR.TOTL.ZS,2015,51.18688626,,
Low & middle income,LMY,Urban population (% of total population),SP.URB.TOTL.IN.ZS,2015,48.81311374,,
Low & middle income,LMY,Urban population growth (annual %),SP.URB.GROW,2015,2.646676418,,
Low income,LIC,Population density (people per sq. km of land area),EN.POP.DNST,2015,39.78728914,,
Low income,LIC,Population in urban agglomerations of more than 1 million (% of total population),EN.URB.MCTY.TL.ZS,2015,11.0373662,,
Low income,LIC,Population living in slums (% of urban population),EN.POP.SLUM.UR.ZS,2015,,,
Low income,LIC,Rural population (% of total population),SP.RUR.TOTL.ZS,2015,68.77729736,,
Low income,LIC,Urban population (% of total population),SP.URB.TOTL.IN.ZS,2015,31.22270264,,
Low income,LIC,Urban population growth (annual %),SP.URB.GROW,2015,3.345451672,,
Lower middle income,LMC,Population density (people per sq. km of land area),EN.POP.DNST,2015,136.3883694,,
Lower middle income,LMC,Population in urban agglomerations of more than 1 million (% of total population),EN.URB.MCTY.TL.ZS,2015,15.70185126,,
Lower middle income,LMC,Population living in slums (% of urban population),EN.POP.SLUM.UR.ZS,2015,,,
Lower middle income,LMC,Rural population (% of total population),SP.RUR.TOTL.ZS,2015,61.81497465,,
Lower middle income,LMC,Urban population (% of total population),SP.URB.TOTL.IN.ZS,2015,38.18502535,,
Lower middle income,LMC,Urban population growth (annual %),SP.URB.GROW,2015,2.506503553,,
"Middle East, North Africa, Afghanistan & Pakistan",MEA,Population density (people per sq. km of land area),EN.POP.DNST,2015,54.89545198,,
"Middle East, North Africa, Afghanistan & Pakistan",MEA,Population in urban agglomerations of more than 1 million (% of total population),EN.URB.MCTY.TL.ZS,2015,21.5899083,,
"Middle East, North Africa, Afghanistan & Pakistan",MEA,Population living in slums (% of urban population),EN.POP.SLUM.UR.ZS,2015,,,
"Middle East, North Africa, Afghanistan & Pakistan",MEA,Rural population (% of total population),SP.RUR.TOTL.ZS,2015,46.36073676,,
"Middle East, North Africa, Afghanistan & Pakistan",MEA,Urban population (% of total population),SP.URB.TOTL.IN.ZS,2015,53.63926324,,
"Middle East, North Africa, Afghanistan & Pakistan",MEA,Urban population growth (annual %),SP.URB.GROW,2015,2.55846523,,
"Middle East, North Africa, Afghanistan & Pakistan (excluding high income)",MNA,Population density (people per sq. km of land area),EN.POP.DNST,2015,63.12998044,,
"Middle East, North Africa, Afghanistan & Pakistan (excluding high income)",MNA,Population in urban agglomerations of more than 1 million (% of total population),EN.URB.MCTY.TL.ZS,2015,19.04345913,,
"Middle East, North Africa, Afghanistan & Pakistan (excluding high income)",MNA,Population living in slums (% of urban population),EN.POP.SLUM.UR.ZS,2015,,,
"Middle East, North Africa, Afghanistan & Pakistan (excluding high income)",MNA,Rural population (% of total population),SP.RUR.TOTL.ZS,2015,49.38078517,,
"Middle East, North Africa, Afghanistan & Pakistan (excluding high income)",MNA,Urban population (% of total population),SP.URB.TOTL.IN.ZS,2015,50.61921483,,
"Middle East, North Africa, Afghanistan & Pakistan (excluding high income)",MNA,Urban population growth (annual %),SP.URB.GROW,2015,2.1949807,,
"Middle East, North Africa, Afghanistan & Pakistan (IDA & IBRD)",TMN,Population density (people per sq. km of land area),EN.POP.DNST,2015,62.74322559,,
"Middle East, North Africa, Afghanistan & Pakistan (IDA & IBRD)",TMN,Population in urban agglomerations of more than 1 million (% of total population),EN.URB.MCTY.TL.ZS,2015,19.04345913,,
"Middle East, North Africa, Afghanistan & Pakistan (IDA & IBRD)",TMN,Population living in slums (% of urban population),EN.POP.SLUM.UR.ZS,2015,,,
"Middle East, North Africa, Afghanistan & Pakistan (IDA & IBRD)",TMN,Rural population (% of total population),SP.RUR.TOTL.ZS,2015,49.61489228,,
"Middle East, North Africa, Afghanistan & Pakistan (IDA & IBRD)",TMN,Urban population (% of total population),SP.URB.TOTL.IN.ZS,2015,50.38510772,,
"Middle East, North Africa, Afghanistan & Pakistan (IDA & IBRD)",TMN,Urban population growth (annual %),SP.URB.GROW,2015,2.191542236,,
Middle income,MIC,Population density (people per sq. km of land area),EN.POP.DNST,2015,86.75861846,,
Middle income,MIC,Population in urban agglomerations of more than 1 million (% of total population),EN.URB.MCTY.TL.ZS,2015,21.08496878,,
Middle income,MIC,Population living in slums (% of urban population),EN.POP.SLUM.UR.ZS,2015,,,
Middle income,MIC,Rural population (% of total population),SP.RUR.TOTL.ZS,2015,49.31425212,,
Middle income,MIC,Urban population (% of total population),SP.URB.TOTL.IN.ZS,2015,50.68574788,,
Middle income,MIC,Urban population growth (annual %),SP.URB.GROW,2015,2.601021931,,
North America,NAC,Population density (people per sq. km of land area),EN.POP.DNST,2015,19.74172249,,
North America,NAC,Population in urban agglomerations of more than 1 million (% of total population),EN.URB.MCTY.TL.ZS,2015,45.38360509,,
North America,NAC,Population living in slums (% of urban population),EN.POP.SLUM.UR.ZS,2015,,,
North America,NAC,Rural population (% of total population),SP.RUR.TOTL.ZS,2015,19.35827763,,
North America,NAC,Urban population (% of total population),SP.URB.TOTL.IN.ZS,2015,80.64172237,,
North America,NAC,Urban population growth (annual %),SP.URB.GROW,2015,0.738700143,,
Not classified,INX,Population in urban agglomerations of more than 1 million (% of total population),EN.URB.MCTY.TL.ZS,2015,,,
Not classified,INX,Population living in slums (% of urban population),EN.POP.SLUM.UR.ZS,2015,,,
OECD members,OED,Population density (people per sq. km of land area),EN.POP.DNST,2015,37.52353078,,
OECD members,OED,Population in urban agglomerations of more than 1 million (% of total population),EN.URB.MCTY.TL.ZS,2015,36.8626297,,
OECD members,OED,Population living in slums (% of urban population),EN.POP.SLUM.UR.ZS,2015,,,
OECD members,OED,Rural population (% of total population),SP.RUR.TOTL.ZS,2015,19.77659512,,
OECD members,OED,Urban population (% of total population),SP.URB.TOTL.IN.ZS,2015,80.22340488,,
OECD members,OED,Urban population growth (annual %),SP.URB.GROW,2015,1.003460191,,
Other small states,OSS,Population density (people per sq. km of land area),EN.POP.DNST,2015,42.62147727,,
Other small states,OSS,Population in urban agglomerations of more than 1 million (% of total population),EN.URB.MCTY.TL.ZS,2015,,,
Other small states,OSS,Population living in slums (% of urban population),EN.POP.SLUM.UR.ZS,2015,,,
Other small states,OSS,Rural population (% of total population),SP.RUR.TOTL.ZS,2015,46.90615224,,
Other small states,OSS,Urban population (% of total population),SP.URB.TOTL.IN.ZS,2015,53.09384776,,
Other small states,OSS,Urban population growth (annual %),SP.URB.GROW,2015,1.408227169,,
Pacific island small states,PSS,Population density (people per sq. km of land area),EN.POP.DNST,2015,38.09951713,,
Pacific island small states,PSS,Population in urban agglomerations of more than 1 million (% of total population),EN.URB.MCTY.TL.ZS,2015,,,
Pacific island small states,PSS,Population living in slums (% of urban population),EN.POP.SLUM.UR.ZS,2015,,,
Pacific island small states,PSS,Rural population (% of total population),SP.RUR.TOTL.ZS,2015,61.77411241,,
Pacific island small states,PSS,Urban population (% of total population),SP.URB.TOTL.IN.ZS,2015,38.22588759,,
Pacific island small states,PSS,Urban population growth (annual %),SP.URB.GROW,2015,1.985024335,,
Post-demographic dividend,PST,Population density (people per sq. km of land area),EN.POP.DNST,2015,35.04549182,,
Post-demographic dividend,PST,Population in urban agglomerations of more than 1 million (% of total population),EN.URB.MCTY.TL.ZS,2015,36.43646686,,
Post-demographic dividend,PST,Population living in slums (% of urban population),EN.POP.SLUM.UR.ZS,2015,,,
Post-demographic dividend,PST,Rural population (% of total population),SP.RUR.TOTL.ZS,2015,19.59894505,,
Post-demographic dividend,PST,Urban population (% of total population),SP.URB.TOTL.IN.ZS,2015,80.40105495,,
Post-demographic dividend,PST,Urban population growth (annual %),SP.URB.GROW,2015,0.570620274,,
Pre-demographic dividend,PRE,Population density (people per sq. km of land area),EN.POP.DNST,2015,42.83440747,,
Pre-demographic dividend,PRE,Population in urban agglomerations of more than 1 million (% of total population),EN.URB.MCTY.TL.ZS,2015,15.23353972,,
Pre-demographic dividend,PRE,Population living in slums (% of urban population),EN.POP.SLUM.UR.ZS,2015,,,
Pre-demographic dividend,PRE,Rural population (% of total population),SP.RUR.TOTL.ZS,2015,58.80656139,,
Pre-demographic dividend,PRE,Urban population (% of total population),SP.URB.TOTL.IN.ZS,2015,41.19343861,,
Pre-demographic dividend,PRE,Urban population growth (annual %),SP.URB.GROW,2015,4.024437118,,
Small states,SST,Population density (people per sq. km of land area),EN.POP.DNST,2015,25.05220209,,
Small states,SST,Population in urban agglomerations of more than 1 million (% of total population),EN.URB.MCTY.TL.ZS,2015,,,
Small states,SST,Population living in slums (% of urban population),EN.POP.SLUM.UR.ZS,2015,,,
Small states,SST,Rural population (% of total population),SP.RUR.TOTL.ZS,2015,49.55675194,,
Small states,SST,Urban population (% of total population),SP.URB.TOTL.IN.ZS,2015,50.44324806,,
Small states,SST,Urban population growth (annual %),SP.URB.GROW,2015,1.291488303,,
South Asia,SAS,Population density (people per sq. km of land area),EN.POP.DNST,2015,459.3250348,,
South Asia,SAS,Population in urban agglomerations of more than 1 million (% of total population),EN.URB.MCTY.TL.ZS,2015,14.25005418,,
South Asia,SAS,Population living in slums (% of urban population),EN.POP.SLUM.UR.ZS,2015,,,
South Asia,SAS,Rural population (% of total population),SP.RUR.TOTL.ZS,2015,67.36196519,,
South Asia,SAS,Urban population (% of total population),SP.URB.TOTL.IN.ZS,2015,32.63803481,,
South Asia,SAS,Urban population growth (annual %),SP.URB.GROW,2015,2.127369366,,
South Asia (IDA & IBRD),TSA,Population density (people per sq. km of land area),EN.POP.DNST,2015,459.3250348,,
South Asia (IDA & IBRD),TSA,Population in urban agglomerations of more than 1 million (% of total population),EN.URB.MCTY.TL.ZS,2015,14.25005418,,
South Asia (IDA & IBRD),TSA,Population living in slums (% of urban population),EN.POP.SLUM.UR.ZS,2015,,,
South Asia (IDA & IBRD),TSA,Rural population (% of total population),SP.RUR.TOTL.ZS,2015,67.36196519,,
South Asia (IDA & IBRD),TSA,Urban population (% of total population),SP.URB.TOTL.IN.ZS,2015,32.63803481,,
South Asia (IDA & IBRD),TSA,Urban population growth (annual %),SP.URB.GROW,2015,2.127369366,,
Sub-Saharan Africa,SSF,Population density (people per sq. km of land area),EN.POP.DNST,2015,42.88562287,,
Sub-Saharan Africa,SSF,Population in urban agglomerations of more than 1 million (% of total population),EN.URB.MCTY.TL.ZS,2015,14.767229,,
Sub-Saharan Africa,SSF,Population living in slums (% of urban population),EN.POP.SLUM.UR.ZS,2015,,,
Sub-Saharan Africa,SSF,Rural population (% of total population),SP.RUR.TOTL.ZS,2015,60.16190479,,
Sub-Saharan Africa,SSF,Urban population (% of total population),SP.URB.TOTL.IN.ZS,2015,39.83809521,,
Sub-Saharan Africa,SSF,Urban population growth (annual %),SP.URB.GROW,2015,3.909415342,,
Sub-Saharan Africa (excluding high income),SSA,Population density (people per sq. km of land area),EN.POP.DNST,2015,42.88253856,,
Sub-Saharan Africa (excluding high income),SSA,Population in urban agglomerations of more than 1 million (% of total population),EN.URB.MCTY.TL.ZS,2015,14.767229,,
Sub-Saharan Africa (excluding high income),SSA,Population living in slums (% of urban population),EN.POP.SLUM.UR.ZS,2015,,,
Sub-Saharan Africa (excluding high income),SSA,Rural population (% of total population),SP.RUR.TOTL.ZS,2015,60.16220174,,
Sub-Saharan Africa (excluding high income),SSA,Urban population (% of total population),SP.URB.TOTL.IN.ZS,2015,39.83779826,,
Sub-Saharan Africa (excluding high income),SSA,Urban population growth (annual %),SP.URB.GROW,2015,3.909545916,,
Sub-Saharan Africa (IDA & IBRD countries),TSS,Population density (people per sq. km of land area),EN.POP.DNST,2015,42.88562287,,
Sub-Saharan Africa (IDA & IBRD countries),TSS,Population in urban agglomerations of more than 1 million (% of total population),EN.URB.MCTY.TL.ZS,2015,14.767229,,
Sub-Saharan Africa (IDA & IBRD countries),TSS,Population living in slums (% of urban population),EN.POP.SLUM.UR.ZS,2015,,,
Sub-Saharan Africa (IDA & IBRD countries),TSS,Rural population (% of total population),SP.RUR.TOTL.ZS,2015,60.16190479,,
Sub-Saharan Africa (IDA & IBRD countries),TSS,Urban population (% of total population),SP.URB.TOTL.IN.ZS,2015,39.83809521,,
Sub-Saharan Africa (IDA & IBRD countries),TSS,Urban population growth (annual %),SP.URB.GROW,2015,3.909415342,,
Upper middle income,UMC,Population density (people per sq. km of land area),EN.POP.DNST,2015,65.67041673,,
Upper middle income,UMC,Population in urban agglomerations of more than 1 million (% of total population),EN.URB.MCTY.TL.ZS,2015,25.81919057,,
Upper middle income,UMC,Population living in slums (% of urban population),EN.POP.SLUM.UR.ZS,2015,,,
Upper middle income,UMC,Rural population (% of total population),SP.RUR.TOTL.ZS,2015,38.28261082,,
Upper middle income,UMC,Urban population (% of total population),SP.URB.TOTL.IN.ZS,2015,61.71738918,,
Upper middle income,UMC,Urban population growth (annual %),SP.URB.GROW,2015,2.652666447,,
World,WLD,Population density (people per sq. km of land area),EN.POP.DNST,2015,57.26688734,,
World,WLD,Population in urban agglomerations of more than 1 million (% of total population),EN.URB.MCTY.TL.ZS,2015,22.99662589,,
World,WLD,Population living in slums (% of urban population),EN.POP.SLUM.UR.ZS,2015,,,
World,WLD,Rural population (% of total population),SP.RUR.TOTL.ZS,2015,45.57415254,,
World,WLD,Urban population (% of total population),SP.URB.TOTL.IN.ZS,2015,54.42584746,,
World,WLD,Urban population growth (annual %),SP.URB.GROW,2015,2.137629151,,
Africa Eastern and Southern,AFE,Population density (people per sq. km of land area),EN.POP.DNST,2016,41.98049074,,
Africa Eastern and Southern,AFE,Population in urban agglomerations of more than 1 million (% of total population),EN.URB.MCTY.TL.ZS,2016,13.89493661,,
Africa Eastern and Southern,AFE,Population living in slums (% of urban population),EN.POP.SLUM.UR.ZS,2016,55.29414577,,
Africa Eastern and Southern,AFE,Rural population (% of total population),SP.RUR.TOTL.ZS,2016,65.11878933,,
Africa Eastern and Southern,AFE,Urban population (% of total population),SP.URB.TOTL.IN.ZS,2016,34.88121067,,
Africa Eastern and Southern,AFE,Urban population growth (annual %),SP.URB.GROW,2016,3.766657325,,
Africa Western and Central,AFW,Population density (people per sq. km of land area),EN.POP.DNST,2016,47.40302528,,
Africa Western and Central,AFW,Population in urban agglomerations of more than 1 million (% of total population),EN.URB.MCTY.TL.ZS,2016,16.37228214,,
Africa Western and Central,AFW,Population living in slums (% of urban population),EN.POP.SLUM.UR.ZS,2016,51.59949612,,
Africa Western and Central,AFW,Rural population (% of total population),SP.RUR.TOTL.ZS,2016,51.81372559,,
Africa Western and Central,AFW,Urban population (% of total population),SP.URB.TOTL.IN.ZS,2016,48.18627441,,
Africa Western and Central,AFW,Urban population growth (annual %),SP.URB.GROW,2016,3.85697983,,
Arab World,ARB,Population density (people per sq. km of land area),EN.POP.DNST,2016,32.04514421,,
Arab World,ARB,Population in urban agglomerations of more than 1 million (% of total population),EN.URB.MCTY.TL.ZS,2016,22.22809114,,
Arab World,ARB,Population living in slums (% of urban population),EN.POP.SLUM.UR.ZS,2016,22.92521928,,
Arab World,ARB,Rural population (% of total population),SP.RUR.TOTL.ZS,2016,41.4377062,,
Arab World,ARB,Urban population (% of total population),SP.URB.TOTL.IN.ZS,2016,58.5622938,,
Arab World,ARB,Urban population growth (annual %),SP.URB.GROW,2016,2.677849677,,
Caribbean small states,CSS,Population density (people per sq. km of land area),EN.POP.DNST,2016,10.89343095,,
Caribbean small states,CSS,Population in urban agglomerations of more than 1 million (% of total population),EN.URB.MCTY.TL.ZS,2016,,,
Caribbean small states,CSS,Population living in slums (% of urban population),EN.POP.SLUM.UR.ZS,2016,10.84207815,,
Caribbean small states,CSS,Rural population (% of total population),SP.RUR.TOTL.ZS,2016,49.82687012,,
Caribbean small states,CSS,Urban population (% of total population),SP.URB.TOTL.IN.ZS,2016,50.17312988,,
Caribbean small states,CSS,Urban population growth (annual %),SP.URB.GROW,2016,0.637557793,,
Central Europe and the Baltics,CEB,Population density (people per sq. km of land area),EN.POP.DNST,2016,92.82475889,,
Central Europe and the Baltics,CEB,Population in urban agglomerations of more than 1 million (% of total population),EN.URB.MCTY.TL.ZS,2016,,,
Central Europe and the Baltics,CEB,Population living in slums (% of urban population),EN.POP.SLUM.UR.ZS,2016,2.869172328,,
Central Europe and the Baltics,CEB,Rural population (% of total population),SP.RUR.TOTL.ZS,2016,38.0974739,,
Central Europe and the Baltics,CEB,Urban population (% of total population),SP.URB.TOTL.IN.ZS,2016,61.9025261,,
Central Europe and the Baltics,CEB,Urban population growth (annual %),SP.URB.GROW,2016,-0.426711638,,
Early-demographic dividend,EAR,Population density (people per sq. km of land area),EN.POP.DNST,2016,97.02562993,,
Early-demographic dividend,EAR,Population in urban agglomerations of more than 1 million (% of total population),EN.URB.MCTY.TL.ZS,2016,18.03642793,,
Early-demographic dividend,EAR,Population living in slums (% of urban population),EN.POP.SLUM.UR.ZS,2016,,,
Early-demographic dividend,EAR,Rural population (% of total population),SP.RUR.TOTL.ZS,2016,55.19020315,,
Early-demographic dividend,EAR,Urban population (% of total population),SP.URB.TOTL.IN.ZS,2016,44.80979685,,
Early-demographic dividend,EAR,Urban population growth (annual %),SP.URB.GROW,2016,2.13546634,,
East Asia & Pacific,EAS,Population density (people per sq. km of land area),EN.POP.DNST,2016,94.69372765,,
East Asia & Pacific,EAS,Population in urban agglomerations of more than 1 million (% of total population),EN.URB.MCTY.TL.ZS,2016,,,
East Asia & Pacific,EAS,Population living in slums (% of urban population),EN.POP.SLUM.UR.ZS,2016,,,
East Asia & Pacific,EAS,Rural population (% of total population),SP.RUR.TOTL.ZS,2016,41.20780577,,
East Asia & Pacific,EAS,Urban population (% of total population),SP.URB.TOTL.IN.ZS,2016,58.79219423,,
East Asia & Pacific,EAS,Urban population growth (annual %),SP.URB.GROW,2016,2.537788459,,
East Asia & Pacific (excluding high income),EAP,Population density (people per sq. km of land area),EN.POP.DNST,2016,129.5817424,,
East Asia & Pacific (excluding high income),EAP,Population in urban agglomerations of more than 1 million (% of total population),EN.URB.MCTY.TL.ZS,2016,,,
East Asia & Pacific (excluding high income),EAP,Population living in slums (% of urban population),EN.POP.SLUM.UR.ZS,2016,,,
East Asia & Pacific (excluding high income),EAP,Rural population (% of total population),SP.RUR.TOTL.ZS,2016,44.68138848,,
East Asia & Pacific (excluding high income),EAP,Urban population (% of total population),SP.URB.TOTL.IN.ZS,2016,55.31861152,,
East Asia & Pacific (excluding high income),EAP,Urban population growth (annual %),SP.URB.GROW,2016,2.954249729,,
East Asia & Pacific (IDA & IBRD countries),TEA,Population density (people per sq. km of land area),EN.POP.DNST,2016,128.9433563,,
East Asia & Pacific (IDA & IBRD countries),TEA,Population in urban agglomerations of more than 1 million (% of total population),EN.URB.MCTY.TL.ZS,2016,,,
East Asia & Pacific (IDA & IBRD countries),TEA,Population living in slums (% of urban population),EN.POP.SLUM.UR.ZS,2016,,,
East Asia & Pacific (IDA & IBRD countries),TEA,Rural population (% of total population),SP.RUR.TOTL.ZS,2016,44.75943208,,
East Asia & Pacific (IDA & IBRD countries),TEA,Urban population (% of total population),SP.URB.TOTL.IN.ZS,2016,55.24056792,,
East Asia & Pacific (IDA & IBRD countries),TEA,Urban population growth (annual %),SP.URB.GROW,2016,2.983605722,,
Euro area,EMU,Population density (people per sq. km of land area),EN.POP.DNST,2016,123.7475001,,
Euro area,EMU,Population in urban agglomerations of more than 1 million (% of total population),EN.URB.MCTY.TL.ZS,2016,19.29886485,,
Euro area,EMU,Population living in slums (% of urban population),EN.POP.SLUM.UR.ZS,2016,0.12884285,,
Euro area,EMU,Rural population (% of total population),SP.RUR.TOTL.ZS,2016,23.71326425,,
Euro area,EMU,Urban population (% of total population),SP.URB.TOTL.IN.ZS,2016,76.28673575,,
Euro area,EMU,Urban population growth (annual %),SP.URB.GROW,2016,0.592379948,,
Europe & Central Asia,ECS,Population density (people per sq. km of land area),EN.POP.DNST,2016,33.22519136,,
Europe & Central Asia,ECS,Population in urban agglomerations of more than 1 million (% of total population),EN.URB.MCTY.TL.ZS,2016,20.2606049,,
Europe & Central Asia,ECS,Population living in slums (% of urban population),EN.POP.SLUM.UR.ZS,2016,2.840764948,,
Europe & Central Asia,ECS,Rural population (% of total population),SP.RUR.TOTL.ZS,2016,27.06968939,,
Europe & Central Asia,ECS,Urban population (% of total population),SP.URB.TOTL.IN.ZS,2016,72.93031061,,
Europe & Central Asia,ECS,Urban population growth (annual %),SP.URB.GROW,2016,0.780089162,,
Europe & Central Asia (excluding high income),ECA,Population density (people per sq. km of land area),EN.POP.DNST,2016,40.97882966,,
Europe & Central Asia (excluding high income),ECA,Population in urban agglomerations of more than 1 million (% of total population),EN.URB.MCTY.TL.ZS,2016,22.90709805,,
Europe & Central Asia (excluding high income),ECA,Population living in slums (% of urban population),EN.POP.SLUM.UR.ZS,2016,8.567644969,,
Europe & Central Asia (excluding high income),ECA,Rural population (% of total population),SP.RUR.TOTL.ZS,2016,32.79712582,,
Europe & Central Asia (excluding high income),ECA,Urban population (% of total population),SP.URB.TOTL.IN.ZS,2016,67.20287418,,
Europe & Central Asia (excluding high income),ECA,Urban population growth (annual %),SP.URB.GROW,2016,1.468697169,,
Europe & Central Asia (IDA & IBRD countries),TEC,Population density (people per sq. km of land area),EN.POP.DNST,2016,19.83211443,,
Europe & Central Asia (IDA & IBRD countries),TEC,Population in urban agglomerations of more than 1 million (% of total population),EN.URB.MCTY.TL.ZS,2016,20.44293299,,
Europe & Central Asia (IDA & IBRD countries),TEC,Population living in slums (% of urban population),EN.POP.SLUM.UR.ZS,2016,5.769221711,,
Europe & Central Asia (IDA & IBRD countries),TEC,Rural population (% of total population),SP.RUR.TOTL.ZS,2016,31.70013353,,
Europe & Central Asia (IDA & IBRD countries),TEC,Urban population (% of total population),SP.URB.TOTL.IN.ZS,2016,68.29986647,,
Europe & Central Asia (IDA & IBRD countries),TEC,Urban population growth (annual %),SP.URB.GROW,2016,0.829141551,,
European Union,EUU,Population density (people per sq. km of land area),EN.POP.DNST,2016,111.4843655,,
European Union,EUU,Population in urban agglomerations of more than 1 million (% of total population),EN.URB.MCTY.TL.ZS,2016,17.26288958,,
European Union,EUU,Population living in slums (% of urban population),EN.POP.SLUM.UR.ZS,2016,0.663495523,,
European Union,EUU,Rural population (% of total population),SP.RUR.TOTL.ZS,2016,25.91092272,,
European Union,EUU,Urban population (% of total population),SP.URB.TOTL.IN.ZS,2016,74.08907728,,
European Union,EUU,Urban population growth (annual %),SP.URB.GROW,2016,0.489077078,,
Heavily indebted poor countries (HIPC),HPC,Population density (people per sq. km of land area),EN.POP.DNST,2016,38.99177865,,
Heavily indebted poor countries (HIPC),HPC,Population in urban agglomerations of more than 1 million (% of total population),EN.URB.MCTY.TL.ZS,2016,13.53899737,,
Heavily indebted poor countries (HIPC),HPC,Population living in slums (% of urban population),EN.POP.SLUM.UR.ZS,2016,57.30385524,,
Heavily indebted poor countries (HIPC),HPC,Rural population (% of total population),SP.RUR.TOTL.ZS,2016,65.69384253,,
Heavily indebted poor countries (HIPC),HPC,Urban population (% of total population),SP.URB.TOTL.IN.ZS,2016,34.30615747,,
Heavily indebted poor countries (HIPC),HPC,Urban population growth (annual %),SP.URB.GROW,2016,4.131214816,,
High income,HIC,Population density (people per sq. km of land area),EN.POP.DNST,2016,26.44313736,,
High income,HIC,Population in urban agglomerations of more than 1 million (% of total population),EN.URB.MCTY.TL.ZS,2016,,,
High income,HIC,Population living in slums (% of urban population),EN.POP.SLUM.UR.ZS,2016,1.060168206,,
High income,HIC,Rural population (% of total population),SP.RUR.TOTL.ZS,2016,20.50046633,,
High income,HIC,Urban population (% of total population),SP.URB.TOTL.IN.ZS,2016,79.49953367,,
High income,HIC,Urban population growth (annual %),SP.URB.GROW,2016,0.744824618,,
IBRD only,IBD,Population density (people per sq. km of land area),EN.POP.DNST,2016,66.7091263,,
IBRD only,IBD,Population in urban agglomerations of more than 1 million (% of total population),EN.URB.MCTY.TL.ZS,2016,22.57275626,,
IBRD only,IBD,Population living in slums (% of urban population),EN.POP.SLUM.UR.ZS,2016,,,
IBRD only,IBD,Rural population (% of total population),SP.RUR.TOTL.ZS,2016,45.39847928,,
IBRD only,IBD,Urban population (% of total population),SP.URB.TOTL.IN.ZS,2016,54.60152072,,
IBRD only,IBD,Urban population growth (annual %),SP.URB.GROW,2016,2.184615236,,
IDA & IBRD total,IBT,Population density (people per sq. km of land area),EN.POP.DNST,2016,66.19526424,,
IDA & IBRD total,IBT,Population in urban agglomerations of more than 1 million (% of total population),EN.URB.MCTY.TL.ZS,2016,20.44557521,,
IDA & IBRD total,IBT,Population living in slums (% of urban population),EN.POP.SLUM.UR.ZS,2016,,,
IDA & IBRD total,IBT,Rural population (% of total population),SP.RUR.TOTL.ZS,2016,49.88282662,,
IDA & IBRD total,IBT,Urban population (% of total population),SP.URB.TOTL.IN.ZS,2016,50.11717338,,
IDA & IBRD total,IBT,Urban population growth (annual %),SP.URB.GROW,2016,2.379887234,,
IDA blend,IDB,Population density (people per sq. km of land area),EN.POP.DNST,2016,117.8856257,,
IDA blend,IDB,Population in urban agglomerations of more than 1 million (% of total population),EN.URB.MCTY.TL.ZS,2016,,,
IDA blend,IDB,Population living in slums (% of urban population),EN.POP.SLUM.UR.ZS,2016,50.73583757,,
IDA blend,IDB,Rural population (% of total population),SP.RUR.TOTL.ZS,2016,55.34997488,,
IDA blend,IDB,Urban population (% of total population),SP.URB.TOTL.IN.ZS,2016,44.65002512,,
IDA blend,IDB,Urban population growth (annual %),SP.URB.GROW,2016,2.995621123,,
IDA only,IDX,Population density (people per sq. km of land area),EN.POP.DNST,2016,51.96935254,,
IDA only,IDX,Population in urban agglomerations of more than 1 million (% of total population),EN.URB.MCTY.TL.ZS,2016,12.34581694,,
IDA only,IDX,Population living in slums (% of urban population),EN.POP.SLUM.UR.ZS,2016,53.85476871,,
IDA only,IDX,Rural population (% of total population),SP.RUR.TOTL.ZS,2016,66.88252853,,
IDA only,IDX,Urban population (% of total population),SP.URB.TOTL.IN.ZS,2016,33.11747147,,
IDA only,IDX,Urban population growth (annual %),SP.URB.GROW,2016,3.369083644,,
IDA total,IDA,Population density (people per sq. km of land area),EN.POP.DNST,2016,64.75732282,,
IDA total,IDA,Population in urban agglomerations of more than 1 million (% of total population),EN.URB.MCTY.TL.ZS,2016,13.91217445,,
IDA total,IDA,Population living in slums (% of urban population),EN.POP.SLUM.UR.ZS,2016,52.53110858,,
IDA total,IDA,Rural population (% of total population),SP.RUR.TOTL.ZS,2016,62.80960342,,
IDA total,IDA,Urban population (% of total population),SP.URB.TOTL.IN.ZS,2016,37.19039658,,
IDA total,IDA,Urban population growth (annual %),SP.URB.GROW,2016,3.210563007,,
Late-demographic dividend,LTE,Population density (people per sq. km of land area),EN.POP.DNST,2016,51.00302717,,
Late-demographic dividend,LTE,Population in urban agglomerations of more than 1 million (% of total population),EN.URB.MCTY.TL.ZS,2016,26.80524838,,
Late-demographic dividend,LTE,Population living in slums (% of urban population),EN.POP.SLUM.UR.ZS,2016,,,
Late-demographic dividend,LTE,Rural population (% of total population),SP.RUR.TOTL.ZS,2016,38.23775316,,
Late-demographic dividend,LTE,Urban population (% of total population),SP.URB.TOTL.IN.ZS,2016,61.76224684,,
Late-demographic dividend,LTE,Urban population growth (annual %),SP.URB.GROW,2016,2.336450624,,
Latin America & Caribbean,LCN,Population density (people per sq. km of land area),EN.POP.DNST,2016,31.1707724,,
Latin America & Caribbean,LCN,Population in urban agglomerations of more than 1 million (% of total population),EN.URB.MCTY.TL.ZS,2016,37.92895423,,
Latin America & Caribbean,LCN,Population living in slums (% of urban population),EN.POP.SLUM.UR.ZS,2016,17.75152727,,
Latin America & Caribbean,LCN,Rural population (% of total population),SP.RUR.TOTL.ZS,2016,20.38387564,,
Latin America & Caribbean,LCN,Urban population (% of total population),SP.URB.TOTL.IN.ZS,2016,79.61612436,,
Latin America & Caribbean,LCN,Urban population growth (annual %),SP.URB.GROW,2016,1.215175203,,
Latin America & Caribbean (excluding high income),LAC,Population density (people per sq. km of land area),EN.POP.DNST,2016,31.27503997,,
Latin America & Caribbean (excluding high income),LAC,Population in urban agglomerations of more than 1 million (% of total population),EN.URB.MCTY.TL.ZS,2016,37.77898769,,
Latin America & Caribbean (excluding high income),LAC,Population living in slums (% of urban population),EN.POP.SLUM.UR.ZS,2016,18.02063343,,
Latin America & Caribbean (excluding high income),LAC,Rural population (% of total population),SP.RUR.TOTL.ZS,2016,20.5350737,,
Latin America & Caribbean (excluding high income),LAC,Urban population (% of total population),SP.URB.TOTL.IN.ZS,2016,79.4649263,,
Latin America & Caribbean (excluding high income),LAC,Urban population growth (annual %),SP.URB.GROW,2016,1.229278128,,
Latin America & the Caribbean (IDA & IBRD countries),TLA,Population density (people per sq. km of land area),EN.POP.DNST,2016,30.57759058,,
Latin America & the Caribbean (IDA & IBRD countries),TLA,Population in urban agglomerations of more than 1 million (% of total population),EN.URB.MCTY.TL.ZS,2016,38.09579356,,
Latin America & the Caribbean (IDA & IBRD countries),TLA,Population living in slums (% of urban population),EN.POP.SLUM.UR.ZS,2016,17.94850952,,
Latin America & the Caribbean (IDA & IBRD countries),TLA,Rural population (% of total population),SP.RUR.TOTL.ZS,2016,20.42328061,,
Latin America & the Caribbean (IDA & IBRD countries),TLA,Urban population (% of total population),SP.URB.TOTL.IN.ZS,2016,79.57671939,,
Latin America & the Caribbean (IDA & IBRD countries),TLA,Urban population growth (annual %),SP.URB.GROW,2016,1.256934492,,
Least developed countries: UN classification,LDC,Population density (people per sq. km of land area),EN.POP.DNST,2016,48.36924497,,
Least developed countries: UN classification,LDC,Population in urban agglomerations of more than 1 million (% of total population),EN.URB.MCTY.TL.ZS,2016,12.24537373,,
Least developed countries: UN classification,LDC,Population living in slums (% of urban population),EN.POP.SLUM.UR.ZS,2016,58.02299995,,
Least developed countries: UN classification,LDC,Rural population (% of total population),SP.RUR.TOTL.ZS,2016,67.43843624,,
Least developed countries: UN classification,LDC,Urban population (% of total population),SP.URB.TOTL.IN.ZS,2016,32.56156376,,
Least developed countries: UN classification,LDC,Urban population growth (annual %),SP.URB.GROW,2016,3.774220409,,
Low & middle income,LMY,Population density (people per sq. km of land area),EN.POP.DNST,2016,78.91886177,,
Low & middle income,LMY,Population in urban agglomerations of more than 1 million (% of total population),EN.URB.MCTY.TL.ZS,2016,20.40577509,,
Low & middle income,LMY,Population living in slums (% of urban population),EN.POP.SLUM.UR.ZS,2016,,,
Low & middle income,LMY,Rural population (% of total population),SP.RUR.TOTL.ZS,2016,50.59971825,,
Low & middle income,LMY,Urban population (% of total population),SP.URB.TOTL.IN.ZS,2016,49.40028175,,
Low & middle income,LMY,Urban population growth (annual %),SP.URB.GROW,2016,2.485548824,,
Low income,LIC,Population density (people per sq. km of land area),EN.POP.DNST,2016,40.84213482,,
Low income,LIC,Population in urban agglomerations of more than 1 million (% of total population),EN.URB.MCTY.TL.ZS,2016,11.24093365,,
Low income,LIC,Population living in slums (% of urban population),EN.POP.SLUM.UR.ZS,2016,62.22137701,,
Low income,LIC,Rural population (% of total population),SP.RUR.TOTL.ZS,2016,68.45996008,,
Low income,LIC,Urban population (% of total population),SP.URB.TOTL.IN.ZS,2016,31.54003992,,
Low income,LIC,Urban population growth (annual %),SP.URB.GROW,2016,3.627967088,,
Lower middle income,LMC,Population density (people per sq. km of land area),EN.POP.DNST,2016,138.4214269,,
Lower middle income,LMC,Population in urban agglomerations of more than 1 million (% of total population),EN.URB.MCTY.TL.ZS,2016,15.91315213,,
Lower middle income,LMC,Population living in slums (% of urban population),EN.POP.SLUM.UR.ZS,2016,,,
Lower middle income,LMC,Rural population (% of total population),SP.RUR.TOTL.ZS,2016,61.44286884,,
Lower middle income,LMC,Urban population (% of total population),SP.URB.TOTL.IN.ZS,2016,38.55713116,,
Lower middle income,LMC,Urban population growth (annual %),SP.URB.GROW,2016,2.458271488,,
"Middle East, North Africa, Afghanistan & Pakistan",MEA,Population density (people per sq. km of land area),EN.POP.DNST,2016,55.90684166,,
"Middle East, North Africa, Afghanistan & Pakistan",MEA,Population in urban agglomerations of more than 1 million (% of total population),EN.URB.MCTY.TL.ZS,2016,21.85128135,,
"Middle East, North Africa, Afghanistan & Pakistan",MEA,Population living in slums (% of urban population),EN.POP.SLUM.UR.ZS,2016,34.55560143,,
"Middle East, North Africa, Afghanistan & Pakistan",MEA,Rural population (% of total population),SP.RUR.TOTL.ZS,2016,46.09736243,,
"Middle East, North Africa, Afghanistan & Pakistan",MEA,Urban population (% of total population),SP.URB.TOTL.IN.ZS,2016,53.90263757,,
"Middle East, North Africa, Afghanistan & Pakistan",MEA,Urban population growth (annual %),SP.URB.GROW,2016,2.315443228,,
"Middle East, North Africa, Afghanistan & Pakistan (excluding high income)",MNA,Population density (people per sq. km of land area),EN.POP.DNST,2016,64.17181487,,
"Middle East, North Africa, Afghanistan & Pakistan (excluding high income)",MNA,Population in urban agglomerations of more than 1 million (% of total population),EN.URB.MCTY.TL.ZS,2016,19.26180951,,
"Middle East, North Africa, Afghanistan & Pakistan (excluding high income)",MNA,Population living in slums (% of urban population),EN.POP.SLUM.UR.ZS,2016,36.42577129,,
"Middle East, North Africa, Afghanistan & Pakistan (excluding high income)",MNA,Rural population (% of total population),SP.RUR.TOTL.ZS,2016,49.17263812,,
"Middle East, North Africa, Afghanistan & Pakistan (excluding high income)",MNA,Urban population (% of total population),SP.URB.TOTL.IN.ZS,2016,50.82736188,,
"Middle East, North Africa, Afghanistan & Pakistan (excluding high income)",MNA,Urban population growth (annual %),SP.URB.GROW,2016,2.047190511,,
"Middle East, North Africa, Afghanistan & Pakistan (IDA & IBRD)",TMN,Population density (people per sq. km of land area),EN.POP.DNST,2016,63.77604008,,
"Middle East, North Africa, Afghanistan & Pakistan (IDA & IBRD)",TMN,Population in urban agglomerations of more than 1 million (% of total population),EN.URB.MCTY.TL.ZS,2016,19.26180951,,
"Middle East, North Africa, Afghanistan & Pakistan (IDA & IBRD)",TMN,Population living in slums (% of urban population),EN.POP.SLUM.UR.ZS,2016,36.61970467,,
"Middle East, North Africa, Afghanistan & Pakistan (IDA & IBRD)",TMN,Rural population (% of total population),SP.RUR.TOTL.ZS,2016,49.40758232,,
"Middle East, North Africa, Afghanistan & Pakistan (IDA & IBRD)",TMN,Urban population (% of total population),SP.URB.TOTL.IN.ZS,2016,50.59241768,,
"Middle East, North Africa, Afghanistan & Pakistan (IDA & IBRD)",TMN,Urban population growth (annual %),SP.URB.GROW,2016,2.04330346,,
Middle income,MIC,Population density (people per sq. km of land area),EN.POP.DNST,2016,87.75767285,,
Middle income,MIC,Population in urban agglomerations of more than 1 million (% of total population),EN.URB.MCTY.TL.ZS,2016,21.35900266,,
Middle income,MIC,Population living in slums (% of urban population),EN.POP.SLUM.UR.ZS,2016,,,
Middle income,MIC,Rural population (% of total population),SP.RUR.TOTL.ZS,2016,48.67021767,,
Middle income,MIC,Urban population (% of total population),SP.URB.TOTL.IN.ZS,2016,51.32978233,,
Middle income,MIC,Urban population growth (annual %),SP.URB.GROW,2016,2.410172756,,
North America,NAC,Population density (people per sq. km of land area),EN.POP.DNST,2016,19.90428522,,
North America,NAC,Population in urban agglomerations of more than 1 million (% of total population),EN.URB.MCTY.TL.ZS,2016,45.56542313,,
North America,NAC,Population living in slums (% of urban population),EN.POP.SLUM.UR.ZS,2016,0.25050651,,
North America,NAC,Rural population (% of total population),SP.RUR.TOTL.ZS,2016,19.41831006,,
North America,NAC,Urban population (% of total population),SP.URB.TOTL.IN.ZS,2016,80.58168994,,
North America,NAC,Urban population growth (annual %),SP.URB.GROW,2016,0.745604811,,
Not classified,INX,Population in urban agglomerations of more than 1 million (% of total population),EN.URB.MCTY.TL.ZS,2016,,,
Not classified,INX,Population living in slums (% of urban population),EN.POP.SLUM.UR.ZS,2016,,,
OECD members,OED,Population density (people per sq. km of land area),EN.POP.DNST,2016,37.75070979,,
OECD members,OED,Population in urban agglomerations of more than 1 million (% of total population),EN.URB.MCTY.TL.ZS,2016,37.00696545,,
OECD members,OED,Population living in slums (% of urban population),EN.POP.SLUM.UR.ZS,2016,3.948265398,,
OECD members,OED,Rural population (% of total population),SP.RUR.TOTL.ZS,2016,19.61417082,,
OECD members,OED,Urban population (% of total population),SP.URB.TOTL.IN.ZS,2016,80.38582918,,
OECD members,OED,Urban population growth (annual %),SP.URB.GROW,2016,0.836053233,,
Other small states,OSS,Population density (people per sq. km of land area),EN.POP.DNST,2016,43.08816921,,
Other small states,OSS,Population in urban agglomerations of more than 1 million (% of total population),EN.URB.MCTY.TL.ZS,2016,,,
Other small states,OSS,Population living in slums (% of urban population),EN.POP.SLUM.UR.ZS,2016,25.99300556,,
Other small states,OSS,Rural population (% of total population),SP.RUR.TOTL.ZS,2016,46.74396975,,
Other small states,OSS,Urban population (% of total population),SP.URB.TOTL.IN.ZS,2016,53.25603025,,
Other small states,OSS,Urban population growth (annual %),SP.URB.GROW,2016,1.403850131,,
Pacific island small states,PSS,Population density (people per sq. km of land area),EN.POP.DNST,2016,38.59492212,,
Pacific island small states,PSS,Population in urban agglomerations of more than 1 million (% of total population),EN.URB.MCTY.TL.ZS,2016,,,
Pacific island small states,PSS,Population living in slums (% of urban population),EN.POP.SLUM.UR.ZS,2016,6.386903812,,
Pacific island small states,PSS,Rural population (% of total population),SP.RUR.TOTL.ZS,2016,61.48938466,,
Pacific island small states,PSS,Urban population (% of total population),SP.URB.TOTL.IN.ZS,2016,38.51061534,,
Pacific island small states,PSS,Urban population growth (annual %),SP.URB.GROW,2016,2.033931816,,
Post-demographic dividend,PST,Population density (people per sq. km of land area),EN.POP.DNST,2016,35.19624123,,
Post-demographic dividend,PST,Population in urban agglomerations of more than 1 million (% of total population),EN.URB.MCTY.TL.ZS,2016,36.58283536,,
Post-demographic dividend,PST,Population living in slums (% of urban population),EN.POP.SLUM.UR.ZS,2016,0.664984954,,
Post-demographic dividend,PST,Rural population (% of total population),SP.RUR.TOTL.ZS,2016,19.48786213,,
Post-demographic dividend,PST,Urban population (% of total population),SP.URB.TOTL.IN.ZS,2016,80.51213787,,
Post-demographic dividend,PST,Urban population growth (annual %),SP.URB.GROW,2016,0.599413485,,
Pre-demographic dividend,PRE,Population density (people per sq. km of land area),EN.POP.DNST,2016,44.04070425,,
Pre-demographic dividend,PRE,Population in urban agglomerations of more than 1 million (% of total population),EN.URB.MCTY.TL.ZS,2016,15.36088615,,
Pre-demographic dividend,PRE,Population living in slums (% of urban population),EN.POP.SLUM.UR.ZS,2016,56.92549421,,
Pre-demographic dividend,PRE,Rural population (% of total population),SP.RUR.TOTL.ZS,2016,58.33070163,,
Pre-demographic dividend,PRE,Urban population (% of total population),SP.URB.TOTL.IN.ZS,2016,41.66929837,,
Pre-demographic dividend,PRE,Urban population growth (annual %),SP.URB.GROW,2016,3.935397863,,
Small states,SST,Population density (people per sq. km of land area),EN.POP.DNST,2016,25.30673345,,
Small states,SST,Population in urban agglomerations of more than 1 million (% of total population),EN.URB.MCTY.TL.ZS,2016,,,
Small states,SST,Population living in slums (% of urban population),EN.POP.SLUM.UR.ZS,2016,21.24409712,,
Small states,SST,Rural population (% of total population),SP.RUR.TOTL.ZS,2016,49.41762822,,
Small states,SST,Urban population (% of total population),SP.URB.TOTL.IN.ZS,2016,50.58237178,,
Small states,SST,Urban population growth (annual %),SP.URB.GROW,2016,1.289962738,,
South Asia,SAS,Population density (people per sq. km of land area),EN.POP.DNST,2016,464.6220576,,
South Asia,SAS,Population in urban agglomerations of more than 1 million (% of total population),EN.URB.MCTY.TL.ZS,2016,14.47803866,,
South Asia,SAS,Population living in slums (% of urban population),EN.POP.SLUM.UR.ZS,2016,,,
South Asia,SAS,Rural population (% of total population),SP.RUR.TOTL.ZS,2016,67.04678601,,
South Asia,SAS,Urban population (% of total population),SP.URB.TOTL.IN.ZS,2016,32.95321399,,
South Asia,SAS,Urban population growth (annual %),SP.URB.GROW,2016,2.108474149,,
South Asia (IDA & IBRD),TSA,Population density (people per sq. km of land area),EN.POP.DNST,2016,464.6220576,,
South Asia (IDA & IBRD),TSA,Population in urban agglomerations of more than 1 million (% of total population),EN.URB.MCTY.TL.ZS,2016,14.47803866,,
South Asia (IDA & IBRD),TSA,Population living in slums (% of urban population),EN.POP.SLUM.UR.ZS,2016,,,
South Asia (IDA & IBRD),TSA,Rural population (% of total population),SP.RUR.TOTL.ZS,2016,67.04678601,,
South Asia (IDA & IBRD),TSA,Urban population (% of total population),SP.URB.TOTL.IN.ZS,2016,32.95321399,,
South Asia (IDA & IBRD),TSA,Urban population growth (annual %),SP.URB.GROW,2016,2.108474149,,
Sub-Saharan Africa,SSF,Population density (people per sq. km of land area),EN.POP.DNST,2016,44.03328223,,
Sub-Saharan Africa,SSF,Population in urban agglomerations of more than 1 million (% of total population),EN.URB.MCTY.TL.ZS,2016,14.90416031,,
Sub-Saharan Africa,SSF,Population living in slums (% of urban population),EN.POP.SLUM.UR.ZS,2016,53.49394428,,
Sub-Saharan Africa,SSF,Rural population (% of total population),SP.RUR.TOTL.ZS,2016,59.69647773,,
Sub-Saharan Africa,SSF,Urban population (% of total population),SP.URB.TOTL.IN.ZS,2016,40.30352227,,
Sub-Saharan Africa,SSF,Urban population growth (annual %),SP.URB.GROW,2016,3.81065637,,
Sub-Saharan Africa (excluding high income),SSA,Population density (people per sq. km of land area),EN.POP.DNST,2016,44.03016761,,
Sub-Saharan Africa (excluding high income),SSA,Population in urban agglomerations of more than 1 million (% of total population),EN.URB.MCTY.TL.ZS,2016,14.90416031,,
Sub-Saharan Africa (excluding high income),SSA,Population living in slums (% of urban population),EN.POP.SLUM.UR.ZS,2016,53.49362065,,
Sub-Saharan Africa (excluding high income),SSA,Rural population (% of total population),SP.RUR.TOTL.ZS,2016,59.69674573,,
Sub-Saharan Africa (excluding high income),SSA,Urban population (% of total population),SP.URB.TOTL.IN.ZS,2016,40.30325427,,
Sub-Saharan Africa (excluding high income),SSA,Urban population growth (annual %),SP.URB.GROW,2016,3.810855592,,
Sub-Saharan Africa (IDA & IBRD countries),TSS,Population density (people per sq. km of land area),EN.POP.DNST,2016,44.03328223,,
Sub-Saharan Africa (IDA & IBRD countries),TSS,Population in urban agglomerations of more than 1 million (% of total population),EN.URB.MCTY.TL.ZS,2016,14.90416031,,
Sub-Saharan Africa (IDA & IBRD countries),TSS,Population living in slums (% of urban population),EN.POP.SLUM.UR.ZS,2016,53.49394428,,
Sub-Saharan Africa (IDA & IBRD countries),TSS,Rural population (% of total population),SP.RUR.TOTL.ZS,2016,59.69647773,,
Sub-Saharan Africa (IDA & IBRD countries),TSS,Urban population (% of total population),SP.URB.TOTL.IN.ZS,2016,40.30352227,,
Sub-Saharan Africa (IDA & IBRD countries),TSS,Urban population growth (annual %),SP.URB.GROW,2016,3.81065637,,
Upper middle income,UMC,Population density (people per sq. km of land area),EN.POP.DNST,2016,66.2281833,,
Upper middle income,UMC,Population in urban agglomerations of more than 1 million (% of total population),EN.URB.MCTY.TL.ZS,2016,26.17835727,,
Upper middle income,UMC,Population living in slums (% of urban population),EN.POP.SLUM.UR.ZS,2016,,,
Upper middle income,UMC,Rural population (% of total population),SP.RUR.TOTL.ZS,2016,37.32591258,,
Upper middle income,UMC,Urban population (% of total population),SP.URB.TOTL.IN.ZS,2016,62.67408742,,
Upper middle income,UMC,Urban population growth (annual %),SP.URB.GROW,2016,2.383901207,,
World,WLD,Population density (people per sq. km of land area),EN.POP.DNST,2016,57.93198604,,
World,WLD,Population in urban agglomerations of more than 1 million (% of total population),EN.URB.MCTY.TL.ZS,2016,23.21821848,,
World,WLD,Population living in slums (% of urban population),EN.POP.SLUM.UR.ZS,2016,,,
World,WLD,Rural population (% of total population),SP.RUR.TOTL.ZS,2016,45.10507356,,
World,WLD,Urban population (% of total population),SP.URB.TOTL.IN.ZS,2016,54.89492644,,
World,WLD,Urban population growth (annual %),SP.URB.GROW,2016,2.022394676,,
Africa Eastern and Southern,AFE,Population density (people per sq. km of land area),EN.POP.DNST,2017,43.09878298,,
Africa Eastern and Southern,AFE,Population in urban agglomerations of more than 1 million (% of total population),EN.URB.MCTY.TL.ZS,2017,14.02903208,,
Africa Eastern and Southern,AFE,Population living in slums (% of urban population),EN.POP.SLUM.UR.ZS,2017,,,
Africa Eastern and Southern,AFE,Rural population (% of total population),SP.RUR.TOTL.ZS,2017,64.71701317,,
Africa Eastern and Southern,AFE,Urban population (% of total population),SP.URB.TOTL.IN.ZS,2017,35.28298683,,
Africa Eastern and Southern,AFE,Urban population growth (annual %),SP.URB.GROW,2017,3.787325157,,
Africa Western and Central,AFW,Population density (people per sq. km of land area),EN.POP.DNST,2017,48.65806509,,
Africa Western and Central,AFW,Population in urban agglomerations of more than 1 million (% of total population),EN.URB.MCTY.TL.ZS,2017,16.52577853,,
Africa Western and Central,AFW,Population living in slums (% of urban population),EN.POP.SLUM.UR.ZS,2017,,,
Africa Western and Central,AFW,Rural population (% of total population),SP.RUR.TOTL.ZS,2017,51.23899074,,
Africa Western and Central,AFW,Urban population (% of total population),SP.URB.TOTL.IN.ZS,2017,48.76100926,,
Africa Western and Central,AFW,Urban population growth (annual %),SP.URB.GROW,2017,3.798830543,,
Arab World,ARB,Population density (people per sq. km of land area),EN.POP.DNST,2017,32.6945464,,
Arab World,ARB,Population in urban agglomerations of more than 1 million (% of total population),EN.URB.MCTY.TL.ZS,2017,22.40755324,,
Arab World,ARB,Population living in slums (% of urban population),EN.POP.SLUM.UR.ZS,2017,,,
Arab World,ARB,Rural population (% of total population),SP.RUR.TOTL.ZS,2017,41.31910584,,
Arab World,ARB,Urban population (% of total population),SP.URB.TOTL.IN.ZS,2017,58.68089416,,
Arab World,ARB,Urban population growth (annual %),SP.URB.GROW,2017,2.208584788,,
Caribbean small states,CSS,Population density (people per sq. km of land area),EN.POP.DNST,2017,10.95567758,,
Caribbean small states,CSS,Population in urban agglomerations of more than 1 million (% of total population),EN.URB.MCTY.TL.ZS,2017,,,
Caribbean small states,CSS,Population living in slums (% of urban population),EN.POP.SLUM.UR.ZS,2017,,,
Caribbean small states,CSS,Rural population (% of total population),SP.RUR.TOTL.ZS,2017,49.82170365,,
Caribbean small states,CSS,Urban population (% of total population),SP.URB.TOTL.IN.ZS,2017,50.17829635,,
Caribbean small states,CSS,Urban population growth (annual %),SP.URB.GROW,2017,0.580083558,,
Central Europe and the Baltics,CEB,Population density (people per sq. km of land area),EN.POP.DNST,2017,92.60473418,,
Central Europe and the Baltics,CEB,Population in urban agglomerations of more than 1 million (% of total population),EN.URB.MCTY.TL.ZS,2017,,,
Central Europe and the Baltics,CEB,Population living in slums (% of urban population),EN.POP.SLUM.UR.ZS,2017,,,
Central Europe and the Baltics,CEB,Rural population (% of total population),SP.RUR.TOTL.ZS,2017,38.12842434,,
Central Europe and the Baltics,CEB,Urban population (% of total population),SP.URB.TOTL.IN.ZS,2017,61.87157566,,
Central Europe and the Baltics,CEB,Urban population growth (annual %),SP.URB.GROW,2017,-0.35290105,,
Early-demographic dividend,EAR,Population density (people per sq. km of land area),EN.POP.DNST,2017,98.27559251,,
Early-demographic dividend,EAR,Population in urban agglomerations of more than 1 million (% of total population),EN.URB.MCTY.TL.ZS,2017,18.22603024,,
Early-demographic dividend,EAR,Population living in slums (% of urban population),EN.POP.SLUM.UR.ZS,2017,,,
Early-demographic dividend,EAR,Rural population (% of total population),SP.RUR.TOTL.ZS,2017,54.87506394,,
Early-demographic dividend,EAR,Urban population (% of total population),SP.URB.TOTL.IN.ZS,2017,45.12493606,,
Early-demographic dividend,EAR,Urban population growth (annual %),SP.URB.GROW,2017,1.961822268,,
East Asia & Pacific,EAS,Population density (people per sq. km of land area),EN.POP.DNST,2017,95.36409178,,
East Asia & Pacific,EAS,Population in urban agglomerations of more than 1 million (% of total population),EN.URB.MCTY.TL.ZS,2017,,,
East Asia & Pacific,EAS,Population living in slums (% of urban population),EN.POP.SLUM.UR.ZS,2017,,,
East Asia & Pacific,EAS,Rural population (% of total population),SP.RUR.TOTL.ZS,2017,40.19629162,,
East Asia & Pacific,EAS,Urban population (% of total population),SP.URB.TOTL.IN.ZS,2017,59.80370838,,
East Asia & Pacific,EAS,Urban population growth (annual %),SP.URB.GROW,2017,2.41113014,,
East Asia & Pacific (excluding high income),EAP,Population density (people per sq. km of land area),EN.POP.DNST,2017,130.5676548,,
East Asia & Pacific (excluding high income),EAP,Population in urban agglomerations of more than 1 million (% of total population),EN.URB.MCTY.TL.ZS,2017,,,
East Asia & Pacific (excluding high income),EAP,Population living in slums (% of urban population),EN.POP.SLUM.UR.ZS,2017,,,
East Asia & Pacific (excluding high income),EAP,Rural population (% of total population),SP.RUR.TOTL.ZS,2017,43.53453617,,
East Asia & Pacific (excluding high income),EAP,Urban population (% of total population),SP.URB.TOTL.IN.ZS,2017,56.46546383,,
East Asia & Pacific (excluding high income),EAP,Urban population growth (annual %),SP.URB.GROW,2017,2.809540414,,
East Asia & Pacific (IDA & IBRD countries),TEA,Population density (people per sq. km of land area),EN.POP.DNST,2017,129.9292061,,
East Asia & Pacific (IDA & IBRD countries),TEA,Population in urban agglomerations of more than 1 million (% of total population),EN.URB.MCTY.TL.ZS,2017,,,
East Asia & Pacific (IDA & IBRD countries),TEA,Population living in slums (% of urban population),EN.POP.SLUM.UR.ZS,2017,,,
East Asia & Pacific (IDA & IBRD countries),TEA,Rural population (% of total population),SP.RUR.TOTL.ZS,2017,43.60116327,,
East Asia & Pacific (IDA & IBRD countries),TEA,Urban population (% of total population),SP.URB.TOTL.IN.ZS,2017,56.39883673,,
East Asia & Pacific (IDA & IBRD countries),TEA,Urban population growth (annual %),SP.URB.GROW,2017,2.836341388,,
Euro area,EMU,Population density (people per sq. km of land area),EN.POP.DNST,2017,123.9858077,,
Euro area,EMU,Population in urban agglomerations of more than 1 million (% of total population),EN.URB.MCTY.TL.ZS,2017,19.39486333,,
Euro area,EMU,Population living in slums (% of urban population),EN.POP.SLUM.UR.ZS,2017,,,
Euro area,EMU,Rural population (% of total population),SP.RUR.TOTL.ZS,2017,23.58591864,,
Euro area,EMU,Urban population (% of total population),SP.URB.TOTL.IN.ZS,2017,76.41408136,,
Euro area,EMU,Urban population growth (annual %),SP.URB.GROW,2017,0.333741206,,
Europe & Central Asia,ECS,Population density (people per sq. km of land area),EN.POP.DNST,2017,33.35313592,,
Europe & Central Asia,ECS,Population in urban agglomerations of more than 1 million (% of total population),EN.URB.MCTY.TL.ZS,2017,20.38544395,,
Europe & Central Asia,ECS,Population living in slums (% of urban population),EN.POP.SLUM.UR.ZS,2017,,,
Europe & Central Asia,ECS,Rural population (% of total population),SP.RUR.TOTL.ZS,2017,26.96040571,,
Europe & Central Asia,ECS,Urban population (% of total population),SP.URB.TOTL.IN.ZS,2017,73.03959429,,
Europe & Central Asia,ECS,Urban population growth (annual %),SP.URB.GROW,2017,0.531397872,,
Europe & Central Asia (excluding high income),ECA,Population density (people per sq. km of land area),EN.POP.DNST,2017,41.3314112,,
Europe & Central Asia (excluding high income),ECA,Population in urban agglomerations of more than 1 million (% of total population),EN.URB.MCTY.TL.ZS,2017,23.05001724,,
Europe & Central Asia (excluding high income),ECA,Population living in slums (% of urban population),EN.POP.SLUM.UR.ZS,2017,,,
Europe & Central Asia (excluding high income),ECA,Rural population (% of total population),SP.RUR.TOTL.ZS,2017,32.70915748,,
Europe & Central Asia (excluding high income),ECA,Urban population (% of total population),SP.URB.TOTL.IN.ZS,2017,67.29084252,,
Europe & Central Asia (excluding high income),ECA,Urban population growth (annual %),SP.URB.GROW,2017,0.987684618,,
Europe & Central Asia (IDA & IBRD countries),TEC,Population density (people per sq. km of land area),EN.POP.DNST,2017,19.92333972,,
Europe & Central Asia (IDA & IBRD countries),TEC,Population in urban agglomerations of more than 1 million (% of total population),EN.URB.MCTY.TL.ZS,2017,20.59625166,,
Europe & Central Asia (IDA & IBRD countries),TEC,Population living in slums (% of urban population),EN.POP.SLUM.UR.ZS,2017,,,
Europe & Central Asia (IDA & IBRD countries),TEC,Rural population (% of total population),SP.RUR.TOTL.ZS,2017,31.63280032,,
Europe & Central Asia (IDA & IBRD countries),TEC,Urban population (% of total population),SP.URB.TOTL.IN.ZS,2017,68.36719968,,
Europe & Central Asia (IDA & IBRD countries),TEC,Urban population growth (annual %),SP.URB.GROW,2017,0.55750766,,
European Union,EUU,Population density (people per sq. km of land area),EN.POP.DNST,2017,111.6661246,,
European Union,EUU,Population in urban agglomerations of more than 1 million (% of total population),EN.URB.MCTY.TL.ZS,2017,17.35207385,,
European Union,EUU,Population living in slums (% of urban population),EN.POP.SLUM.UR.ZS,2017,,,
European Union,EUU,Rural population (% of total population),SP.RUR.TOTL.ZS,2017,25.80592009,,
European Union,EUU,Urban population (% of total population),SP.URB.TOTL.IN.ZS,2017,74.19407991,,
European Union,EUU,Urban population growth (annual %),SP.URB.GROW,2017,0.28643516,,
Heavily indebted poor countries (HIPC),HPC,Population density (people per sq. km of land area),EN.POP.DNST,2017,40.14776182,,
Heavily indebted poor countries (HIPC),HPC,Population in urban agglomerations of more than 1 million (% of total population),EN.URB.MCTY.TL.ZS,2017,13.66330068,,
Heavily indebted poor countries (HIPC),HPC,Population living in slums (% of urban population),EN.POP.SLUM.UR.ZS,2017,,,
Heavily indebted poor countries (HIPC),HPC,Rural population (% of total population),SP.RUR.TOTL.ZS,2017,65.25638634,,
Heavily indebted poor countries (HIPC),HPC,Urban population (% of total population),SP.URB.TOTL.IN.ZS,2017,34.74361366,,
Heavily indebted poor countries (HIPC),HPC,Urban population growth (annual %),SP.URB.GROW,2017,4.188617546,,
High income,HIC,Population density (people per sq. km of land area),EN.POP.DNST,2017,26.55961658,,
High income,HIC,Population in urban agglomerations of more than 1 million (% of total population),EN.URB.MCTY.TL.ZS,2017,,,
High income,HIC,Population living in slums (% of urban population),EN.POP.SLUM.UR.ZS,2017,,,
High income,HIC,Rural population (% of total population),SP.RUR.TOTL.ZS,2017,20.43536768,,
High income,HIC,Urban population (% of total population),SP.URB.TOTL.IN.ZS,2017,79.56463232,,
High income,HIC,Urban population growth (annual %),SP.URB.GROW,2017,0.519990693,,
IBRD only,IBD,Population density (people per sq. km of land area),EN.POP.DNST,2017,67.33963059,,
IBRD only,IBD,Population in urban agglomerations of more than 1 million (% of total population),EN.URB.MCTY.TL.ZS,2017,22.86760724,,
IBRD only,IBD,Population living in slums (% of urban population),EN.POP.SLUM.UR.ZS,2017,,,
IBRD only,IBD,Rural population (% of total population),SP.RUR.TOTL.ZS,2017,44.77777721,,
IBRD only,IBD,Urban population (% of total population),SP.URB.TOTL.IN.ZS,2017,55.22222279,,
IBRD only,IBD,Urban population growth (annual %),SP.URB.GROW,2017,2.062282922,,
IDA & IBRD total,IBT,Population density (people per sq. km of land area),EN.POP.DNST,2017,67.02876387,,
IDA & IBRD total,IBT,Population in urban agglomerations of more than 1 million (% of total population),EN.URB.MCTY.TL.ZS,2017,20.68974449,,
IDA & IBRD total,IBT,Population living in slums (% of urban population),EN.POP.SLUM.UR.ZS,2017,,,
IDA & IBRD total,IBT,Rural population (% of total population),SP.RUR.TOTL.ZS,2017,49.35526646,,
IDA & IBRD total,IBT,Urban population (% of total population),SP.URB.TOTL.IN.ZS,2017,50.64473354,,
IDA & IBRD total,IBT,Urban population growth (annual %),SP.URB.GROW,2017,2.293893627,,
IDA blend,IDB,Population density (people per sq. km of land area),EN.POP.DNST,2017,120.1936919,,
IDA blend,IDB,Population in urban agglomerations of more than 1 million (% of total population),EN.URB.MCTY.TL.ZS,2017,,,
IDA blend,IDB,Population living in slums (% of urban population),EN.POP.SLUM.UR.ZS,2017,,,
IDA blend,IDB,Rural population (% of total population),SP.RUR.TOTL.ZS,2017,54.88557405,,
IDA blend,IDB,Urban population (% of total population),SP.URB.TOTL.IN.ZS,2017,45.11442595,,
IDA blend,IDB,Urban population growth (annual %),SP.URB.GROW,2017,3.013479787,,
IDA only,IDX,Population density (people per sq. km of land area),EN.POP.DNST,2017,53.14763345,,
IDA only,IDX,Population in urban agglomerations of more than 1 million (% of total population),EN.URB.MCTY.TL.ZS,2017,12.50238295,,
IDA only,IDX,Population living in slums (% of urban population),EN.POP.SLUM.UR.ZS,2017,,,
IDA only,IDX,Rural population (% of total population),SP.RUR.TOTL.ZS,2017,66.47808815,,
IDA only,IDX,Urban population (% of total population),SP.URB.TOTL.IN.ZS,2017,33.52191185,,
IDA only,IDX,Urban population growth (annual %),SP.URB.GROW,2017,3.455323256,,
IDA total,IDA,Population density (people per sq. km of land area),EN.POP.DNST,2017,66.15900537,,
IDA total,IDA,Population in urban agglomerations of more than 1 million (% of total population),EN.URB.MCTY.TL.ZS,2017,14.08597003,,
IDA total,IDA,Population living in slums (% of urban population),EN.POP.SLUM.UR.ZS,2017,,,
IDA total,IDA,Rural population (% of total population),SP.RUR.TOTL.ZS,2017,62.39094188,,
IDA total,IDA,Urban population (% of total population),SP.URB.TOTL.IN.ZS,2017,37.60905812,,
IDA total,IDA,Urban population growth (annual %),SP.URB.GROW,2017,3.268217386,,
Late-demographic dividend,LTE,Population density (people per sq. km of land area),EN.POP.DNST,2017,51.34137239,,
Late-demographic dividend,LTE,Population in urban agglomerations of more than 1 million (% of total population),EN.URB.MCTY.TL.ZS,2017,27.26774301,,
Late-demographic dividend,LTE,Population living in slums (% of urban population),EN.POP.SLUM.UR.ZS,2017,,,
Late-demographic dividend,LTE,Rural population (% of total population),SP.RUR.TOTL.ZS,2017,37.26070021,,
Late-demographic dividend,LTE,Urban population (% of total population),SP.URB.TOTL.IN.ZS,2017,62.73929979,,
Late-demographic dividend,LTE,Urban population growth (annual %),SP.URB.GROW,2017,2.229191068,,
Latin America & Caribbean,LCN,Population density (people per sq. km of land area),EN.POP.DNST,2017,31.45440823,,
Latin America & Caribbean,LCN,Population in urban agglomerations of more than 1 million (% of total population),EN.URB.MCTY.TL.ZS,2017,38.12917926,,
Latin America & Caribbean,LCN,Population living in slums (% of urban population),EN.POP.SLUM.UR.ZS,2017,,,
Latin America & Caribbean,LCN,Rural population (% of total population),SP.RUR.TOTL.ZS,2017,20.17146683,,
Latin America & Caribbean,LCN,Urban population (% of total population),SP.URB.TOTL.IN.ZS,2017,79.82853317,,
Latin America & Caribbean,LCN,Urban population growth (annual %),SP.URB.GROW,2017,1.171065533,,
Latin America & Caribbean (excluding high income),LAC,Population density (people per sq. km of land area),EN.POP.DNST,2017,31.55860422,,
Latin America & Caribbean (excluding high income),LAC,Population in urban agglomerations of more than 1 million (% of total population),EN.URB.MCTY.TL.ZS,2017,37.99487281,,
Latin America & Caribbean (excluding high income),LAC,Population living in slums (% of urban population),EN.POP.SLUM.UR.ZS,2017,,,
Latin America & Caribbean (excluding high income),LAC,Rural population (% of total population),SP.RUR.TOTL.ZS,2017,20.31834758,,
Latin America & Caribbean (excluding high income),LAC,Urban population (% of total population),SP.URB.TOTL.IN.ZS,2017,79.68165242,,
Latin America & Caribbean (excluding high income),LAC,Urban population growth (annual %),SP.URB.GROW,2017,1.173675971,,
Latin America & the Caribbean (IDA & IBRD countries),TLA,Population density (people per sq. km of land area),EN.POP.DNST,2017,30.86676921,,
Latin America & the Caribbean (IDA & IBRD countries),TLA,Population in urban agglomerations of more than 1 million (% of total population),EN.URB.MCTY.TL.ZS,2017,38.29361106,,
Latin America & the Caribbean (IDA & IBRD countries),TLA,Population living in slums (% of urban population),EN.POP.SLUM.UR.ZS,2017,,,
Latin America & the Caribbean (IDA & IBRD countries),TLA,Rural population (% of total population),SP.RUR.TOTL.ZS,2017,20.20477159,,
Latin America & the Caribbean (IDA & IBRD countries),TLA,Urban population (% of total population),SP.URB.TOTL.IN.ZS,2017,79.79522841,,
Latin America & the Caribbean (IDA & IBRD countries),TLA,Urban population growth (annual %),SP.URB.GROW,2017,1.215490283,,
Least developed countries: UN classification,LDC,Population density (people per sq. km of land area),EN.POP.DNST,2017,49.52377435,,
Least developed countries: UN classification,LDC,Population in urban agglomerations of more than 1 million (% of total population),EN.URB.MCTY.TL.ZS,2017,12.39551418,,
Least developed countries: UN classification,LDC,Population living in slums (% of urban population),EN.POP.SLUM.UR.ZS,2017,,,
Least developed countries: UN classification,LDC,Rural population (% of total population),SP.RUR.TOTL.ZS,2017,66.96611425,,
Least developed countries: UN classification,LDC,Urban population (% of total population),SP.URB.TOTL.IN.ZS,2017,33.03388575,,
Least developed countries: UN classification,LDC,Urban population growth (annual %),SP.URB.GROW,2017,3.798791618,,
Low & middle income,LMY,Population density (people per sq. km of land area),EN.POP.DNST,2017,79.94352472,,
Low & middle income,LMY,Population in urban agglomerations of more than 1 million (% of total population),EN.URB.MCTY.TL.ZS,2017,20.65321449,,
Low & middle income,LMY,Population living in slums (% of urban population),EN.POP.SLUM.UR.ZS,2017,,,
Low & middle income,LMY,Rural population (% of total population),SP.RUR.TOTL.ZS,2017,50.04884916,,
Low & middle income,LMY,Urban population (% of total population),SP.URB.TOTL.IN.ZS,2017,49.95115084,,
Low & middle income,LMY,Urban population growth (annual %),SP.URB.GROW,2017,2.393047185,,
Low income,LIC,Population density (people per sq. km of land area),EN.POP.DNST,2017,41.96467551,,
Low income,LIC,Population in urban agglomerations of more than 1 million (% of total population),EN.URB.MCTY.TL.ZS,2017,11.33280559,,
Low income,LIC,Population living in slums (% of urban population),EN.POP.SLUM.UR.ZS,2017,,,
Low income,LIC,Rural population (% of total population),SP.RUR.TOTL.ZS,2017,68.09693876,,
Low income,LIC,Urban population (% of total population),SP.URB.TOTL.IN.ZS,2017,31.90306124,,
Low income,LIC,Urban population growth (annual %),SP.URB.GROW,2017,3.855724642,,
Lower middle income,LMC,Population density (people per sq. km of land area),EN.POP.DNST,2017,140.4327578,,
Lower middle income,LMC,Population in urban agglomerations of more than 1 million (% of total population),EN.URB.MCTY.TL.ZS,2017,16.13558359,,
Lower middle income,LMC,Population living in slums (% of urban population),EN.POP.SLUM.UR.ZS,2017,,,
Lower middle income,LMC,Rural population (% of total population),SP.RUR.TOTL.ZS,2017,61.07685288,,
Lower middle income,LMC,Urban population (% of total population),SP.URB.TOTL.IN.ZS,2017,38.92314712,,
Lower middle income,LMC,Urban population growth (annual %),SP.URB.GROW,2017,2.397587087,,
"Middle East, North Africa, Afghanistan & Pakistan",MEA,Population density (people per sq. km of land area),EN.POP.DNST,2017,56.87313499,,
"Middle East, North Africa, Afghanistan & Pakistan",MEA,Population in urban agglomerations of more than 1 million (% of total population),EN.URB.MCTY.TL.ZS,2017,22.0605804,,
"Middle East, North Africa, Afghanistan & Pakistan",MEA,Population living in slums (% of urban population),EN.POP.SLUM.UR.ZS,2017,,,
"Middle East, North Africa, Afghanistan & Pakistan",MEA,Rural population (% of total population),SP.RUR.TOTL.ZS,2017,45.9072386,,
"Middle East, North Africa, Afghanistan & Pakistan",MEA,Urban population (% of total population),SP.URB.TOTL.IN.ZS,2017,54.0927614,,
"Middle East, North Africa, Afghanistan & Pakistan",MEA,Urban population growth (annual %),SP.URB.GROW,2017,2.016224603,,
"Middle East, North Africa, Afghanistan & Pakistan (excluding high income)",MNA,Population density (people per sq. km of land area),EN.POP.DNST,2017,65.29842883,,
"Middle East, North Africa, Afghanistan & Pakistan (excluding high income)",MNA,Population in urban agglomerations of more than 1 million (% of total population),EN.URB.MCTY.TL.ZS,2017,19.38664281,,
"Middle East, North Africa, Afghanistan & Pakistan (excluding high income)",MNA,Population living in slums (% of urban population),EN.POP.SLUM.UR.ZS,2017,,,
"Middle East, North Africa, Afghanistan & Pakistan (excluding high income)",MNA,Rural population (% of total population),SP.RUR.TOTL.ZS,2017,48.97871087,,
"Middle East, North Africa, Afghanistan & Pakistan (excluding high income)",MNA,Urban population (% of total population),SP.URB.TOTL.IN.ZS,2017,51.02128913,,
"Middle East, North Africa, Afghanistan & Pakistan (excluding high income)",MNA,Urban population growth (annual %),SP.URB.GROW,2017,2.058983155,,
"Middle East, North Africa, Afghanistan & Pakistan (IDA & IBRD)",TMN,Population density (people per sq. km of land area),EN.POP.DNST,2017,64.89435589,,
"Middle East, North Africa, Afghanistan & Pakistan (IDA & IBRD)",TMN,Population in urban agglomerations of more than 1 million (% of total population),EN.URB.MCTY.TL.ZS,2017,19.38664281,,
"Middle East, North Africa, Afghanistan & Pakistan (IDA & IBRD)",TMN,Population living in slums (% of urban population),EN.POP.SLUM.UR.ZS,2017,,,
"Middle East, North Africa, Afghanistan & Pakistan (IDA & IBRD)",TMN,Rural population (% of total population),SP.RUR.TOTL.ZS,2017,49.21334286,,
"Middle East, North Africa, Afghanistan & Pakistan (IDA & IBRD)",TMN,Urban population (% of total population),SP.URB.TOTL.IN.ZS,2017,50.78665714,,
"Middle East, North Africa, Afghanistan & Pakistan (IDA & IBRD)",TMN,Urban population growth (annual %),SP.URB.GROW,2017,2.059245786,,
Middle income,MIC,Population density (people per sq. km of land area),EN.POP.DNST,2017,88.76024882,,
Middle income,MIC,Population in urban agglomerations of more than 1 million (% of total population),EN.URB.MCTY.TL.ZS,2017,21.63991581,,
Middle income,MIC,Population living in slums (% of urban population),EN.POP.SLUM.UR.ZS,2017,,,
Middle income,MIC,Rural population (% of total population),SP.RUR.TOTL.ZS,2017,48.06795146,,
Middle income,MIC,Urban population (% of total population),SP.URB.TOTL.IN.ZS,2017,51.93204854,,
Middle income,MIC,Urban population growth (annual %),SP.URB.GROW,2017,2.29519028,,
North America,NAC,Population density (people per sq. km of land area),EN.POP.DNST,2017,20.05277859,,
North America,NAC,Population in urban agglomerations of more than 1 million (% of total population),EN.URB.MCTY.TL.ZS,2017,45.78845963,,
North America,NAC,Population living in slums (% of urban population),EN.POP.SLUM.UR.ZS,2017,,,
North America,NAC,Rural population (% of total population),SP.RUR.TOTL.ZS,2017,19.49408407,,
North America,NAC,Urban population (% of total population),SP.URB.TOTL.IN.ZS,2017,80.50591593,,
North America,NAC,Urban population growth (annual %),SP.URB.GROW,2017,0.649189668,,
Not classified,INX,Population in urban agglomerations of more than 1 million (% of total population),EN.URB.MCTY.TL.ZS,2017,,,
Not classified,INX,Population living in slums (% of urban population),EN.POP.SLUM.UR.ZS,2017,,,
OECD members,OED,Population density (people per sq. km of land area),EN.POP.DNST,2017,37.97639219,,
OECD members,OED,Population in urban agglomerations of more than 1 million (% of total population),EN.URB.MCTY.TL.ZS,2017,37.16990488,,
OECD members,OED,Population living in slums (% of urban population),EN.POP.SLUM.UR.ZS,2017,,,
OECD members,OED,Rural population (% of total population),SP.RUR.TOTL.ZS,2017,19.54746645,,
OECD members,OED,Urban population (% of total population),SP.URB.TOTL.IN.ZS,2017,80.45253355,,
OECD members,OED,Urban population growth (annual %),SP.URB.GROW,2017,0.676951076,,
Other small states,OSS,Population density (people per sq. km of land area),EN.POP.DNST,2017,43.70226579,,
Other small states,OSS,Population in urban agglomerations of more than 1 million (% of total population),EN.URB.MCTY.TL.ZS,2017,,,
Other small states,OSS,Population living in slums (% of urban population),EN.POP.SLUM.UR.ZS,2017,,,
Other small states,OSS,Rural population (% of total population),SP.RUR.TOTL.ZS,2017,46.55587456,,
Other small states,OSS,Urban population (% of total population),SP.URB.TOTL.IN.ZS,2017,53.44412544,,
Other small states,OSS,Urban population growth (annual %),SP.URB.GROW,2017,1.505625293,,
Pacific island small states,PSS,Population density (people per sq. km of land area),EN.POP.DNST,2017,39.1270304,,
Pacific island small states,PSS,Population in urban agglomerations of more than 1 million (% of total population),EN.URB.MCTY.TL.ZS,2017,,,
Pacific island small states,PSS,Population living in slums (% of urban population),EN.POP.SLUM.UR.ZS,2017,,,
Pacific island small states,PSS,Rural population (% of total population),SP.RUR.TOTL.ZS,2017,61.19564868,,
Pacific island small states,PSS,Urban population (% of total population),SP.URB.TOTL.IN.ZS,2017,38.80435132,,
Pacific island small states,PSS,Urban population growth (annual %),SP.URB.GROW,2017,2.051206627,,
Post-demographic dividend,PST,Population density (people per sq. km of land area),EN.POP.DNST,2017,35.33032165,,
Post-demographic dividend,PST,Population in urban agglomerations of more than 1 million (% of total population),EN.URB.MCTY.TL.ZS,2017,36.76240059,,
Post-demographic dividend,PST,Population living in slums (% of urban population),EN.POP.SLUM.UR.ZS,2017,,,
Post-demographic dividend,PST,Rural population (% of total population),SP.RUR.TOTL.ZS,2017,19.42697479,,
Post-demographic dividend,PST,Urban population (% of total population),SP.URB.TOTL.IN.ZS,2017,80.57302521,,
Post-demographic dividend,PST,Urban population growth (annual %),SP.URB.GROW,2017,0.455088817,,
Pre-demographic dividend,PRE,Population density (people per sq. km of land area),EN.POP.DNST,2017,45.27959821,,
Pre-demographic dividend,PRE,Population in urban agglomerations of more than 1 million (% of total population),EN.URB.MCTY.TL.ZS,2017,15.48851685,,
Pre-demographic dividend,PRE,Population living in slums (% of urban population),EN.POP.SLUM.UR.ZS,2017,,,
Pre-demographic dividend,PRE,Rural population (% of total population),SP.RUR.TOTL.ZS,2017,57.85182632,,
Pre-demographic dividend,PRE,Urban population (% of total population),SP.URB.TOTL.IN.ZS,2017,42.14817368,,
Pre-demographic dividend,PRE,Urban population growth (annual %),SP.URB.GROW,2017,3.926499008,,
Small states,SST,Population density (people per sq. km of land area),EN.POP.DNST,2017,25.59702041,,
Small states,SST,Population in urban agglomerations of more than 1 million (% of total population),EN.URB.MCTY.TL.ZS,2017,,,
Small states,SST,Population living in slums (% of urban population),EN.POP.SLUM.UR.ZS,2017,,,
Small states,SST,Rural population (% of total population),SP.RUR.TOTL.ZS,2017,49.25948004,,
Small states,SST,Urban population (% of total population),SP.URB.TOTL.IN.ZS,2017,50.74051996,,
Small states,SST,Urban population growth (annual %),SP.URB.GROW,2017,1.348297596,,
South Asia,SAS,Population density (people per sq. km of land area),EN.POP.DNST,2017,469.8232284,,
South Asia,SAS,Population in urban agglomerations of more than 1 million (% of total population),EN.URB.MCTY.TL.ZS,2017,14.71732612,,
South Asia,SAS,Population living in slums (% of urban population),EN.POP.SLUM.UR.ZS,2017,,,
South Asia,SAS,Rural population (% of total population),SP.RUR.TOTL.ZS,2017,66.73561238,,
South Asia,SAS,Urban population (% of total population),SP.URB.TOTL.IN.ZS,2017,33.26438762,,
South Asia,SAS,Urban population growth (annual %),SP.URB.GROW,2017,2.053081057,,
South Asia (IDA & IBRD),TSA,Population density (people per sq. km of land area),EN.POP.DNST,2017,469.8232284,,
South Asia (IDA & IBRD),TSA,Population in urban agglomerations of more than 1 million (% of total population),EN.URB.MCTY.TL.ZS,2017,14.71732612,,
South Asia (IDA & IBRD),TSA,Population living in slums (% of urban population),EN.POP.SLUM.UR.ZS,2017,,,
South Asia (IDA & IBRD),TSA,Rural population (% of total population),SP.RUR.TOTL.ZS,2017,66.73561238,,
South Asia (IDA & IBRD),TSA,Urban population (% of total population),SP.URB.TOTL.IN.ZS,2017,33.26438762,,
South Asia (IDA & IBRD),TSA,Urban population growth (annual %),SP.URB.GROW,2017,2.053081057,,
Sub-Saharan Africa,SSF,Population density (people per sq. km of land area),EN.POP.DNST,2017,45.20317134,,
Sub-Saharan Africa,SSF,Population in urban agglomerations of more than 1 million (% of total population),EN.URB.MCTY.TL.ZS,2017,15.0449395,,
Sub-Saharan Africa,SSF,Population living in slums (% of urban population),EN.POP.SLUM.UR.ZS,2017,,,
Sub-Saharan Africa,SSF,Rural population (% of total population),SP.RUR.TOTL.ZS,2017,59.22515538,,
Sub-Saharan Africa,SSF,Urban population (% of total population),SP.URB.TOTL.IN.ZS,2017,40.77484462,,
Sub-Saharan Africa,SSF,Urban population growth (annual %),SP.URB.GROW,2017,3.79293127,,
Sub-Saharan Africa (excluding high income),SSA,Population density (people per sq. km of land area),EN.POP.DNST,2017,45.2000307,,
Sub-Saharan Africa (excluding high income),SSA,Population in urban agglomerations of more than 1 million (% of total population),EN.URB.MCTY.TL.ZS,2017,15.0449395,,
Sub-Saharan Africa (excluding high income),SSA,Population living in slums (% of urban population),EN.POP.SLUM.UR.ZS,2017,,,
Sub-Saharan Africa (excluding high income),SSA,Rural population (% of total population),SP.RUR.TOTL.ZS,2017,59.22539692,,
Sub-Saharan Africa (excluding high income),SSA,Urban population (% of total population),SP.URB.TOTL.IN.ZS,2017,40.77460308,,
Sub-Saharan Africa (excluding high income),SSA,Urban population growth (annual %),SP.URB.GROW,2017,3.793129521,,
Sub-Saharan Africa (IDA & IBRD countries),TSS,Population density (people per sq. km of land area),EN.POP.DNST,2017,45.20317134,,
Sub-Saharan Africa (IDA & IBRD countries),TSS,Population in urban agglomerations of more than 1 million (% of total population),EN.URB.MCTY.TL.ZS,2017,15.0449395,,
Sub-Saharan Africa (IDA & IBRD countries),TSS,Population living in slums (% of urban population),EN.POP.SLUM.UR.ZS,2017,,,
Sub-Saharan Africa (IDA & IBRD countries),TSS,Rural population (% of total population),SP.RUR.TOTL.ZS,2017,59.22515538,,
Sub-Saharan Africa (IDA & IBRD countries),TSS,Urban population (% of total population),SP.URB.TOTL.IN.ZS,2017,40.77484462,,
Sub-Saharan Africa (IDA & IBRD countries),TSS,Urban population growth (annual %),SP.URB.GROW,2017,3.79293127,,
Upper middle income,UMC,Population density (people per sq. km of land area),EN.POP.DNST,2017,66.7966277,,
Upper middle income,UMC,Population in urban agglomerations of more than 1 million (% of total population),EN.URB.MCTY.TL.ZS,2017,26.54006342,,
Upper middle income,UMC,Population living in slums (% of urban population),EN.POP.SLUM.UR.ZS,2017,,,
Upper middle income,UMC,Rural population (% of total population),SP.RUR.TOTL.ZS,2017,36.4427924,,
Upper middle income,UMC,Urban population (% of total population),SP.URB.TOTL.IN.ZS,2017,63.5572076,,
Upper middle income,UMC,Urban population growth (annual %),SP.URB.GROW,2017,2.239195969,,
World,WLD,Population density (people per sq. km of land area),EN.POP.DNST,2017,58.59285425,,
World,WLD,Population in urban agglomerations of more than 1 million (% of total population),EN.URB.MCTY.TL.ZS,2017,23.4420502,,
World,WLD,Population living in slums (% of urban population),EN.POP.SLUM.UR.ZS,2017,,,
World,WLD,Rural population (% of total population),SP.RUR.TOTL.ZS,2017,44.68016608,,
World,WLD,Urban population (% of total population),SP.URB.TOTL.IN.ZS,2017,55.31983392,,
World,WLD,Urban population growth (annual %),SP.URB.GROW,2017,1.901263999,,
Africa Eastern and Southern,AFE,Population density (people per sq. km of land area),EN.POP.DNST,2018,44.28759739,,
Africa Eastern and Southern,AFE,Population in urban agglomerations of more than 1 million (% of total population),EN.URB.MCTY.TL.ZS,2018,14.14811813,,
Africa Eastern and Southern,AFE,Population living in slums (% of urban population),EN.POP.SLUM.UR.ZS,2018,54.83616524,,
Africa Eastern and Southern,AFE,Rural population (% of total population),SP.RUR.TOTL.ZS,2018,64.28528154,,
Africa Eastern and Southern,AFE,Urban population (% of total population),SP.URB.TOTL.IN.ZS,2018,35.71471846,,
Africa Eastern and Southern,AFE,Urban population growth (annual %),SP.URB.GROW,2018,3.950461148,,
Africa Western and Central,AFW,Population density (people per sq. km of land area),EN.POP.DNST,2018,49.9012073,,
Africa Western and Central,AFW,Population in urban agglomerations of more than 1 million (% of total population),EN.URB.MCTY.TL.ZS,2018,16.69870634,,
Africa Western and Central,AFW,Population living in slums (% of urban population),EN.POP.SLUM.UR.ZS,2018,49.43979492,,
Africa Western and Central,AFW,Rural population (% of total population),SP.RUR.TOTL.ZS,2018,50.66732375,,
Africa Western and Central,AFW,Urban population (% of total population),SP.URB.TOTL.IN.ZS,2018,49.33267625,,
Africa Western and Central,AFW,Urban population growth (annual %),SP.URB.GROW,2018,3.688329277,,
Arab World,ARB,Population density (people per sq. km of land area),EN.POP.DNST,2018,33.28095326,,
Arab World,ARB,Population in urban agglomerations of more than 1 million (% of total population),EN.URB.MCTY.TL.ZS,2018,22.64059096,,
Arab World,ARB,Population living in slums (% of urban population),EN.POP.SLUM.UR.ZS,2018,22.69484848,,
Arab World,ARB,Rural population (% of total population),SP.RUR.TOTL.ZS,2018,41.21529747,,
Arab World,ARB,Urban population (% of total population),SP.URB.TOTL.IN.ZS,2018,58.78470253,,
Arab World,ARB,Urban population growth (annual %),SP.URB.GROW,2018,1.954428846,,
Caribbean small states,CSS,Population density (people per sq. km of land area),EN.POP.DNST,2018,11.05985605,,
Caribbean small states,CSS,Population in urban agglomerations of more than 1 million (% of total population),EN.URB.MCTY.TL.ZS,2018,,,
Caribbean small states,CSS,Population living in slums (% of urban population),EN.POP.SLUM.UR.ZS,2018,,,
Caribbean small states,CSS,Rural population (% of total population),SP.RUR.TOTL.ZS,2018,49.90451828,,
Caribbean small states,CSS,Urban population (% of total population),SP.URB.TOTL.IN.ZS,2018,50.09548172,,
Caribbean small states,CSS,Urban population growth (annual %),SP.URB.GROW,2018,0.781245981,,
Central Europe and the Baltics,CEB,Population density (people per sq. km of land area),EN.POP.DNST,2018,92.36920843,,
Central Europe and the Baltics,CEB,Population in urban agglomerations of more than 1 million (% of total population),EN.URB.MCTY.TL.ZS,2018,,,
Central Europe and the Baltics,CEB,Population living in slums (% of urban population),EN.POP.SLUM.UR.ZS,2018,2.189150062,,
Central Europe and the Baltics,CEB,Rural population (% of total population),SP.RUR.TOTL.ZS,2018,38.18889566,,
Central Europe and the Baltics,CEB,Urban population (% of total population),SP.URB.TOTL.IN.ZS,2018,61.81110434,,
Central Europe and the Baltics,CEB,Urban population growth (annual %),SP.URB.GROW,2018,-0.355399791,,
Early-demographic dividend,EAR,Population density (people per sq. km of land area),EN.POP.DNST,2018,99.48176197,,
Early-demographic dividend,EAR,Population in urban agglomerations of more than 1 million (% of total population),EN.URB.MCTY.TL.ZS,2018,18.4278684,,
Early-demographic dividend,EAR,Population living in slums (% of urban population),EN.POP.SLUM.UR.ZS,2018,22.01805224,,
Early-demographic dividend,EAR,Rural population (% of total population),SP.RUR.TOTL.ZS,2018,54.56502271,,
Early-demographic dividend,EAR,Urban population (% of total population),SP.URB.TOTL.IN.ZS,2018,45.43497729,,
Early-demographic dividend,EAR,Urban population growth (annual %),SP.URB.GROW,2018,1.904620829,,
East Asia & Pacific,EAS,Population density (people per sq. km of land area),EN.POP.DNST,2018,95.94040154,,
East Asia & Pacific,EAS,Population in urban agglomerations of more than 1 million (% of total population),EN.URB.MCTY.TL.ZS,2018,,,
East Asia & Pacific,EAS,Population living in slums (% of urban population),EN.POP.SLUM.UR.ZS,2018,,,
East Asia & Pacific,EAS,Rural population (% of total population),SP.RUR.TOTL.ZS,2018,39.14847402,,
East Asia & Pacific,EAS,Urban population (% of total population),SP.URB.TOTL.IN.ZS,2018,60.85152598,,
East Asia & Pacific,EAS,Urban population growth (annual %),SP.URB.GROW,2018,2.339387242,,
East Asia & Pacific (excluding high income),EAP,Population density (people per sq. km of land area),EN.POP.DNST,2018,131.4098683,,
East Asia & Pacific (excluding high income),EAP,Population in urban agglomerations of more than 1 million (% of total population),EN.URB.MCTY.TL.ZS,2018,,,
East Asia & Pacific (excluding high income),EAP,Population living in slums (% of urban population),EN.POP.SLUM.UR.ZS,2018,,,
East Asia & Pacific (excluding high income),EAP,Rural population (% of total population),SP.RUR.TOTL.ZS,2018,42.34972946,,
East Asia & Pacific (excluding high income),EAP,Urban population (% of total population),SP.URB.TOTL.IN.ZS,2018,57.65027054,,
East Asia & Pacific (excluding high income),EAP,Urban population growth (annual %),SP.URB.GROW,2018,2.719390657,,
East Asia & Pacific (IDA & IBRD countries),TEA,Population density (people per sq. km of land area),EN.POP.DNST,2018,130.7706449,,
East Asia & Pacific (IDA & IBRD countries),TEA,Population in urban agglomerations of more than 1 million (% of total population),EN.URB.MCTY.TL.ZS,2018,,,
East Asia & Pacific (IDA & IBRD countries),TEA,Population living in slums (% of urban population),EN.POP.SLUM.UR.ZS,2018,,,
East Asia & Pacific (IDA & IBRD countries),TEA,Rural population (% of total population),SP.RUR.TOTL.ZS,2018,42.40470327,,
East Asia & Pacific (IDA & IBRD countries),TEA,Urban population (% of total population),SP.URB.TOTL.IN.ZS,2018,57.59529673,,
East Asia & Pacific (IDA & IBRD countries),TEA,Urban population growth (annual %),SP.URB.GROW,2018,2.744609296,,
Euro area,EMU,Population density (people per sq. km of land area),EN.POP.DNST,2018,124.2198877,,
Euro area,EMU,Population in urban agglomerations of more than 1 million (% of total population),EN.URB.MCTY.TL.ZS,2018,19.4878594,,
Euro area,EMU,Population living in slums (% of urban population),EN.POP.SLUM.UR.ZS,2018,0.141614793,,
Euro area,EMU,Rural population (% of total population),SP.RUR.TOTL.ZS,2018,23.41766287,,
Euro area,EMU,Urban population (% of total population),SP.URB.TOTL.IN.ZS,2018,76.58233713,,
Euro area,EMU,Urban population growth (annual %),SP.URB.GROW,2018,0.416090213,,
Europe & Central Asia,ECS,Population density (people per sq. km of land area),EN.POP.DNST,2018,33.47429179,,
Europe & Central Asia,ECS,Population in urban agglomerations of more than 1 million (% of total population),EN.URB.MCTY.TL.ZS,2018,20.51650154,,
Europe & Central Asia,ECS,Population living in slums (% of urban population),EN.POP.SLUM.UR.ZS,2018,2.872227696,,
Europe & Central Asia,ECS,Rural population (% of total population),SP.RUR.TOTL.ZS,2018,26.81856099,,
Europe & Central Asia,ECS,Urban population (% of total population),SP.URB.TOTL.IN.ZS,2018,73.18143901,,
Europe & Central Asia,ECS,Urban population growth (annual %),SP.URB.GROW,2018,0.55965745,,
Europe & Central Asia (excluding high income),ECA,Population density (people per sq. km of land area),EN.POP.DNST,2018,41.68474945,,
Europe & Central Asia (excluding high income),ECA,Population in urban agglomerations of more than 1 million (% of total population),EN.URB.MCTY.TL.ZS,2018,23.19732979,,
Europe & Central Asia (excluding high income),ECA,Population living in slums (% of urban population),EN.POP.SLUM.UR.ZS,2018,8.323195642,,
Europe & Central Asia (excluding high income),ECA,Rural population (% of total population),SP.RUR.TOTL.ZS,2018,32.55350071,,
Europe & Central Asia (excluding high income),ECA,Urban population (% of total population),SP.URB.TOTL.IN.ZS,2018,67.44649929,,
Europe & Central Asia (excluding high income),ECA,Urban population growth (annual %),SP.URB.GROW,2018,1.08363412,,
Europe & Central Asia (IDA & IBRD countries),TEC,Population density (people per sq. km of land area),EN.POP.DNST,2018,20.00752879,,
Europe & Central Asia (IDA & IBRD countries),TEC,Population in urban agglomerations of more than 1 million (% of total population),EN.URB.MCTY.TL.ZS,2018,20.76144344,,
Europe & Central Asia (IDA & IBRD countries),TEC,Population living in slums (% of urban population),EN.POP.SLUM.UR.ZS,2018,5.611157897,,
Europe & Central Asia (IDA & IBRD countries),TEC,Rural population (% of total population),SP.RUR.TOTL.ZS,2018,31.53436759,,
Europe & Central Asia (IDA & IBRD countries),TEC,Urban population (% of total population),SP.URB.TOTL.IN.ZS,2018,68.46563241,,
Europe & Central Asia (IDA & IBRD countries),TEC,Urban population growth (annual %),SP.URB.GROW,2018,0.565802068,,
European Union,EUU,Population density (people per sq. km of land area),EN.POP.DNST,2018,111.8456041,,
European Union,EUU,Population in urban agglomerations of more than 1 million (% of total population),EN.URB.MCTY.TL.ZS,2018,17.43990196,,
European Union,EUU,Population living in slums (% of urban population),EN.POP.SLUM.UR.ZS,2018,0.5487205,,
European Union,EUU,Rural population (% of total population),SP.RUR.TOTL.ZS,2018,25.67190042,,
European Union,EUU,Urban population (% of total population),SP.URB.TOTL.IN.ZS,2018,74.32809958,,
European Union,EUU,Urban population growth (annual %),SP.URB.GROW,2018,0.345920843,,
Heavily indebted poor countries (HIPC),HPC,Population density (people per sq. km of land area),EN.POP.DNST,2018,41.31107809,,
Heavily indebted poor countries (HIPC),HPC,Population in urban agglomerations of more than 1 million (% of total population),EN.URB.MCTY.TL.ZS,2018,13.78754911,,
Heavily indebted poor countries (HIPC),HPC,Population living in slums (% of urban population),EN.POP.SLUM.UR.ZS,2018,55.71017048,,
Heavily indebted poor countries (HIPC),HPC,Rural population (% of total population),SP.RUR.TOTL.ZS,2018,64.80970171,,
Heavily indebted poor countries (HIPC),HPC,Urban population (% of total population),SP.URB.TOTL.IN.ZS,2018,35.19029829,,
Heavily indebted poor countries (HIPC),HPC,Urban population growth (annual %),SP.URB.GROW,2018,4.133942774,,
High income,HIC,Population density (people per sq. km of land area),EN.POP.DNST,2018,26.64600823,,
High income,HIC,Population in urban agglomerations of more than 1 million (% of total population),EN.URB.MCTY.TL.ZS,2018,,,
High income,HIC,Population living in slums (% of urban population),EN.POP.SLUM.UR.ZS,2018,1.057736038,,
High income,HIC,Rural population (% of total population),SP.RUR.TOTL.ZS,2018,20.37349155,,
High income,HIC,Urban population (% of total population),SP.URB.TOTL.IN.ZS,2018,79.62650845,,
High income,HIC,Urban population growth (annual %),SP.URB.GROW,2018,0.404082266,,
IBRD only,IBD,Population density (people per sq. km of land area),EN.POP.DNST,2018,67.92175988,,
IBRD only,IBD,Population in urban agglomerations of more than 1 million (% of total population),EN.URB.MCTY.TL.ZS,2018,23.18688704,,
IBRD only,IBD,Population living in slums (% of urban population),EN.POP.SLUM.UR.ZS,2018,,,
IBRD only,IBD,Rural population (% of total population),SP.RUR.TOTL.ZS,2018,44.14016074,,
IBRD only,IBD,Urban population (% of total population),SP.URB.TOTL.IN.ZS,2018,55.85983926,,
IBRD only,IBD,Urban population growth (annual %),SP.URB.GROW,2018,2.008979636,,
IDA & IBRD total,IBT,Population density (people per sq. km of land area),EN.POP.DNST,2018,67.83903732,,
IDA & IBRD total,IBT,Population in urban agglomerations of more than 1 million (% of total population),EN.URB.MCTY.TL.ZS,2018,20.94994911,,
IDA & IBRD total,IBT,Population living in slums (% of urban population),EN.POP.SLUM.UR.ZS,2018,25.82150248,,
IDA & IBRD total,IBT,Rural population (% of total population),SP.RUR.TOTL.ZS,2018,48.81678077,,
IDA & IBRD total,IBT,Urban population (% of total population),SP.URB.TOTL.IN.ZS,2018,51.18321923,,
IDA & IBRD total,IBT,Urban population growth (annual %),SP.URB.GROW,2018,2.261359344,,
IDA blend,IDB,Population density (people per sq. km of land area),EN.POP.DNST,2018,122.5746928,,
IDA blend,IDB,Population in urban agglomerations of more than 1 million (% of total population),EN.URB.MCTY.TL.ZS,2018,,,
IDA blend,IDB,Population living in slums (% of urban population),EN.POP.SLUM.UR.ZS,2018,48.83059648,,
IDA blend,IDB,Rural population (% of total population),SP.RUR.TOTL.ZS,2018,54.42329347,,
IDA blend,IDB,Urban population (% of total population),SP.URB.TOTL.IN.ZS,2018,45.57670653,,
IDA blend,IDB,Urban population growth (annual %),SP.URB.GROW,2018,3.020890896,,
IDA only,IDX,Population density (people per sq. km of land area),EN.POP.DNST,2018,54.3664032,,
IDA only,IDX,Population in urban agglomerations of more than 1 million (% of total population),EN.URB.MCTY.TL.ZS,2018,12.65478666,,
IDA only,IDX,Population living in slums (% of urban population),EN.POP.SLUM.UR.ZS,2018,53.22378483,,
IDA only,IDX,Rural population (% of total population),SP.RUR.TOTL.ZS,2018,66.05503922,,
IDA only,IDX,Urban population (% of total population),SP.URB.TOTL.IN.ZS,2018,33.94496078,,
IDA only,IDX,Urban population growth (annual %),SP.URB.GROW,2018,3.521056248,,
IDA total,IDA,Population density (people per sq. km of land area),EN.POP.DNST,2018,67.60760879,,
IDA total,IDA,Population in urban agglomerations of more than 1 million (% of total population),EN.URB.MCTY.TL.ZS,2018,14.25788784,,
IDA total,IDA,Population living in slums (% of urban population),EN.POP.SLUM.UR.ZS,2018,51.36243139,,
IDA total,IDA,Rural population (% of total population),SP.RUR.TOTL.ZS,2018,61.96110832,,
IDA total,IDA,Urban population (% of total population),SP.URB.TOTL.IN.ZS,2018,38.03889168,,
IDA total,IDA,Urban population growth (annual %),SP.URB.GROW,2018,3.309827957,,
Late-demographic dividend,LTE,Population density (people per sq. km of land area),EN.POP.DNST,2018,51.62203273,,
Late-demographic dividend,LTE,Population in urban agglomerations of more than 1 million (% of total population),EN.URB.MCTY.TL.ZS,2018,27.77523693,,
Late-demographic dividend,LTE,Population living in slums (% of urban population),EN.POP.SLUM.UR.ZS,2018,,,
Late-demographic dividend,LTE,Rural population (% of total population),SP.RUR.TOTL.ZS,2018,36.24205851,,
Late-demographic dividend,LTE,Urban population (% of total population),SP.URB.TOTL.IN.ZS,2018,63.75794149,,
Late-demographic dividend,LTE,Urban population growth (annual %),SP.URB.GROW,2018,2.156958541,,
Latin America & Caribbean,LCN,Population density (people per sq. km of land area),EN.POP.DNST,2018,31.72190363,,
Latin America & Caribbean,LCN,Population in urban agglomerations of more than 1 million (% of total population),EN.URB.MCTY.TL.ZS,2018,38.35608908,,
Latin America & Caribbean,LCN,Population living in slums (% of urban population),EN.POP.SLUM.UR.ZS,2018,,,
Latin America & Caribbean,LCN,Rural population (% of total population),SP.RUR.TOTL.ZS,2018,19.98094885,,
Latin America & Caribbean,LCN,Urban population (% of total population),SP.URB.TOTL.IN.ZS,2018,80.01905115,,
Latin America & Caribbean,LCN,Urban population growth (annual %),SP.URB.GROW,2018,1.085500215,,
Latin America & Caribbean (excluding high income),LAC,Population density (people per sq. km of land area),EN.POP.DNST,2018,31.82471166,,
Latin America & Caribbean (excluding high income),LAC,Population in urban agglomerations of more than 1 million (% of total population),EN.URB.MCTY.TL.ZS,2018,38.23779232,,
Latin America & Caribbean (excluding high income),LAC,Population living in slums (% of urban population),EN.POP.SLUM.UR.ZS,2018,,,
Latin America & Caribbean (excluding high income),LAC,Rural population (% of total population),SP.RUR.TOTL.ZS,2018,20.1222147,,
Latin America & Caribbean (excluding high income),LAC,Urban population (% of total population),SP.URB.TOTL.IN.ZS,2018,79.8777853,,
Latin America & Caribbean (excluding high income),LAC,Urban population growth (annual %),SP.URB.GROW,2018,1.085523957,,
Latin America & the Caribbean (IDA & IBRD countries),TLA,Population density (people per sq. km of land area),EN.POP.DNST,2018,31.14270779,,
Latin America & the Caribbean (IDA & IBRD countries),TLA,Population in urban agglomerations of more than 1 million (% of total population),EN.URB.MCTY.TL.ZS,2018,38.51546234,,
Latin America & the Caribbean (IDA & IBRD countries),TLA,Population living in slums (% of urban population),EN.POP.SLUM.UR.ZS,2018,,,
Latin America & the Caribbean (IDA & IBRD countries),TLA,Rural population (% of total population),SP.RUR.TOTL.ZS,2018,20.00771781,,
Latin America & the Caribbean (IDA & IBRD countries),TLA,Urban population (% of total population),SP.URB.TOTL.IN.ZS,2018,79.99228219,,
Latin America & the Caribbean (IDA & IBRD countries),TLA,Urban population growth (annual %),SP.URB.GROW,2018,1.13693959,,
Least developed countries: UN classification,LDC,Population density (people per sq. km of land area),EN.POP.DNST,2018,50.70510206,,
Least developed countries: UN classification,LDC,Population in urban agglomerations of more than 1 million (% of total population),EN.URB.MCTY.TL.ZS,2018,12.54478736,,
Least developed countries: UN classification,LDC,Population living in slums (% of urban population),EN.POP.SLUM.UR.ZS,2018,57.15222948,,
Least developed countries: UN classification,LDC,Rural population (% of total population),SP.RUR.TOTL.ZS,2018,66.49009039,,
Least developed countries: UN classification,LDC,Urban population (% of total population),SP.URB.TOTL.IN.ZS,2018,33.50990961,,
Least developed countries: UN classification,LDC,Urban population growth (annual %),SP.URB.GROW,2018,3.78793072,,
Low & middle income,LMY,Population density (people per sq. km of land area),EN.POP.DNST,2018,80.93999091,,
Low & middle income,LMY,Population in urban agglomerations of more than 1 million (% of total population),EN.URB.MCTY.TL.ZS,2018,20.91661843,,
Low & middle income,LMY,Population living in slums (% of urban population),EN.POP.SLUM.UR.ZS,2018,27.54370256,,
Low & middle income,LMY,Rural population (% of total population),SP.RUR.TOTL.ZS,2018,49.48644162,,
Low & middle income,LMY,Urban population (% of total population),SP.URB.TOTL.IN.ZS,2018,50.51355838,,
Low & middle income,LMY,Urban population growth (annual %),SP.URB.GROW,2018,2.360936641,,
Low income,LIC,Population density (people per sq. km of land area),EN.POP.DNST,2018,43.15091173,,
Low income,LIC,Population in urban agglomerations of more than 1 million (% of total population),EN.URB.MCTY.TL.ZS,2018,11.41027291,,
Low income,LIC,Population living in slums (% of urban population),EN.POP.SLUM.UR.ZS,2018,61.14619072,,
Low income,LIC,Rural population (% of total population),SP.RUR.TOTL.ZS,2018,67.6962839,,
Low income,LIC,Urban population (% of total population),SP.URB.TOTL.IN.ZS,2018,32.3037161,,
Low income,LIC,Urban population growth (annual %),SP.URB.GROW,2018,4.035667661,,
Lower middle income,LMC,Population density (people per sq. km of land area),EN.POP.DNST,2018,142.3868686,,
Lower middle income,LMC,Population in urban agglomerations of more than 1 million (% of total population),EN.URB.MCTY.TL.ZS,2018,16.37421632,,
Lower middle income,LMC,Population living in slums (% of urban population),EN.POP.SLUM.UR.ZS,2018,25.25124561,,
Lower middle income,LMC,Rural population (% of total population),SP.RUR.TOTL.ZS,2018,60.71618,,
Lower middle income,LMC,Urban population (% of total population),SP.URB.TOTL.IN.ZS,2018,39.28382,,
Lower middle income,LMC,Urban population growth (annual %),SP.URB.GROW,2018,2.314331619,,
"Middle East, North Africa, Afghanistan & Pakistan",MEA,Population density (people per sq. km of land area),EN.POP.DNST,2018,57.78092968,,
"Middle East, North Africa, Afghanistan & Pakistan",MEA,Population in urban agglomerations of more than 1 million (% of total population),EN.URB.MCTY.TL.ZS,2018,22.29065046,,
"Middle East, North Africa, Afghanistan & Pakistan",MEA,Population living in slums (% of urban population),EN.POP.SLUM.UR.ZS,2018,34.16026275,,
"Middle East, North Africa, Afghanistan & Pakistan",MEA,Rural population (% of total population),SP.RUR.TOTL.ZS,2018,45.75553467,,
"Middle East, North Africa, Afghanistan & Pakistan",MEA,Urban population (% of total population),SP.URB.TOTL.IN.ZS,2018,54.24446533,,
"Middle East, North Africa, Afghanistan & Pakistan",MEA,Urban population growth (annual %),SP.URB.GROW,2018,1.863612804,,
"Middle East, North Africa, Afghanistan & Pakistan (excluding high income)",MNA,Population density (people per sq. km of land area),EN.POP.DNST,2018,66.45968245,,
"Middle East, North Africa, Afghanistan & Pakistan (excluding high income)",MNA,Population in urban agglomerations of more than 1 million (% of total population),EN.URB.MCTY.TL.ZS,2018,19.49827985,,
"Middle East, North Africa, Afghanistan & Pakistan (excluding high income)",MNA,Population living in slums (% of urban population),EN.POP.SLUM.UR.ZS,2018,36.25002175,,
"Middle East, North Africa, Afghanistan & Pakistan (excluding high income)",MNA,Rural population (% of total population),SP.RUR.TOTL.ZS,2018,48.77216737,,
"Middle East, North Africa, Afghanistan & Pakistan (excluding high income)",MNA,Urban population (% of total population),SP.URB.TOTL.IN.ZS,2018,51.22783263,,
"Middle East, North Africa, Afghanistan & Pakistan (excluding high income)",MNA,Urban population growth (annual %),SP.URB.GROW,2018,2.166752201,,
"Middle East, North Africa, Afghanistan & Pakistan (IDA & IBRD)",TMN,Population density (people per sq. km of land area),EN.POP.DNST,2018,66.0449358,,
"Middle East, North Africa, Afghanistan & Pakistan (IDA & IBRD)",TMN,Population in urban agglomerations of more than 1 million (% of total population),EN.URB.MCTY.TL.ZS,2018,19.49827985,,
"Middle East, North Africa, Afghanistan & Pakistan (IDA & IBRD)",TMN,Population living in slums (% of urban population),EN.POP.SLUM.UR.ZS,2018,36.44900574,,
"Middle East, North Africa, Afghanistan & Pakistan (IDA & IBRD)",TMN,Rural population (% of total population),SP.RUR.TOTL.ZS,2018,49.00828435,,
"Middle East, North Africa, Afghanistan & Pakistan (IDA & IBRD)",TMN,Urban population (% of total population),SP.URB.TOTL.IN.ZS,2018,50.99171565,,
"Middle East, North Africa, Afghanistan & Pakistan (IDA & IBRD)",TMN,Urban population growth (annual %),SP.URB.GROW,2018,2.160421744,,
Middle income,MIC,Population density (people per sq. km of land area),EN.POP.DNST,2018,89.71239518,,
Middle income,MIC,Population in urban agglomerations of more than 1 million (% of total population),EN.URB.MCTY.TL.ZS,2018,21.94141102,,
Middle income,MIC,Population living in slums (% of urban population),EN.POP.SLUM.UR.ZS,2018,24.03338374,,
Middle income,MIC,Rural population (% of total population),SP.RUR.TOTL.ZS,2018,47.45316702,,
Middle income,MIC,Urban population (% of total population),SP.URB.TOTL.IN.ZS,2018,52.54683298,,
Middle income,MIC,Urban population growth (annual %),SP.URB.GROW,2018,2.247000405,,
North America,NAC,Population density (people per sq. km of land area),EN.POP.DNST,2018,20.18797195,,
North America,NAC,Population in urban agglomerations of more than 1 million (% of total population),EN.URB.MCTY.TL.ZS,2018,46.05085784,,
North America,NAC,Population living in slums (% of urban population),EN.POP.SLUM.UR.ZS,2018,0.216820766,,
North America,NAC,Rural population (% of total population),SP.RUR.TOTL.ZS,2018,19.58738633,,
North America,NAC,Urban population (% of total population),SP.URB.TOTL.IN.ZS,2018,80.41261367,,
North America,NAC,Urban population growth (annual %),SP.URB.GROW,2018,0.555963127,,
Not classified,INX,Population in urban agglomerations of more than 1 million (% of total population),EN.URB.MCTY.TL.ZS,2018,,,
Not classified,INX,Population living in slums (% of urban population),EN.POP.SLUM.UR.ZS,2018,,,
OECD members,OED,Population density (people per sq. km of land area),EN.POP.DNST,2018,38.20295958,,
OECD members,OED,Population in urban agglomerations of more than 1 million (% of total population),EN.URB.MCTY.TL.ZS,2018,37.33635153,,
OECD members,OED,Population living in slums (% of urban population),EN.POP.SLUM.UR.ZS,2018,4.029053467,,
OECD members,OED,Rural population (% of total population),SP.RUR.TOTL.ZS,2018,19.46022466,,
OECD members,OED,Urban population (% of total population),SP.URB.TOTL.IN.ZS,2018,80.53977534,,
OECD members,OED,Urban population growth (annual %),SP.URB.GROW,2018,0.705372556,,
Other small states,OSS,Population density (people per sq. km of land area),EN.POP.DNST,2018,44.1414058,,
Other small states,OSS,Population in urban agglomerations of more than 1 million (% of total population),EN.URB.MCTY.TL.ZS,2018,,,
Other small states,OSS,Population living in slums (% of urban population),EN.POP.SLUM.UR.ZS,2018,24.79193874,,
Other small states,OSS,Rural population (% of total population),SP.RUR.TOTL.ZS,2018,46.34808593,,
Other small states,OSS,Urban population (% of total population),SP.URB.TOTL.IN.ZS,2018,53.65191407,,
Other small states,OSS,Urban population growth (annual %),SP.URB.GROW,2018,1.597567544,,
Pacific island small states,PSS,Population density (people per sq. km of land area),EN.POP.DNST,2018,39.62601715,,
Pacific island small states,PSS,Population in urban agglomerations of more than 1 million (% of total population),EN.URB.MCTY.TL.ZS,2018,,,
Pacific island small states,PSS,Population living in slums (% of urban population),EN.POP.SLUM.UR.ZS,2018,6.214687591,,
Pacific island small states,PSS,Rural population (% of total population),SP.RUR.TOTL.ZS,2018,60.96692739,,
Pacific island small states,PSS,Urban population (% of total population),SP.URB.TOTL.IN.ZS,2018,39.03307261,,
Pacific island small states,PSS,Urban population growth (annual %),SP.URB.GROW,2018,1.854990501,,
Post-demographic dividend,PST,Population density (people per sq. km of land area),EN.POP.DNST,2018,35.45584833,,
Post-demographic dividend,PST,Population in urban agglomerations of more than 1 million (% of total population),EN.URB.MCTY.TL.ZS,2018,36.95615457,,
Post-demographic dividend,PST,Population living in slums (% of urban population),EN.POP.SLUM.UR.ZS,2018,0.685710037,,
Post-demographic dividend,PST,Rural population (% of total population),SP.RUR.TOTL.ZS,2018,19.35940164,,
Post-demographic dividend,PST,Urban population (% of total population),SP.URB.TOTL.IN.ZS,2018,80.64059836,,
Post-demographic dividend,PST,Urban population growth (annual %),SP.URB.GROW,2018,0.439467357,,
Pre-demographic dividend,PRE,Population density (people per sq. km of land area),EN.POP.DNST,2018,46.53925139,,
Pre-demographic dividend,PRE,Population in urban agglomerations of more than 1 million (% of total population),EN.URB.MCTY.TL.ZS,2018,15.62174298,,
Pre-demographic dividend,PRE,Population living in slums (% of urban population),EN.POP.SLUM.UR.ZS,2018,55.70496705,,
Pre-demographic dividend,PRE,Rural population (% of total population),SP.RUR.TOTL.ZS,2018,57.3831294,,
Pre-demographic dividend,PRE,Urban population (% of total population),SP.URB.TOTL.IN.ZS,2018,42.6168706,,
Pre-demographic dividend,PRE,Urban population growth (annual %),SP.URB.GROW,2018,3.859495455,,
Small states,SST,Population density (people per sq. km of land area),EN.POP.DNST,2018,25.87452222,,
Small states,SST,Population in urban agglomerations of more than 1 million (% of total population),EN.URB.MCTY.TL.ZS,2018,,,
Small states,SST,Population living in slums (% of urban population),EN.POP.SLUM.UR.ZS,2018,21.51251689,,
Small states,SST,Rural population (% of total population),SP.RUR.TOTL.ZS,2018,49.11659244,,
Small states,SST,Urban population (% of total population),SP.URB.TOTL.IN.ZS,2018,50.88340756,,
Small states,SST,Urban population growth (annual %),SP.URB.GROW,2018,1.437594322,,
South Asia,SAS,Population density (people per sq. km of land area),EN.POP.DNST,2018,474.800737,,
South Asia,SAS,Population in urban agglomerations of more than 1 million (% of total population),EN.URB.MCTY.TL.ZS,2018,14.97203498,,
South Asia,SAS,Population living in slums (% of urban population),EN.POP.SLUM.UR.ZS,2018,11.41404232,,
South Asia,SAS,Rural population (% of total population),SP.RUR.TOTL.ZS,2018,66.42642049,,
South Asia,SAS,Urban population (% of total population),SP.URB.TOTL.IN.ZS,2018,33.57357951,,
South Asia,SAS,Urban population growth (annual %),SP.URB.GROW,2018,1.978088624,,
South Asia (IDA & IBRD),TSA,Population density (people per sq. km of land area),EN.POP.DNST,2018,474.800737,,
South Asia (IDA & IBRD),TSA,Population in urban agglomerations of more than 1 million (% of total population),EN.URB.MCTY.TL.ZS,2018,14.97203498,,
South Asia (IDA & IBRD),TSA,Population living in slums (% of urban population),EN.POP.SLUM.UR.ZS,2018,11.41404232,,
South Asia (IDA & IBRD),TSA,Rural population (% of total population),SP.RUR.TOTL.ZS,2018,66.42642049,,
South Asia (IDA & IBRD),TSA,Urban population (% of total population),SP.URB.TOTL.IN.ZS,2018,33.57357951,,
South Asia (IDA & IBRD),TSA,Urban population growth (annual %),SP.URB.GROW,2018,1.978088624,,
Sub-Saharan Africa,SSF,Population density (people per sq. km of land area),EN.POP.DNST,2018,46.41237552,,
Sub-Saharan Africa,SSF,Population in urban agglomerations of more than 1 million (% of total population),EN.URB.MCTY.TL.ZS,2018,15.18408398,,
Sub-Saharan Africa,SSF,Population living in slums (% of urban population),EN.POP.SLUM.UR.ZS,2018,52.21018684,,
Sub-Saharan Africa,SSF,Rural population (% of total population),SP.RUR.TOTL.ZS,2018,58.74335716,,
Sub-Saharan Africa,SSF,Urban population (% of total population),SP.URB.TOTL.IN.ZS,2018,41.25664284,,
Sub-Saharan Africa,SSF,Urban population growth (annual %),SP.URB.GROW,2018,3.822816867,,
Sub-Saharan Africa (excluding high income),SSA,Population density (people per sq. km of land area),EN.POP.DNST,2018,46.40921996,,
Sub-Saharan Africa (excluding high income),SSA,Population in urban agglomerations of more than 1 million (% of total population),EN.URB.MCTY.TL.ZS,2018,15.18408398,,
Sub-Saharan Africa (excluding high income),SSA,Population living in slums (% of urban population),EN.POP.SLUM.UR.ZS,2018,52.21007948,,
Sub-Saharan Africa (excluding high income),SSA,Rural population (% of total population),SP.RUR.TOTL.ZS,2018,58.7435737,,
Sub-Saharan Africa (excluding high income),SSA,Urban population (% of total population),SP.URB.TOTL.IN.ZS,2018,41.2564263,,
Sub-Saharan Africa (excluding high income),SSA,Urban population growth (annual %),SP.URB.GROW,2018,3.823033563,,
Sub-Saharan Africa (IDA & IBRD countries),TSS,Population density (people per sq. km of land area),EN.POP.DNST,2018,46.41237552,,
Sub-Saharan Africa (IDA & IBRD countries),TSS,Population in urban agglomerations of more than 1 million (% of total population),EN.URB.MCTY.TL.ZS,2018,15.18408398,,
Sub-Saharan Africa (IDA & IBRD countries),TSS,Population living in slums (% of urban population),EN.POP.SLUM.UR.ZS,2018,52.21018684,,
Sub-Saharan Africa (IDA & IBRD countries),TSS,Rural population (% of total population),SP.RUR.TOTL.ZS,2018,58.74335716,,
Sub-Saharan Africa (IDA & IBRD countries),TSS,Urban population (% of total population),SP.URB.TOTL.IN.ZS,2018,41.25664284,,
Sub-Saharan Africa (IDA & IBRD countries),TSS,Urban population growth (annual %),SP.URB.GROW,2018,3.822816867,,
Upper middle income,UMC,Population density (people per sq. km of land area),EN.POP.DNST,2018,67.32066809,,
Upper middle income,UMC,Population in urban agglomerations of more than 1 million (% of total population),EN.URB.MCTY.TL.ZS,2018,26.92683455,,
Upper middle income,UMC,Population living in slums (% of urban population),EN.POP.SLUM.UR.ZS,2018,,,
Upper middle income,UMC,Rural population (% of total population),SP.RUR.TOTL.ZS,2018,35.52836694,,
Upper middle income,UMC,Urban population (% of total population),SP.URB.TOTL.IN.ZS,2018,64.47163306,,
Upper middle income,UMC,Urban population growth (annual %),SP.URB.GROW,2018,2.210132867,,
World,WLD,Population density (people per sq. km of land area),EN.POP.DNST,2018,59.22546459,,
World,WLD,Population in urban agglomerations of more than 1 million (% of total population),EN.URB.MCTY.TL.ZS,2018,23.68611946,,
World,WLD,Population living in slums (% of urban population),EN.POP.SLUM.UR.ZS,2018,19.66600513,,
World,WLD,Rural population (% of total population),SP.RUR.TOTL.ZS,2018,44.24792222,,
World,WLD,Urban population (% of total population),SP.URB.TOTL.IN.ZS,2018,55.75207778,,
World,WLD,Urban population growth (annual %),SP.URB.GROW,2018,1.854373955,,
Africa Eastern and Southern,AFE,Population density (people per sq. km of land area),EN.POP.DNST,2019,45.50348692,,
Africa Eastern and Southern,AFE,Population in urban agglomerations of more than 1 million (% of total population),EN.URB.MCTY.TL.ZS,2019,14.26104652,,
Africa Eastern and Southern,AFE,Population living in slums (% of urban population),EN.POP.SLUM.UR.ZS,2019,,,
Africa Eastern and Southern,AFE,Rural population (% of total population),SP.RUR.TOTL.ZS,2019,63.9026693,,
Africa Eastern and Southern,AFE,Urban population (% of total population),SP.URB.TOTL.IN.ZS,2019,36.0973307,,
Africa Eastern and Southern,AFE,Urban population growth (annual %),SP.URB.GROW,2019,3.787285475,,
Africa Western and Central,AFW,Population density (people per sq. km of land area),EN.POP.DNST,2019,51.13131691,,
Africa Western and Central,AFW,Population in urban agglomerations of more than 1 million (% of total population),EN.URB.MCTY.TL.ZS,2019,16.85865883,,
Africa Western and Central,AFW,Population living in slums (% of urban population),EN.POP.SLUM.UR.ZS,2019,,,
Africa Western and Central,AFW,Rural population (% of total population),SP.RUR.TOTL.ZS,2019,50.09453145,,
Africa Western and Central,AFW,Urban population (% of total population),SP.URB.TOTL.IN.ZS,2019,49.90546855,,
Africa Western and Central,AFW,Urban population growth (annual %),SP.URB.GROW,2019,3.589512058,,
Arab World,ARB,Population density (people per sq. km of land area),EN.POP.DNST,2019,33.91319331,,
Arab World,ARB,Population in urban agglomerations of more than 1 million (% of total population),EN.URB.MCTY.TL.ZS,2019,22.70840452,,
Arab World,ARB,Population living in slums (% of urban population),EN.POP.SLUM.UR.ZS,2019,,,
Arab World,ARB,Rural population (% of total population),SP.RUR.TOTL.ZS,2019,41.10371206,,
Arab World,ARB,Urban population (% of total population),SP.URB.TOTL.IN.ZS,2019,58.89628794,,
Arab World,ARB,Urban population growth (annual %),SP.URB.GROW,2019,2.071656995,,
Caribbean small states,CSS,Population density (people per sq. km of land area),EN.POP.DNST,2019,11.14887373,,
Caribbean small states,CSS,Population in urban agglomerations of more than 1 million (% of total population),EN.URB.MCTY.TL.ZS,2019,,,
Caribbean small states,CSS,Population living in slums (% of urban population),EN.POP.SLUM.UR.ZS,2019,,,
Caribbean small states,CSS,Rural population (% of total population),SP.RUR.TOTL.ZS,2019,49.93865511,,
Caribbean small states,CSS,Urban population (% of total population),SP.URB.TOTL.IN.ZS,2019,50.06134489,,
Caribbean small states,CSS,Urban population growth (annual %),SP.URB.GROW,2019,0.733522348,,
Central Europe and the Baltics,CEB,Population density (people per sq. km of land area),EN.POP.DNST,2019,92.18545567,,
Central Europe and the Baltics,CEB,Population in urban agglomerations of more than 1 million (% of total population),EN.URB.MCTY.TL.ZS,2019,,,
Central Europe and the Baltics,CEB,Population living in slums (% of urban population),EN.POP.SLUM.UR.ZS,2019,,,
Central Europe and the Baltics,CEB,Rural population (% of total population),SP.RUR.TOTL.ZS,2019,38.25504735,,
Central Europe and the Baltics,CEB,Urban population (% of total population),SP.URB.TOTL.IN.ZS,2019,61.74495265,,
Central Europe and the Baltics,CEB,Urban population growth (annual %),SP.URB.GROW,2019,-0.312952385,,
Early-demographic dividend,EAR,Population density (people per sq. km of land area),EN.POP.DNST,2019,100.7058999,,
Early-demographic dividend,EAR,Population in urban agglomerations of more than 1 million (% of total population),EN.URB.MCTY.TL.ZS,2019,18.60056156,,
Early-demographic dividend,EAR,Population living in slums (% of urban population),EN.POP.SLUM.UR.ZS,2019,,,
Early-demographic dividend,EAR,Rural population (% of total population),SP.RUR.TOTL.ZS,2019,54.23504039,,
Early-demographic dividend,EAR,Urban population (% of total population),SP.URB.TOTL.IN.ZS,2019,45.76495961,,
Early-demographic dividend,EAR,Urban population growth (annual %),SP.URB.GROW,2019,1.946275521,,
East Asia & Pacific,EAS,Population density (people per sq. km of land area),EN.POP.DNST,2019,96.43807666,,
East Asia & Pacific,EAS,Population in urban agglomerations of more than 1 million (% of total population),EN.URB.MCTY.TL.ZS,2019,,,
East Asia & Pacific,EAS,Population living in slums (% of urban population),EN.POP.SLUM.UR.ZS,2019,,,
East Asia & Pacific,EAS,Rural population (% of total population),SP.RUR.TOTL.ZS,2019,38.25644399,,
East Asia & Pacific,EAS,Urban population (% of total population),SP.URB.TOTL.IN.ZS,2019,61.74355601,,
East Asia & Pacific,EAS,Urban population growth (annual %),SP.URB.GROW,2019,1.973012118,,
East Asia & Pacific (excluding high income),EAP,Population density (people per sq. km of land area),EN.POP.DNST,2019,132.1349255,,
East Asia & Pacific (excluding high income),EAP,Population in urban agglomerations of more than 1 million (% of total population),EN.URB.MCTY.TL.ZS,2019,,,
East Asia & Pacific (excluding high income),EAP,Population living in slums (% of urban population),EN.POP.SLUM.UR.ZS,2019,,,
East Asia & Pacific (excluding high income),EAP,Rural population (% of total population),SP.RUR.TOTL.ZS,2019,41.34443072,,
East Asia & Pacific (excluding high income),EAP,Urban population (% of total population),SP.URB.TOTL.IN.ZS,2019,58.65556928,,
East Asia & Pacific (excluding high income),EAP,Urban population growth (annual %),SP.URB.GROW,2019,2.279013495,,
East Asia & Pacific (IDA & IBRD countries),TEA,Population density (people per sq. km of land area),EN.POP.DNST,2019,131.4944772,,
East Asia & Pacific (IDA & IBRD countries),TEA,Population in urban agglomerations of more than 1 million (% of total population),EN.URB.MCTY.TL.ZS,2019,,,
East Asia & Pacific (IDA & IBRD countries),TEA,Population living in slums (% of urban population),EN.POP.SLUM.UR.ZS,2019,,,
East Asia & Pacific (IDA & IBRD countries),TEA,Rural population (% of total population),SP.RUR.TOTL.ZS,2019,41.39018583,,
East Asia & Pacific (IDA & IBRD countries),TEA,Urban population (% of total population),SP.URB.TOTL.IN.ZS,2019,58.60981417,,
East Asia & Pacific (IDA & IBRD countries),TEA,Urban population growth (annual %),SP.URB.GROW,2019,2.298130411,,
Euro area,EMU,Population density (people per sq. km of land area),EN.POP.DNST,2019,124.506283,,
Euro area,EMU,Population in urban agglomerations of more than 1 million (% of total population),EN.URB.MCTY.TL.ZS,2019,19.5432174,,
Euro area,EMU,Population living in slums (% of urban population),EN.POP.SLUM.UR.ZS,2019,,,
Euro area,EMU,Rural population (% of total population),SP.RUR.TOTL.ZS,2019,23.25020116,,
Euro area,EMU,Urban population (% of total population),SP.URB.TOTL.IN.ZS,2019,76.74979884,,
Euro area,EMU,Urban population growth (annual %),SP.URB.GROW,2019,0.447894345,,
Europe & Central Asia,ECS,Population density (people per sq. km of land area),EN.POP.DNST,2019,33.60256484,,
Europe & Central Asia,ECS,Population in urban agglomerations of more than 1 million (% of total population),EN.URB.MCTY.TL.ZS,2019,20.60801884,,
Europe & Central Asia,ECS,Population living in slums (% of urban population),EN.POP.SLUM.UR.ZS,2019,,,
Europe & Central Asia,ECS,Rural population (% of total population),SP.RUR.TOTL.ZS,2019,26.63735895,,
Europe & Central Asia,ECS,Urban population (% of total population),SP.URB.TOTL.IN.ZS,2019,73.36264105,,
Europe & Central Asia,ECS,Urban population growth (annual %),SP.URB.GROW,2019,0.629114886,,
Europe & Central Asia (excluding high income),ECA,Population density (people per sq. km of land area),EN.POP.DNST,2019,42.05323637,,
Europe & Central Asia (excluding high income),ECA,Population in urban agglomerations of more than 1 million (% of total population),EN.URB.MCTY.TL.ZS,2019,23.31373737,,
Europe & Central Asia (excluding high income),ECA,Population living in slums (% of urban population),EN.POP.SLUM.UR.ZS,2019,,,
Europe & Central Asia (excluding high income),ECA,Rural population (% of total population),SP.RUR.TOTL.ZS,2019,32.24829138,,
Europe & Central Asia (excluding high income),ECA,Urban population (% of total population),SP.URB.TOTL.IN.ZS,2019,67.75170862,,
Europe & Central Asia (excluding high income),ECA,Urban population growth (annual %),SP.URB.GROW,2019,1.330815854,,
Europe & Central Asia (IDA & IBRD countries),TEC,Population density (people per sq. km of land area),EN.POP.DNST,2019,20.09402615,,
Europe & Central Asia (IDA & IBRD countries),TEC,Population in urban agglomerations of more than 1 million (% of total population),EN.URB.MCTY.TL.ZS,2019,20.87847504,,
Europe & Central Asia (IDA & IBRD countries),TEC,Population living in slums (% of urban population),EN.POP.SLUM.UR.ZS,2019,,,
Europe & Central Asia (IDA & IBRD countries),TEC,Rural population (% of total population),SP.RUR.TOTL.ZS,2019,31.36061186,,
Europe & Central Asia (IDA & IBRD countries),TEC,Urban population (% of total population),SP.URB.TOTL.IN.ZS,2019,68.63938814,,
Europe & Central Asia (IDA & IBRD countries),TEC,Urban population growth (annual %),SP.URB.GROW,2019,0.684393209,,
European Union,EUU,Population density (people per sq. km of land area),EN.POP.DNST,2019,112.0625684,,
European Union,EUU,Population in urban agglomerations of more than 1 million (% of total population),EN.URB.MCTY.TL.ZS,2019,17.49661109,,
European Union,EUU,Population living in slums (% of urban population),EN.POP.SLUM.UR.ZS,2019,,,
European Union,EUU,Rural population (% of total population),SP.RUR.TOTL.ZS,2019,25.54035085,,
European Union,EUU,Urban population (% of total population),SP.URB.TOTL.IN.ZS,2019,74.45964915,,
European Union,EUU,Urban population growth (annual %),SP.URB.GROW,2019,0.367653262,,
Heavily indebted poor countries (HIPC),HPC,Population density (people per sq. km of land area),EN.POP.DNST,2019,42.47559545,,
Heavily indebted poor countries (HIPC),HPC,Population in urban agglomerations of more than 1 million (% of total population),EN.URB.MCTY.TL.ZS,2019,13.89968858,,
Heavily indebted poor countries (HIPC),HPC,Population living in slums (% of urban population),EN.POP.SLUM.UR.ZS,2019,,,
Heavily indebted poor countries (HIPC),HPC,Rural population (% of total population),SP.RUR.TOTL.ZS,2019,64.39212273,,
Heavily indebted poor countries (HIPC),HPC,Urban population (% of total population),SP.URB.TOTL.IN.ZS,2019,35.60787727,,
Heavily indebted poor countries (HIPC),HPC,Urban population growth (annual %),SP.URB.GROW,2019,3.959573197,,
High income,HIC,Population density (people per sq. km of land area),EN.POP.DNST,2019,26.74075623,,
High income,HIC,Population in urban agglomerations of more than 1 million (% of total population),EN.URB.MCTY.TL.ZS,2019,,,
High income,HIC,Population living in slums (% of urban population),EN.POP.SLUM.UR.ZS,2019,,,
High income,HIC,Rural population (% of total population),SP.RUR.TOTL.ZS,2019,20.31315962,,
High income,HIC,Urban population (% of total population),SP.URB.TOTL.IN.ZS,2019,79.68684038,,
High income,HIC,Urban population growth (annual %),SP.URB.GROW,2019,0.43164557,,
IBRD only,IBD,Population density (people per sq. km of land area),EN.POP.DNST,2019,68.45964558,,
IBRD only,IBD,Population in urban agglomerations of more than 1 million (% of total population),EN.URB.MCTY.TL.ZS,2019,23.49546868,,
IBRD only,IBD,Population living in slums (% of urban population),EN.POP.SLUM.UR.ZS,2019,,,
IBRD only,IBD,Rural population (% of total population),SP.RUR.TOTL.ZS,2019,43.57151476,,
IBRD only,IBD,Urban population (% of total population),SP.URB.TOTL.IN.ZS,2019,56.42848524,,
IBRD only,IBD,Urban population growth (annual %),SP.URB.GROW,2019,1.802172864,,
IDA & IBRD total,IBT,Population density (people per sq. km of land area),EN.POP.DNST,2019,68.62968677,,
IDA & IBRD total,IBT,Population in urban agglomerations of more than 1 million (% of total population),EN.URB.MCTY.TL.ZS,2019,21.19487394,,
IDA & IBRD total,IBT,Population living in slums (% of urban population),EN.POP.SLUM.UR.ZS,2019,,,
IDA & IBRD total,IBT,Rural population (% of total population),SP.RUR.TOTL.ZS,2019,48.33460891,,
IDA & IBRD total,IBT,Urban population (% of total population),SP.URB.TOTL.IN.ZS,2019,51.66539109,,
IDA & IBRD total,IBT,Urban population growth (annual %),SP.URB.GROW,2019,2.098781183,,
IDA blend,IDB,Population density (people per sq. km of land area),EN.POP.DNST,2019,124.9825887,,
IDA blend,IDB,Population in urban agglomerations of more than 1 million (% of total population),EN.URB.MCTY.TL.ZS,2019,,,
IDA blend,IDB,Population living in slums (% of urban population),EN.POP.SLUM.UR.ZS,2019,,,
IDA blend,IDB,Rural population (% of total population),SP.RUR.TOTL.ZS,2019,53.94567663,,
IDA blend,IDB,Urban population (% of total population),SP.URB.TOTL.IN.ZS,2019,46.05432337,,
IDA blend,IDB,Urban population growth (annual %),SP.URB.GROW,2019,3.027045755,,
IDA only,IDX,Population density (people per sq. km of land area),EN.POP.DNST,2019,55.63964695,,
IDA only,IDX,Population in urban agglomerations of more than 1 million (% of total population),EN.URB.MCTY.TL.ZS,2019,12.79518698,,
IDA only,IDX,Population living in slums (% of urban population),EN.POP.SLUM.UR.ZS,2019,,,
IDA only,IDX,Rural population (% of total population),SP.RUR.TOTL.ZS,2019,65.64271543,,
IDA only,IDX,Urban population (% of total population),SP.URB.TOTL.IN.ZS,2019,34.35728457,,
IDA only,IDX,Urban population growth (annual %),SP.URB.GROW,2019,3.522360356,,
IDA total,IDA,Population density (people per sq. km of land area),EN.POP.DNST,2019,69.10536824,,
IDA total,IDA,Population in urban agglomerations of more than 1 million (% of total population),EN.URB.MCTY.TL.ZS,2019,14.40993268,,
IDA total,IDA,Population living in slums (% of urban population),EN.POP.SLUM.UR.ZS,2019,,,
IDA total,IDA,Rural population (% of total population),SP.RUR.TOTL.ZS,2019,61.5346153,,
IDA total,IDA,Urban population (% of total population),SP.URB.TOTL.IN.ZS,2019,38.4653847,,
IDA total,IDA,Urban population growth (annual %),SP.URB.GROW,2019,3.313781853,,
Late-demographic dividend,LTE,Population density (people per sq. km of land area),EN.POP.DNST,2019,51.85693447,,
Late-demographic dividend,LTE,Population in urban agglomerations of more than 1 million (% of total population),EN.URB.MCTY.TL.ZS,2019,28.26204724,,
Late-demographic dividend,LTE,Population living in slums (% of urban population),EN.POP.SLUM.UR.ZS,2019,,,
Late-demographic dividend,LTE,Rural population (% of total population),SP.RUR.TOTL.ZS,2019,35.36926125,,
Late-demographic dividend,LTE,Urban population (% of total population),SP.URB.TOTL.IN.ZS,2019,64.63073875,,
Late-demographic dividend,LTE,Urban population growth (annual %),SP.URB.GROW,2019,1.814745976,,
Latin America & Caribbean,LCN,Population density (people per sq. km of land area),EN.POP.DNST,2019,31.9798811,,
Latin America & Caribbean,LCN,Population in urban agglomerations of more than 1 million (% of total population),EN.URB.MCTY.TL.ZS,2019,38.50431339,,
Latin America & Caribbean,LCN,Population living in slums (% of urban population),EN.POP.SLUM.UR.ZS,2019,,,
Latin America & Caribbean,LCN,Rural population (% of total population),SP.RUR.TOTL.ZS,2019,19.77269809,,
Latin America & Caribbean,LCN,Urban population (% of total population),SP.URB.TOTL.IN.ZS,2019,80.22730191,,
Latin America & Caribbean,LCN,Urban population growth (annual %),SP.URB.GROW,2019,1.072032282,,
Latin America & Caribbean (excluding high income),LAC,Population density (people per sq. km of land area),EN.POP.DNST,2019,32.07688425,,
Latin America & Caribbean (excluding high income),LAC,Population in urban agglomerations of more than 1 million (% of total population),EN.URB.MCTY.TL.ZS,2019,38.40522209,,
Latin America & Caribbean (excluding high income),LAC,Population living in slums (% of urban population),EN.POP.SLUM.UR.ZS,2019,,,
Latin America & Caribbean (excluding high income),LAC,Rural population (% of total population),SP.RUR.TOTL.ZS,2019,19.9104016,,
Latin America & Caribbean (excluding high income),LAC,Urban population (% of total population),SP.URB.TOTL.IN.ZS,2019,80.0895984,,
Latin America & Caribbean (excluding high income),LAC,Urban population growth (annual %),SP.URB.GROW,2019,1.053481538,,
Latin America & the Caribbean (IDA & IBRD countries),TLA,Population density (people per sq. km of land area),EN.POP.DNST,2019,31.40274896,,
Latin America & the Caribbean (IDA & IBRD countries),TLA,Population in urban agglomerations of more than 1 million (% of total population),EN.URB.MCTY.TL.ZS,2019,38.66523653,,
Latin America & the Caribbean (IDA & IBRD countries),TLA,Population living in slums (% of urban population),EN.POP.SLUM.UR.ZS,2019,,,
Latin America & the Caribbean (IDA & IBRD countries),TLA,Rural population (% of total population),SP.RUR.TOTL.ZS,2019,19.7956307,,
Latin America & the Caribbean (IDA & IBRD countries),TLA,Urban population (% of total population),SP.URB.TOTL.IN.ZS,2019,80.2043693,,
Latin America & the Caribbean (IDA & IBRD countries),TLA,Urban population growth (annual %),SP.URB.GROW,2019,1.098489572,,
Least developed countries: UN classification,LDC,Population density (people per sq. km of land area),EN.POP.DNST,2019,51.92617768,,
Least developed countries: UN classification,LDC,Population in urban agglomerations of more than 1 million (% of total population),EN.URB.MCTY.TL.ZS,2019,12.69138899,,
Least developed countries: UN classification,LDC,Population living in slums (% of urban population),EN.POP.SLUM.UR.ZS,2019,,,
Least developed countries: UN classification,LDC,Rural population (% of total population),SP.RUR.TOTL.ZS,2019,66.04570024,,
Least developed countries: UN classification,LDC,Urban population (% of total population),SP.URB.TOTL.IN.ZS,2019,33.95429976,,
Least developed countries: UN classification,LDC,Urban population growth (annual %),SP.URB.GROW,2019,3.697142526,,
Low & middle income,LMY,Population density (people per sq. km of land area),EN.POP.DNST,2019,81.91358089,,
Low & middle income,LMY,Population in urban agglomerations of more than 1 million (% of total population),EN.URB.MCTY.TL.ZS,2019,21.16645723,,
Low & middle income,LMY,Population living in slums (% of urban population),EN.POP.SLUM.UR.ZS,2019,,,
Low & middle income,LMY,Rural population (% of total population),SP.RUR.TOTL.ZS,2019,48.98211728,,
Low & middle income,LMY,Urban population (% of total population),SP.URB.TOTL.IN.ZS,2019,51.01788272,,
Low & middle income,LMY,Urban population growth (annual %),SP.URB.GROW,2019,2.191456459,,
Low income,LIC,Population density (people per sq. km of land area),EN.POP.DNST,2019,44.39843807,,
Low income,LIC,Population in urban agglomerations of more than 1 million (% of total population),EN.URB.MCTY.TL.ZS,2019,11.48748179,,
Low income,LIC,Population living in slums (% of urban population),EN.POP.SLUM.UR.ZS,2019,,,
Low income,LIC,Rural population (% of total population),SP.RUR.TOTL.ZS,2019,67.30411787,,
Low income,LIC,Urban population (% of total population),SP.URB.TOTL.IN.ZS,2019,32.69588213,,
Low income,LIC,Urban population growth (annual %),SP.URB.GROW,2019,4.05684588,,
Lower middle income,LMC,Population density (people per sq. km of land area),EN.POP.DNST,2019,144.3178746,,
Lower middle income,LMC,Population in urban agglomerations of more than 1 million (% of total population),EN.URB.MCTY.TL.ZS,2019,16.59489307,,
Lower middle income,LMC,Population living in slums (% of urban population),EN.POP.SLUM.UR.ZS,2019,,,
Lower middle income,LMC,Rural population (% of total population),SP.RUR.TOTL.ZS,2019,60.3545844,,
Lower middle income,LMC,Urban population (% of total population),SP.URB.TOTL.IN.ZS,2019,39.6454156,,
Lower middle income,LMC,Urban population growth (annual %),SP.URB.GROW,2019,2.273469536,,
"Middle East, North Africa, Afghanistan & Pakistan",MEA,Population density (people per sq. km of land area),EN.POP.DNST,2019,58.75806082,,
"Middle East, North Africa, Afghanistan & Pakistan",MEA,Population in urban agglomerations of more than 1 million (% of total population),EN.URB.MCTY.TL.ZS,2019,22.39672237,,
"Middle East, North Africa, Afghanistan & Pakistan",MEA,Population living in slums (% of urban population),EN.POP.SLUM.UR.ZS,2019,,,
"Middle East, North Africa, Afghanistan & Pakistan",MEA,Rural population (% of total population),SP.RUR.TOTL.ZS,2019,45.55959191,,
"Middle East, North Africa, Afghanistan & Pakistan",MEA,Urban population (% of total population),SP.URB.TOTL.IN.ZS,2019,54.44040809,,
"Middle East, North Africa, Afghanistan & Pakistan",MEA,Urban population growth (annual %),SP.URB.GROW,2019,2.037662092,,
"Middle East, North Africa, Afghanistan & Pakistan (excluding high income)",MNA,Population density (people per sq. km of land area),EN.POP.DNST,2019,67.65700032,,
"Middle East, North Africa, Afghanistan & Pakistan (excluding high income)",MNA,Population in urban agglomerations of more than 1 million (% of total population),EN.URB.MCTY.TL.ZS,2019,19.56759494,,
"Middle East, North Africa, Afghanistan & Pakistan (excluding high income)",MNA,Population living in slums (% of urban population),EN.POP.SLUM.UR.ZS,2019,,,
"Middle East, North Africa, Afghanistan & Pakistan (excluding high income)",MNA,Rural population (% of total population),SP.RUR.TOTL.ZS,2019,48.53840709,,
"Middle East, North Africa, Afghanistan & Pakistan (excluding high income)",MNA,Urban population (% of total population),SP.URB.TOTL.IN.ZS,2019,51.46159291,,
"Middle East, North Africa, Afghanistan & Pakistan (excluding high income)",MNA,Urban population growth (annual %),SP.URB.GROW,2019,2.240960461,,
"Middle East, North Africa, Afghanistan & Pakistan (IDA & IBRD)",TMN,Population density (people per sq. km of land area),EN.POP.DNST,2019,67.2314095,,
"Middle East, North Africa, Afghanistan & Pakistan (IDA & IBRD)",TMN,Population in urban agglomerations of more than 1 million (% of total population),EN.URB.MCTY.TL.ZS,2019,19.56759494,,
"Middle East, North Africa, Afghanistan & Pakistan (IDA & IBRD)",TMN,Population living in slums (% of urban population),EN.POP.SLUM.UR.ZS,2019,,,
"Middle East, North Africa, Afghanistan & Pakistan (IDA & IBRD)",TMN,Rural population (% of total population),SP.RUR.TOTL.ZS,2019,48.77656689,,
"Middle East, North Africa, Afghanistan & Pakistan (IDA & IBRD)",TMN,Urban population (% of total population),SP.URB.TOTL.IN.ZS,2019,51.22343311,,
"Middle East, North Africa, Afghanistan & Pakistan (IDA & IBRD)",TMN,Urban population growth (annual %),SP.URB.GROW,2019,2.234060155,,
Middle income,MIC,Population density (people per sq. km of land area),EN.POP.DNST,2019,90.62215159,,
Middle income,MIC,Population in urban agglomerations of more than 1 million (% of total population),EN.URB.MCTY.TL.ZS,2019,22.22945008,,
Middle income,MIC,Population living in slums (% of urban population),EN.POP.SLUM.UR.ZS,2019,,,
Middle income,MIC,Rural population (% of total population),SP.RUR.TOTL.ZS,2019,46.89836305,,
Middle income,MIC,Urban population (% of total population),SP.URB.TOTL.IN.ZS,2019,53.10163695,,
Middle income,MIC,Urban population growth (annual %),SP.URB.GROW,2019,2.062125336,,
North America,NAC,Population density (people per sq. km of land area),EN.POP.DNST,2019,20.31179424,,
North America,NAC,Population in urban agglomerations of more than 1 million (% of total population),EN.URB.MCTY.TL.ZS,2019,46.1603554,,
North America,NAC,Population living in slums (% of urban population),EN.POP.SLUM.UR.ZS,2019,,,
North America,NAC,Rural population (% of total population),SP.RUR.TOTL.ZS,2019,19.70185722,,
North America,NAC,Urban population (% of total population),SP.URB.TOTL.IN.ZS,2019,80.29814278,,
North America,NAC,Urban population growth (annual %),SP.URB.GROW,2019,0.469017908,,
Not classified,INX,Population in urban agglomerations of more than 1 million (% of total population),EN.URB.MCTY.TL.ZS,2019,,,
Not classified,INX,Population living in slums (% of urban population),EN.POP.SLUM.UR.ZS,2019,,,
OECD members,OED,Population density (people per sq. km of land area),EN.POP.DNST,2019,38.42624994,,
OECD members,OED,Population in urban agglomerations of more than 1 million (% of total population),EN.URB.MCTY.TL.ZS,2019,37.40827573,,
OECD members,OED,Population living in slums (% of urban population),EN.POP.SLUM.UR.ZS,2019,,,
OECD members,OED,Rural population (% of total population),SP.RUR.TOTL.ZS,2019,19.34932366,,
OECD members,OED,Urban population (% of total population),SP.URB.TOTL.IN.ZS,2019,80.65067634,,
OECD members,OED,Urban population growth (annual %),SP.URB.GROW,2019,0.721772459,,
Other small states,OSS,Population density (people per sq. km of land area),EN.POP.DNST,2019,44.67480121,,
Other small states,OSS,Population in urban agglomerations of more than 1 million (% of total population),EN.URB.MCTY.TL.ZS,2019,,,
Other small states,OSS,Population living in slums (% of urban population),EN.POP.SLUM.UR.ZS,2019,,,
Other small states,OSS,Rural population (% of total population),SP.RUR.TOTL.ZS,2019,46.12726713,,
Other small states,OSS,Urban population (% of total population),SP.URB.TOTL.IN.ZS,2019,53.87273287,,
Other small states,OSS,Urban population growth (annual %),SP.URB.GROW,2019,1.611945499,,
Pacific island small states,PSS,Population density (people per sq. km of land area),EN.POP.DNST,2019,40.04140296,,
Pacific island small states,PSS,Population in urban agglomerations of more than 1 million (% of total population),EN.URB.MCTY.TL.ZS,2019,,,
Pacific island small states,PSS,Population living in slums (% of urban population),EN.POP.SLUM.UR.ZS,2019,,,
Pacific island small states,PSS,Rural population (% of total population),SP.RUR.TOTL.ZS,2019,60.72911996,,
Pacific island small states,PSS,Urban population (% of total population),SP.URB.TOTL.IN.ZS,2019,39.27088004,,
Pacific island small states,PSS,Urban population growth (annual %),SP.URB.GROW,2019,1.650247,,
Post-demographic dividend,PST,Population density (people per sq. km of land area),EN.POP.DNST,2019,35.57685227,,
Post-demographic dividend,PST,Population in urban agglomerations of more than 1 million (% of total population),EN.URB.MCTY.TL.ZS,2019,37.05163968,,
Post-demographic dividend,PST,Population living in slums (% of urban population),EN.POP.SLUM.UR.ZS,2019,,,
Post-demographic dividend,PST,Rural population (% of total population),SP.RUR.TOTL.ZS,2019,19.29870186,,
Post-demographic dividend,PST,Urban population (% of total population),SP.URB.TOTL.IN.ZS,2019,80.70129814,,
Post-demographic dividend,PST,Urban population growth (annual %),SP.URB.GROW,2019,0.41592558,,
Pre-demographic dividend,PRE,Population density (people per sq. km of land area),EN.POP.DNST,2019,47.81156454,,
Pre-demographic dividend,PRE,Population in urban agglomerations of more than 1 million (% of total population),EN.URB.MCTY.TL.ZS,2019,15.75924871,,
Pre-demographic dividend,PRE,Population living in slums (% of urban population),EN.POP.SLUM.UR.ZS,2019,,,
Pre-demographic dividend,PRE,Rural population (% of total population),SP.RUR.TOTL.ZS,2019,56.95219821,,
Pre-demographic dividend,PRE,Urban population (% of total population),SP.URB.TOTL.IN.ZS,2019,43.04780179,,
Pre-demographic dividend,PRE,Urban population growth (annual %),SP.URB.GROW,2019,3.712896313,,
Small states,SST,Population density (people per sq. km of land area),EN.POP.DNST,2019,26.157554,,
Small states,SST,Population in urban agglomerations of more than 1 million (% of total population),EN.URB.MCTY.TL.ZS,2019,,,
Small states,SST,Population living in slums (% of urban population),EN.POP.SLUM.UR.ZS,2019,,,
Small states,SST,Rural population (% of total population),SP.RUR.TOTL.ZS,2019,48.94899925,,
Small states,SST,Urban population (% of total population),SP.URB.TOTL.IN.ZS,2019,51.05100075,,
Small states,SST,Urban population growth (annual %),SP.URB.GROW,2019,1.416813995,,
South Asia,SAS,Population density (people per sq. km of land area),EN.POP.DNST,2019,479.6552272,,
South Asia,SAS,Population in urban agglomerations of more than 1 million (% of total population),EN.URB.MCTY.TL.ZS,2019,15.21487644,,
South Asia,SAS,Population living in slums (% of urban population),EN.POP.SLUM.UR.ZS,2019,5.41,,
South Asia,SAS,Rural population (% of total population),SP.RUR.TOTL.ZS,2019,66.11393355,,
South Asia,SAS,Urban population (% of total population),SP.URB.TOTL.IN.ZS,2019,33.88606645,,
South Asia,SAS,Urban population growth (annual %),SP.URB.GROW,2019,1.943697463,,
South Asia (IDA & IBRD),TSA,Population density (people per sq. km of land area),EN.POP.DNST,2019,479.6552272,,
South Asia (IDA & IBRD),TSA,Population in urban agglomerations of more than 1 million (% of total population),EN.URB.MCTY.TL.ZS,2019,15.21487644,,
South Asia (IDA & IBRD),TSA,Population living in slums (% of urban population),EN.POP.SLUM.UR.ZS,2019,5.41,,
South Asia (IDA & IBRD),TSA,Rural population (% of total population),SP.RUR.TOTL.ZS,2019,66.11393355,,
South Asia (IDA & IBRD),TSA,Urban population (% of total population),SP.URB.TOTL.IN.ZS,2019,33.88606645,,
South Asia (IDA & IBRD),TSA,Urban population growth (annual %),SP.URB.GROW,2019,1.943697463,,
Sub-Saharan Africa,SSF,Population density (people per sq. km of land area),EN.POP.DNST,2019,47.63347095,,
Sub-Saharan Africa,SSF,Population in urban agglomerations of more than 1 million (% of total population),EN.URB.MCTY.TL.ZS,2019,15.31426298,,
Sub-Saharan Africa,SSF,Population living in slums (% of urban population),EN.POP.SLUM.UR.ZS,2019,,,
Sub-Saharan Africa,SSF,Rural population (% of total population),SP.RUR.TOTL.ZS,2019,58.29289689,,
Sub-Saharan Africa,SSF,Urban population (% of total population),SP.URB.TOTL.IN.ZS,2019,41.70710311,,
Sub-Saharan Africa,SSF,Urban population growth (annual %),SP.URB.GROW,2019,3.691093954,,
Sub-Saharan Africa (excluding high income),SSA,Population density (people per sq. km of land area),EN.POP.DNST,2019,47.63030305,,
Sub-Saharan Africa (excluding high income),SSA,Population in urban agglomerations of more than 1 million (% of total population),EN.URB.MCTY.TL.ZS,2019,15.31426298,,
Sub-Saharan Africa (excluding high income),SSA,Population living in slums (% of urban population),EN.POP.SLUM.UR.ZS,2019,,,
Sub-Saharan Africa (excluding high income),SSA,Rural population (% of total population),SP.RUR.TOTL.ZS,2019,58.29309394,,
Sub-Saharan Africa (excluding high income),SSA,Urban population (% of total population),SP.URB.TOTL.IN.ZS,2019,41.70690606,,
Sub-Saharan Africa (excluding high income),SSA,Urban population growth (annual %),SP.URB.GROW,2019,3.691294748,,
Sub-Saharan Africa (IDA & IBRD countries),TSS,Population density (people per sq. km of land area),EN.POP.DNST,2019,47.63347095,,
Sub-Saharan Africa (IDA & IBRD countries),TSS,Population in urban agglomerations of more than 1 million (% of total population),EN.URB.MCTY.TL.ZS,2019,15.31426298,,
Sub-Saharan Africa (IDA & IBRD countries),TSS,Population living in slums (% of urban population),EN.POP.SLUM.UR.ZS,2019,,,
Sub-Saharan Africa (IDA & IBRD countries),TSS,Rural population (% of total population),SP.RUR.TOTL.ZS,2019,58.29289689,,
Sub-Saharan Africa (IDA & IBRD countries),TSS,Urban population (% of total population),SP.URB.TOTL.IN.ZS,2019,41.70710311,,
Sub-Saharan Africa (IDA & IBRD countries),TSS,Urban population growth (annual %),SP.URB.GROW,2019,3.691093954,,
Upper middle income,UMC,Population density (people per sq. km of land area),EN.POP.DNST,2019,67.79392147,,
Upper middle income,UMC,Population in urban agglomerations of more than 1 million (% of total population),EN.URB.MCTY.TL.ZS,2019,27.30730203,,
Upper middle income,UMC,Population living in slums (% of urban population),EN.POP.SLUM.UR.ZS,2019,,,
Upper middle income,UMC,Rural population (% of total population),SP.RUR.TOTL.ZS,2019,34.72010877,,
Upper middle income,UMC,Urban population (% of total population),SP.URB.TOTL.IN.ZS,2019,65.27989123,,
Upper middle income,UMC,Urban population growth (annual %),SP.URB.GROW,2019,1.946152814,,
World,WLD,Population density (people per sq. km of land area),EN.POP.DNST,2019,59.84775028,,
World,WLD,Population in urban agglomerations of more than 1 million (% of total population),EN.URB.MCTY.TL.ZS,2019,23.89565291,,
World,WLD,Population living in slums (% of urban population),EN.POP.SLUM.UR.ZS,2019,,,
World,WLD,Rural population (% of total population),SP.RUR.TOTL.ZS,2019,43.85901744,,
World,WLD,Urban population (% of total population),SP.URB.TOTL.IN.ZS,2019,56.14098256,,
World,WLD,Urban population growth (annual %),SP.URB.GROW,2019,1.742148124,,
Africa Eastern and Southern,AFE,Population density (people per sq. km of land area),EN.POP.DNST,2020,46.74255963,,
Africa Eastern and Southern,AFE,Population in urban agglomerations of more than 1 million (% of total population),EN.URB.MCTY.TL.ZS,2020,14.37993946,,
Africa Eastern and Southern,AFE,Population living in slums (% of urban population),EN.POP.SLUM.UR.ZS,2020,54.40144301,,
Africa Eastern and Southern,AFE,Rural population (% of total population),SP.RUR.TOTL.ZS,2020,63.51167804,,
Africa Eastern and Southern,AFE,Urban population (% of total population),SP.URB.TOTL.IN.ZS,2020,36.48832196,,
Africa Eastern and Southern,AFE,Urban population growth (annual %),SP.URB.GROW,2020,3.776850412,,
Africa Western and Central,AFW,Population density (people per sq. km of land area),EN.POP.DNST,2020,52.36565654,,
Africa Western and Central,AFW,Population in urban agglomerations of more than 1 million (% of total population),EN.URB.MCTY.TL.ZS,2020,17.03559657,,
Africa Western and Central,AFW,Population living in slums (% of urban population),EN.POP.SLUM.UR.ZS,2020,47.48612056,,
Africa Western and Central,AFW,Rural population (% of total population),SP.RUR.TOTL.ZS,2020,49.50767852,,
Africa Western and Central,AFW,Urban population (% of total population),SP.URB.TOTL.IN.ZS,2020,50.49232148,,
Africa Western and Central,AFW,Urban population growth (annual %),SP.URB.GROW,2020,3.5544155,,
Arab World,ARB,Population density (people per sq. km of land area),EN.POP.DNST,2020,34.63390766,,
Arab World,ARB,Population in urban agglomerations of more than 1 million (% of total population),EN.URB.MCTY.TL.ZS,2020,22.72537354,,
Arab World,ARB,Population living in slums (% of urban population),EN.POP.SLUM.UR.ZS,2020,23.01057797,,
Arab World,ARB,Rural population (% of total population),SP.RUR.TOTL.ZS,2020,40.91003101,,
Arab World,ARB,Urban population (% of total population),SP.URB.TOTL.IN.ZS,2020,59.08996899,,
Arab World,ARB,Urban population growth (annual %),SP.URB.GROW,2020,2.431255715,,
Caribbean small states,CSS,Population density (people per sq. km of land area),EN.POP.DNST,2020,10.80211186,,
Caribbean small states,CSS,Population in urban agglomerations of more than 1 million (% of total population),EN.URB.MCTY.TL.ZS,2020,,,
Caribbean small states,CSS,Population living in slums (% of urban population),EN.POP.SLUM.UR.ZS,2020,,,
Caribbean small states,CSS,Rural population (% of total population),SP.RUR.TOTL.ZS,2020,49.8851727,,
Caribbean small states,CSS,Urban population (% of total population),SP.URB.TOTL.IN.ZS,2020,50.1148273,,
Caribbean small states,CSS,Urban population growth (annual %),SP.URB.GROW,2020,0.469964754,,
Central Europe and the Baltics,CEB,Population density (people per sq. km of land area),EN.POP.DNST,2020,91.5975669,,
Central Europe and the Baltics,CEB,Population in urban agglomerations of more than 1 million (% of total population),EN.URB.MCTY.TL.ZS,2020,,,
Central Europe and the Baltics,CEB,Population living in slums (% of urban population),EN.POP.SLUM.UR.ZS,2020,1.88264489,,
Central Europe and the Baltics,CEB,Rural population (% of total population),SP.RUR.TOTL.ZS,2020,38.36817523,,
Central Europe and the Baltics,CEB,Urban population (% of total population),SP.URB.TOTL.IN.ZS,2020,61.63182477,,
Central Europe and the Baltics,CEB,Urban population growth (annual %),SP.URB.GROW,2020,-0.822063442,,
Early-demographic dividend,EAR,Population density (people per sq. km of land area),EN.POP.DNST,2020,101.9374635,,
Early-demographic dividend,EAR,Population in urban agglomerations of more than 1 million (% of total population),EN.URB.MCTY.TL.ZS,2020,18.77625743,,
Early-demographic dividend,EAR,Population living in slums (% of urban population),EN.POP.SLUM.UR.ZS,2020,,,
Early-demographic dividend,EAR,Rural population (% of total population),SP.RUR.TOTL.ZS,2020,53.91875477,,
Early-demographic dividend,EAR,Urban population (% of total population),SP.URB.TOTL.IN.ZS,2020,46.08124523,,
Early-demographic dividend,EAR,Urban population growth (annual %),SP.URB.GROW,2020,1.904447203,,
East Asia & Pacific,EAS,Population density (people per sq. km of land area),EN.POP.DNST,2020,96.8319315,,
East Asia & Pacific,EAS,Population in urban agglomerations of more than 1 million (% of total population),EN.URB.MCTY.TL.ZS,2020,,,
East Asia & Pacific,EAS,Population living in slums (% of urban population),EN.POP.SLUM.UR.ZS,2020,,,
East Asia & Pacific,EAS,Rural population (% of total population),SP.RUR.TOTL.ZS,2020,37.62585819,,
East Asia & Pacific,EAS,Urban population (% of total population),SP.URB.TOTL.IN.ZS,2020,62.37414181,,
East Asia & Pacific,EAS,Urban population growth (annual %),SP.URB.GROW,2020,1.424590308,,
East Asia & Pacific (excluding high income),EAP,Population density (people per sq. km of land area),EN.POP.DNST,2020,132.7321635,,
East Asia & Pacific (excluding high income),EAP,Population in urban agglomerations of more than 1 million (% of total population),EN.URB.MCTY.TL.ZS,2020,,,
East Asia & Pacific (excluding high income),EAP,Population living in slums (% of urban population),EN.POP.SLUM.UR.ZS,2020,,,
East Asia & Pacific (excluding high income),EAP,Rural population (% of total population),SP.RUR.TOTL.ZS,2020,40.62947544,,
East Asia & Pacific (excluding high income),EAP,Urban population (% of total population),SP.URB.TOTL.IN.ZS,2020,59.37052456,,
East Asia & Pacific (excluding high income),EAP,Urban population growth (annual %),SP.URB.GROW,2020,1.663876554,,
East Asia & Pacific (IDA & IBRD countries),TEA,Population density (people per sq. km of land area),EN.POP.DNST,2020,132.0900221,,
East Asia & Pacific (IDA & IBRD countries),TEA,Population in urban agglomerations of more than 1 million (% of total population),EN.URB.MCTY.TL.ZS,2020,,,
East Asia & Pacific (IDA & IBRD countries),TEA,Population living in slums (% of urban population),EN.POP.SLUM.UR.ZS,2020,,,
East Asia & Pacific (IDA & IBRD countries),TEA,Rural population (% of total population),SP.RUR.TOTL.ZS,2020,40.66980024,,
East Asia & Pacific (IDA & IBRD countries),TEA,Urban population (% of total population),SP.URB.TOTL.IN.ZS,2020,59.33019976,,
East Asia & Pacific (IDA & IBRD countries),TEA,Urban population growth (annual %),SP.URB.GROW,2020,1.674889907,,
Euro area,EMU,Population density (people per sq. km of land area),EN.POP.DNST,2020,124.6558042,,
Euro area,EMU,Population in urban agglomerations of more than 1 million (% of total population),EN.URB.MCTY.TL.ZS,2020,19.6195812,,
Euro area,EMU,Population living in slums (% of urban population),EN.POP.SLUM.UR.ZS,2020,0.145946116,,
Euro area,EMU,Rural population (% of total population),SP.RUR.TOTL.ZS,2020,23.14350003,,
Euro area,EMU,Urban population (% of total population),SP.URB.TOTL.IN.ZS,2020,76.85649997,,
Euro area,EMU,Urban population growth (annual %),SP.URB.GROW,2020,0.258792637,,
Europe & Central Asia,ECS,Population density (people per sq. km of land area),EN.POP.DNST,2020,33.67103333,,
Europe & Central Asia,ECS,Population in urban agglomerations of more than 1 million (% of total population),EN.URB.MCTY.TL.ZS,2020,20.74013328,,
Europe & Central Asia,ECS,Population living in slums (% of urban population),EN.POP.SLUM.UR.ZS,2020,2.88693121,,
Europe & Central Asia,ECS,Rural population (% of total population),SP.RUR.TOTL.ZS,2020,26.50440556,,
Europe & Central Asia,ECS,Urban population (% of total population),SP.URB.TOTL.IN.ZS,2020,73.49559444,,
Europe & Central Asia,ECS,Urban population growth (annual %),SP.URB.GROW,2020,0.36867848,,
Europe & Central Asia (excluding high income),ECA,Population density (people per sq. km of land area),EN.POP.DNST,2020,42.37884376,,
Europe & Central Asia (excluding high income),ECA,Population in urban agglomerations of more than 1 million (% of total population),EN.URB.MCTY.TL.ZS,2020,23.4751386,,
Europe & Central Asia (excluding high income),ECA,Population living in slums (% of urban population),EN.POP.SLUM.UR.ZS,2020,9.951847076,,
Europe & Central Asia (excluding high income),ECA,Rural population (% of total population),SP.RUR.TOTL.ZS,2020,32.04528221,,
Europe & Central Asia (excluding high income),ECA,Urban population (% of total population),SP.URB.TOTL.IN.ZS,2020,67.95471779,,
Europe & Central Asia (excluding high income),ECA,Urban population growth (annual %),SP.URB.GROW,2020,1.010541983,,
Europe & Central Asia (IDA & IBRD countries),TEC,Population density (people per sq. km of land area),EN.POP.DNST,2020,20.13665956,,
Europe & Central Asia (IDA & IBRD countries),TEC,Population in urban agglomerations of more than 1 million (% of total population),EN.URB.MCTY.TL.ZS,2020,21.04688158,,
Europe & Central Asia (IDA & IBRD countries),TEC,Population living in slums (% of urban population),EN.POP.SLUM.UR.ZS,2020,5.964474331,,
Europe & Central Asia (IDA & IBRD countries),TEC,Rural population (% of total population),SP.RUR.TOTL.ZS,2020,31.24492452,,
Europe & Central Asia (IDA & IBRD countries),TEC,Urban population (% of total population),SP.URB.TOTL.IN.ZS,2020,68.75507548,,
Europe & Central Asia (IDA & IBRD countries),TEC,Urban population growth (annual %),SP.URB.GROW,2020,0.365007131,,
European Union,EUU,Population density (people per sq. km of land area),EN.POP.DNST,2020,112.0524225,,
European Union,EUU,Population in urban agglomerations of more than 1 million (% of total population),EN.URB.MCTY.TL.ZS,2020,17.58818503,,
European Union,EUU,Population living in slums (% of urban population),EN.POP.SLUM.UR.ZS,2020,0.48354582,,
European Union,EUU,Rural population (% of total population),SP.RUR.TOTL.ZS,2020,25.45001978,,
European Union,EUU,Urban population (% of total population),SP.URB.TOTL.IN.ZS,2020,74.54998022,,
European Union,EUU,Urban population growth (annual %),SP.URB.GROW,2020,0.112404663,,
Heavily indebted poor countries (HIPC),HPC,Population density (people per sq. km of land area),EN.POP.DNST,2020,43.63230045,,
Heavily indebted poor countries (HIPC),HPC,Population in urban agglomerations of more than 1 million (% of total population),EN.URB.MCTY.TL.ZS,2020,14.01815164,,
Heavily indebted poor countries (HIPC),HPC,Population living in slums (% of urban population),EN.POP.SLUM.UR.ZS,2020,55.17007452,,
Heavily indebted poor countries (HIPC),HPC,Rural population (% of total population),SP.RUR.TOTL.ZS,2020,63.97602905,,
Heavily indebted poor countries (HIPC),HPC,Urban population (% of total population),SP.URB.TOTL.IN.ZS,2020,36.02397095,,
Heavily indebted poor countries (HIPC),HPC,Urban population growth (annual %),SP.URB.GROW,2020,3.922006754,,
High income,HIC,Population density (people per sq. km of land area),EN.POP.DNST,2020,26.80504068,,
High income,HIC,Population in urban agglomerations of more than 1 million (% of total population),EN.URB.MCTY.TL.ZS,2020,,,
High income,HIC,Population living in slums (% of urban population),EN.POP.SLUM.UR.ZS,2020,0.90871521,,
High income,HIC,Rural population (% of total population),SP.RUR.TOTL.ZS,2020,20.25748164,,
High income,HIC,Urban population (% of total population),SP.URB.TOTL.IN.ZS,2020,79.74251836,,
High income,HIC,Urban population growth (annual %),SP.URB.GROW,2020,0.335864509,,
IBRD only,IBD,Population density (people per sq. km of land area),EN.POP.DNST,2020,68.93234397,,
IBRD only,IBD,Population in urban agglomerations of more than 1 million (% of total population),EN.URB.MCTY.TL.ZS,2020,23.83074608,,
IBRD only,IBD,Population living in slums (% of urban population),EN.POP.SLUM.UR.ZS,2020,,,
IBRD only,IBD,Rural population (% of total population),SP.RUR.TOTL.ZS,2020,43.1348285,,
IBRD only,IBD,Urban population (% of total population),SP.URB.TOTL.IN.ZS,2020,56.8651715,,
IBRD only,IBD,Urban population growth (annual %),SP.URB.GROW,2020,1.454236033,,
IDA & IBRD total,IBT,Population density (people per sq. km of land area),EN.POP.DNST,2020,69.37205923,,
IDA & IBRD total,IBT,Population in urban agglomerations of more than 1 million (% of total population),EN.URB.MCTY.TL.ZS,2020,21.45722121,,
IDA & IBRD total,IBT,Population living in slums (% of urban population),EN.POP.SLUM.UR.ZS,2020,,,
IDA & IBRD total,IBT,Rural population (% of total population),SP.RUR.TOTL.ZS,2020,47.95452216,,
IDA & IBRD total,IBT,Urban population (% of total population),SP.URB.TOTL.IN.ZS,2020,52.04547784,,
IDA & IBRD total,IBT,Urban population growth (annual %),SP.URB.GROW,2020,1.82229414,,
IDA blend,IDB,Population density (people per sq. km of land area),EN.POP.DNST,2020,127.4580629,,
IDA blend,IDB,Population in urban agglomerations of more than 1 million (% of total population),EN.URB.MCTY.TL.ZS,2020,,,
IDA blend,IDB,Population living in slums (% of urban population),EN.POP.SLUM.UR.ZS,2020,47.08992452,,
IDA blend,IDB,Rural population (% of total population),SP.RUR.TOTL.ZS,2020,53.43140951,,
IDA blend,IDB,Urban population (% of total population),SP.URB.TOTL.IN.ZS,2020,46.56859049,,
IDA blend,IDB,Urban population growth (annual %),SP.URB.GROW,2020,3.113501091,,
IDA only,IDX,Population density (people per sq. km of land area),EN.POP.DNST,2020,56.90334004,,
IDA only,IDX,Population in urban agglomerations of more than 1 million (% of total population),EN.URB.MCTY.TL.ZS,2020,12.93898749,,
IDA only,IDX,Population living in slums (% of urban population),EN.POP.SLUM.UR.ZS,2020,52.82110215,,
IDA only,IDX,Rural population (% of total population),SP.RUR.TOTL.ZS,2020,65.25298817,,
IDA only,IDX,Urban population (% of total population),SP.URB.TOTL.IN.ZS,2020,34.74701183,,
IDA only,IDX,Urban population growth (annual %),SP.URB.GROW,2020,3.443446942,,
IDA total,IDA,Population density (people per sq. km of land area),EN.POP.DNST,2020,70.6012912,,
IDA total,IDA,Population in urban agglomerations of more than 1 million (% of total population),EN.URB.MCTY.TL.ZS,2020,14.56481494,,
IDA total,IDA,Population living in slums (% of urban population),EN.POP.SLUM.UR.ZS,2020,50.38436158,,
IDA total,IDA,Rural population (% of total population),SP.RUR.TOTL.ZS,2020,61.10956138,,
IDA total,IDA,Urban population (% of total population),SP.URB.TOTL.IN.ZS,2020,38.89043862,,
IDA total,IDA,Urban population growth (annual %),SP.URB.GROW,2020,3.304837517,,
Late-demographic dividend,LTE,Population density (people per sq. km of land area),EN.POP.DNST,2020,52.00757771,,
Late-demographic dividend,LTE,Population in urban agglomerations of more than 1 million (% of total population),EN.URB.MCTY.TL.ZS,2020,28.79148419,,
Late-demographic dividend,LTE,Population living in slums (% of urban population),EN.POP.SLUM.UR.ZS,2020,,,
Late-demographic dividend,LTE,Rural population (% of total population),SP.RUR.TOTL.ZS,2020,34.7371466,,
Late-demographic dividend,LTE,Urban population (% of total population),SP.URB.TOTL.IN.ZS,2020,65.2628534,,
Late-demographic dividend,LTE,Urban population growth (annual %),SP.URB.GROW,2020,1.287854885,,
Latin America & Caribbean,LCN,Population density (people per sq. km of land area),EN.POP.DNST,2020,32.18324299,,
Latin America & Caribbean,LCN,Population in urban agglomerations of more than 1 million (% of total population),EN.URB.MCTY.TL.ZS,2020,38.69261326,,
Latin America & Caribbean,LCN,Population living in slums (% of urban population),EN.POP.SLUM.UR.ZS,2020,,,
Latin America & Caribbean,LCN,Rural population (% of total population),SP.RUR.TOTL.ZS,2020,19.56260813,,
Latin America & Caribbean,LCN,Urban population (% of total population),SP.URB.TOTL.IN.ZS,2020,80.43739187,,
Latin America & Caribbean,LCN,Urban population growth (annual %),SP.URB.GROW,2020,0.966690221,,
Latin America & Caribbean (excluding high income),LAC,Population density (people per sq. km of land area),EN.POP.DNST,2020,32.30515378,,
Latin America & Caribbean (excluding high income),LAC,Population in urban agglomerations of more than 1 million (% of total population),EN.URB.MCTY.TL.ZS,2020,38.60311684,,
Latin America & Caribbean (excluding high income),LAC,Population living in slums (% of urban population),EN.POP.SLUM.UR.ZS,2020,,,
Latin America & Caribbean (excluding high income),LAC,Rural population (% of total population),SP.RUR.TOTL.ZS,2020,19.69598891,,
Latin America & Caribbean (excluding high income),LAC,Urban population (% of total population),SP.URB.TOTL.IN.ZS,2020,80.30401109,,
Latin America & Caribbean (excluding high income),LAC,Urban population growth (annual %),SP.URB.GROW,2020,0.976470363,,
Latin America & the Caribbean (IDA & IBRD countries),TLA,Population density (people per sq. km of land area),EN.POP.DNST,2020,31.61020391,,
Latin America & the Caribbean (IDA & IBRD countries),TLA,Population in urban agglomerations of more than 1 million (% of total population),EN.URB.MCTY.TL.ZS,2020,38.8539397,,
Latin America & the Caribbean (IDA & IBRD countries),TLA,Population living in slums (% of urban population),EN.POP.SLUM.UR.ZS,2020,,,
Latin America & the Caribbean (IDA & IBRD countries),TLA,Rural population (% of total population),SP.RUR.TOTL.ZS,2020,19.58070227,,
Latin America & the Caribbean (IDA & IBRD countries),TLA,Urban population (% of total population),SP.URB.TOTL.IN.ZS,2020,80.41929773,,
Latin America & the Caribbean (IDA & IBRD countries),TLA,Urban population growth (annual %),SP.URB.GROW,2020,0.997790842,,
Least developed countries: UN classification,LDC,Population density (people per sq. km of land area),EN.POP.DNST,2020,53.18300009,,
Least developed countries: UN classification,LDC,Population in urban agglomerations of more than 1 million (% of total population),EN.URB.MCTY.TL.ZS,2020,12.84048835,,
Least developed countries: UN classification,LDC,Population living in slums (% of urban population),EN.POP.SLUM.UR.ZS,2020,56.3480184,,
Least developed countries: UN classification,LDC,Rural population (% of total population),SP.RUR.TOTL.ZS,2020,65.62000664,,
Least developed countries: UN classification,LDC,Urban population (% of total population),SP.URB.TOTL.IN.ZS,2020,34.37999336,,
Least developed countries: UN classification,LDC,Urban population growth (annual %),SP.URB.GROW,2020,3.637164079,,
Low & middle income,LMY,Population density (people per sq. km of land area),EN.POP.DNST,2020,82.85123696,,
Low & middle income,LMY,Population in urban agglomerations of more than 1 million (% of total population),EN.URB.MCTY.TL.ZS,2020,21.43157539,,
Low & middle income,LMY,Population living in slums (% of urban population),EN.POP.SLUM.UR.ZS,2020,,,
Low & middle income,LMY,Rural population (% of total population),SP.RUR.TOTL.ZS,2020,48.58114055,,
Low & middle income,LMY,Urban population (% of total population),SP.URB.TOTL.IN.ZS,2020,51.41885945,,
Low & middle income,LMY,Urban population growth (annual %),SP.URB.GROW,2020,1.919254833,,
Low income,LIC,Population density (people per sq. km of land area),EN.POP.DNST,2020,45.66707727,,
Low income,LIC,Population in urban agglomerations of more than 1 million (% of total population),EN.URB.MCTY.TL.ZS,2020,11.57381439,,
Low income,LIC,Population living in slums (% of urban population),EN.POP.SLUM.UR.ZS,2020,60.29111523,,
Low income,LIC,Rural population (% of total population),SP.RUR.TOTL.ZS,2020,66.91786925,,
Low income,LIC,Urban population (% of total population),SP.URB.TOTL.IN.ZS,2020,33.08213075,,
Low income,LIC,Urban population growth (annual %),SP.URB.GROW,2020,3.991480141,,
Lower middle income,LMC,Population density (people per sq. km of land area),EN.POP.DNST,2020,146.2601428,,
Lower middle income,LMC,Population in urban agglomerations of more than 1 million (% of total population),EN.URB.MCTY.TL.ZS,2020,16.82021546,,
Lower middle income,LMC,Population living in slums (% of urban population),EN.POP.SLUM.UR.ZS,2020,,,
Lower middle income,LMC,Rural population (% of total population),SP.RUR.TOTL.ZS,2020,59.98181886,,
Lower middle income,LMC,Urban population (% of total population),SP.URB.TOTL.IN.ZS,2020,40.01818114,,
Lower middle income,LMC,Urban population growth (annual %),SP.URB.GROW,2020,2.283394665,,
"Middle East, North Africa, Afghanistan & Pakistan",MEA,Population density (people per sq. km of land area),EN.POP.DNST,2020,59.84115315,,
"Middle East, North Africa, Afghanistan & Pakistan",MEA,Population in urban agglomerations of more than 1 million (% of total population),EN.URB.MCTY.TL.ZS,2020,22.46865117,,
"Middle East, North Africa, Afghanistan & Pakistan",MEA,Population living in slums (% of urban population),EN.POP.SLUM.UR.ZS,2020,34.00763281,,
"Middle East, North Africa, Afghanistan & Pakistan",MEA,Rural population (% of total population),SP.RUR.TOTL.ZS,2020,45.31877599,,
"Middle East, North Africa, Afghanistan & Pakistan",MEA,Urban population (% of total population),SP.URB.TOTL.IN.ZS,2020,54.68122401,,
"Middle East, North Africa, Afghanistan & Pakistan",MEA,Urban population growth (annual %),SP.URB.GROW,2020,2.267936698,,
"Middle East, North Africa, Afghanistan & Pakistan (excluding high income)",MNA,Population density (people per sq. km of land area),EN.POP.DNST,2020,68.85416527,,
"Middle East, North Africa, Afghanistan & Pakistan (excluding high income)",MNA,Population in urban agglomerations of more than 1 million (% of total population),EN.URB.MCTY.TL.ZS,2020,19.64512549,,
"Middle East, North Africa, Afghanistan & Pakistan (excluding high income)",MNA,Population living in slums (% of urban population),EN.POP.SLUM.UR.ZS,2020,35.88746638,,
"Middle East, North Africa, Afghanistan & Pakistan (excluding high income)",MNA,Rural population (% of total population),SP.RUR.TOTL.ZS,2020,48.31031427,,
"Middle East, North Africa, Afghanistan & Pakistan (excluding high income)",MNA,Urban population (% of total population),SP.URB.TOTL.IN.ZS,2020,51.68968573,,
"Middle East, North Africa, Afghanistan & Pakistan (excluding high income)",MNA,Urban population growth (annual %),SP.URB.GROW,2020,2.196238438,,
"Middle East, North Africa, Afghanistan & Pakistan (IDA & IBRD)",TMN,Population density (people per sq. km of land area),EN.POP.DNST,2020,68.41755606,,
"Middle East, North Africa, Afghanistan & Pakistan (IDA & IBRD)",TMN,Population in urban agglomerations of more than 1 million (% of total population),EN.URB.MCTY.TL.ZS,2020,19.64512549,,
"Middle East, North Africa, Afghanistan & Pakistan (IDA & IBRD)",TMN,Population living in slums (% of urban population),EN.POP.SLUM.UR.ZS,2020,36.0845016,,
"Middle East, North Africa, Afghanistan & Pakistan (IDA & IBRD)",TMN,Rural population (% of total population),SP.RUR.TOTL.ZS,2020,48.55046372,,
"Middle East, North Africa, Afghanistan & Pakistan (IDA & IBRD)",TMN,Urban population (% of total population),SP.URB.TOTL.IN.ZS,2020,51.44953628,,
"Middle East, North Africa, Afghanistan & Pakistan (IDA & IBRD)",TMN,Urban population growth (annual %),SP.URB.GROW,2020,2.189325661,,
Middle income,MIC,Population density (people per sq. km of land area),EN.POP.DNST,2020,91.48313938,,
Middle income,MIC,Population in urban agglomerations of more than 1 million (% of total population),EN.URB.MCTY.TL.ZS,2020,22.53501472,,
Middle income,MIC,Population living in slums (% of urban population),EN.POP.SLUM.UR.ZS,2020,,,
Middle income,MIC,Rural population (% of total population),SP.RUR.TOTL.ZS,2020,46.45626955,,
Middle income,MIC,Urban population (% of total population),SP.URB.TOTL.IN.ZS,2020,53.54373045,,
Middle income,MIC,Urban population growth (annual %),SP.URB.GROW,2020,1.772523838,,
North America,NAC,Population density (people per sq. km of land area),EN.POP.DNST,2020,20.40908838,,
North America,NAC,Population in urban agglomerations of more than 1 million (% of total population),EN.URB.MCTY.TL.ZS,2020,46.33565559,,
North America,NAC,Population living in slums (% of urban population),EN.POP.SLUM.UR.ZS,2020,0.218313908,,
North America,NAC,Rural population (% of total population),SP.RUR.TOTL.ZS,2020,19.79810122,,
North America,NAC,Urban population (% of total population),SP.URB.TOTL.IN.ZS,2020,80.20189878,,
North America,NAC,Urban population growth (annual %),SP.URB.GROW,2020,0.357929452,,
Not classified,INX,Population in urban agglomerations of more than 1 million (% of total population),EN.URB.MCTY.TL.ZS,2020,,,
Not classified,INX,Population living in slums (% of urban population),EN.POP.SLUM.UR.ZS,2020,,,
OECD members,OED,Population density (people per sq. km of land area),EN.POP.DNST,2020,38.57256078,,
OECD members,OED,Population in urban agglomerations of more than 1 million (% of total population),EN.URB.MCTY.TL.ZS,2020,37.55813137,,
OECD members,OED,Population living in slums (% of urban population),EN.POP.SLUM.UR.ZS,2020,4.004042169,,
OECD members,OED,Rural population (% of total population),SP.RUR.TOTL.ZS,2020,19.26186228,,
OECD members,OED,Urban population (% of total population),SP.URB.TOTL.IN.ZS,2020,80.73813772,,
OECD members,OED,Urban population growth (annual %),SP.URB.GROW,2020,0.4861771,,
Other small states,OSS,Population density (people per sq. km of land area),EN.POP.DNST,2020,45.16740628,,
Other small states,OSS,Population in urban agglomerations of more than 1 million (% of total population),EN.URB.MCTY.TL.ZS,2020,,,
Other small states,OSS,Population living in slums (% of urban population),EN.POP.SLUM.UR.ZS,2020,24.28419579,,
Other small states,OSS,Rural population (% of total population),SP.RUR.TOTL.ZS,2020,45.94007084,,
Other small states,OSS,Urban population (% of total population),SP.URB.TOTL.IN.ZS,2020,54.05992916,,
Other small states,OSS,Urban population growth (annual %),SP.URB.GROW,2020,1.443435543,,
Pacific island small states,PSS,Population density (people per sq. km of land area),EN.POP.DNST,2020,40.46020265,,
Pacific island small states,PSS,Population in urban agglomerations of more than 1 million (% of total population),EN.URB.MCTY.TL.ZS,2020,,,
Pacific island small states,PSS,Population living in slums (% of urban population),EN.POP.SLUM.UR.ZS,2020,6.129066987,,
Pacific island small states,PSS,Rural population (% of total population),SP.RUR.TOTL.ZS,2020,60.54908913,,
Pacific island small states,PSS,Urban population (% of total population),SP.URB.TOTL.IN.ZS,2020,39.45091087,,
Pacific island small states,PSS,Urban population growth (annual %),SP.URB.GROW,2020,1.497747768,,
Post-demographic dividend,PST,Population density (people per sq. km of land area),EN.POP.DNST,2020,35.64503811,,
Post-demographic dividend,PST,Population in urban agglomerations of more than 1 million (% of total population),EN.URB.MCTY.TL.ZS,2020,37.20151695,,
Post-demographic dividend,PST,Population living in slums (% of urban population),EN.POP.SLUM.UR.ZS,2020,0.5930927,,
Post-demographic dividend,PST,Rural population (% of total population),SP.RUR.TOTL.ZS,2020,19.26096482,,
Post-demographic dividend,PST,Urban population (% of total population),SP.URB.TOTL.IN.ZS,2020,80.73903518,,
Post-demographic dividend,PST,Urban population growth (annual %),SP.URB.GROW,2020,0.23565182,,
Pre-demographic dividend,PRE,Population density (people per sq. km of land area),EN.POP.DNST,2020,49.10049531,,
Pre-demographic dividend,PRE,Population in urban agglomerations of more than 1 million (% of total population),EN.URB.MCTY.TL.ZS,2020,15.90930002,,
Pre-demographic dividend,PRE,Population living in slums (% of urban population),EN.POP.SLUM.UR.ZS,2020,54.40276398,,
Pre-demographic dividend,PRE,Rural population (% of total population),SP.RUR.TOTL.ZS,2020,56.50191806,,
Pre-demographic dividend,PRE,Urban population (% of total population),SP.URB.TOTL.IN.ZS,2020,43.49808194,,
Pre-demographic dividend,PRE,Urban population growth (annual %),SP.URB.GROW,2020,3.710156293,,
Small states,SST,Population density (people per sq. km of land area),EN.POP.DNST,2020,25.89776522,,
Small states,SST,Population in urban agglomerations of more than 1 million (% of total population),EN.URB.MCTY.TL.ZS,2020,,,
Small states,SST,Population living in slums (% of urban population),EN.POP.SLUM.UR.ZS,2020,21.0992333,,
Small states,SST,Rural population (% of total population),SP.RUR.TOTL.ZS,2020,48.79082995,,
Small states,SST,Urban population (% of total population),SP.URB.TOTL.IN.ZS,2020,51.20917005,,
Small states,SST,Urban population growth (annual %),SP.URB.GROW,2020,1.230004127,,
South Asia,SAS,Population density (people per sq. km of land area),EN.POP.DNST,2020,484.3347994,,
South Asia,SAS,Population in urban agglomerations of more than 1 million (% of total population),EN.URB.MCTY.TL.ZS,2020,15.46668281,,
South Asia,SAS,Population living in slums (% of urban population),EN.POP.SLUM.UR.ZS,2020,,,
South Asia,SAS,Rural population (% of total population),SP.RUR.TOTL.ZS,2020,65.79993461,,
South Asia,SAS,Urban population (% of total population),SP.URB.TOTL.IN.ZS,2020,34.20006539,,
South Asia,SAS,Urban population growth (annual %),SP.URB.GROW,2020,1.893114005,,
South Asia (IDA & IBRD),TSA,Population density (people per sq. km of land area),EN.POP.DNST,2020,484.3347994,,
South Asia (IDA & IBRD),TSA,Population in urban agglomerations of more than 1 million (% of total population),EN.URB.MCTY.TL.ZS,2020,15.46668281,,
South Asia (IDA & IBRD),TSA,Population living in slums (% of urban population),EN.POP.SLUM.UR.ZS,2020,,,
South Asia (IDA & IBRD),TSA,Rural population (% of total population),SP.RUR.TOTL.ZS,2020,65.79993461,,
South Asia (IDA & IBRD),TSA,Urban population (% of total population),SP.URB.TOTL.IN.ZS,2020,34.20006539,,
South Asia (IDA & IBRD),TSA,Urban population growth (annual %),SP.URB.GROW,2020,1.893114005,,
Sub-Saharan Africa,SSF,Population density (people per sq. km of land area),EN.POP.DNST,2020,48.87058122,,
Sub-Saharan Africa,SSF,Population in urban agglomerations of more than 1 million (% of total population),EN.URB.MCTY.TL.ZS,2020,15.45455369,,
Sub-Saharan Africa,SSF,Population living in slums (% of urban population),EN.POP.SLUM.UR.ZS,2020,51.04357213,,
Sub-Saharan Africa,SSF,Rural population (% of total population),SP.RUR.TOTL.ZS,2020,57.83294312,,
Sub-Saharan Africa,SSF,Urban population (% of total population),SP.URB.TOTL.IN.ZS,2020,42.16705688,,
Sub-Saharan Africa,SSF,Urban population growth (annual %),SP.URB.GROW,2020,3.668780968,,
Sub-Saharan Africa (excluding high income),SSA,Population density (people per sq. km of land area),EN.POP.DNST,2020,48.86740236,,
Sub-Saharan Africa (excluding high income),SSA,Population in urban agglomerations of more than 1 million (% of total population),EN.URB.MCTY.TL.ZS,2020,15.45455369,,
Sub-Saharan Africa (excluding high income),SSA,Population living in slums (% of urban population),EN.POP.SLUM.UR.ZS,2020,51.04349291,,
Sub-Saharan Africa (excluding high income),SSA,Rural population (% of total population),SP.RUR.TOTL.ZS,2020,57.83312238,,
Sub-Saharan Africa (excluding high income),SSA,Urban population (% of total population),SP.URB.TOTL.IN.ZS,2020,42.16687762,,
Sub-Saharan Africa (excluding high income),SSA,Urban population growth (annual %),SP.URB.GROW,2020,3.668974538,,
Sub-Saharan Africa (IDA & IBRD countries),TSS,Population density (people per sq. km of land area),EN.POP.DNST,2020,48.87058122,,
Sub-Saharan Africa (IDA & IBRD countries),TSS,Population in urban agglomerations of more than 1 million (% of total population),EN.URB.MCTY.TL.ZS,2020,15.45455369,,
Sub-Saharan Africa (IDA & IBRD countries),TSS,Population living in slums (% of urban population),EN.POP.SLUM.UR.ZS,2020,51.04357213,,
Sub-Saharan Africa (IDA & IBRD countries),TSS,Rural population (% of total population),SP.RUR.TOTL.ZS,2020,57.83294312,,
Sub-Saharan Africa (IDA & IBRD countries),TSS,Urban population (% of total population),SP.URB.TOTL.IN.ZS,2020,42.16705688,,
Sub-Saharan Africa (IDA & IBRD countries),TSS,Urban population growth (annual %),SP.URB.GROW,2020,3.668780968,,
Upper middle income,UMC,Population density (people per sq. km of land area),EN.POP.DNST,2020,68.19094437,,
Upper middle income,UMC,Population in urban agglomerations of more than 1 million (% of total population),EN.URB.MCTY.TL.ZS,2020,27.72404435,,
Upper middle income,UMC,Population living in slums (% of urban population),EN.POP.SLUM.UR.ZS,2020,,,
Upper middle income,UMC,Rural population (% of total population),SP.RUR.TOTL.ZS,2020,34.12049716,,
Upper middle income,UMC,Urban population (% of total population),SP.URB.TOTL.IN.ZS,2020,65.87950284,,
Upper middle income,UMC,Urban population growth (annual %),SP.URB.GROW,2020,1.49061519,,
World,WLD,Population density (people per sq. km of land area),EN.POP.DNST,2020,60.43238122,,
World,WLD,Population in urban agglomerations of more than 1 million (% of total population),EN.URB.MCTY.TL.ZS,2020,24.12283773,,
World,WLD,Population living in slums (% of urban population),EN.POP.SLUM.UR.ZS,2020,,,
World,WLD,Rural population (% of total population),SP.RUR.TOTL.ZS,2020,43.55582406,,
World,WLD,Urban population (% of total population),SP.URB.TOTL.IN.ZS,2020,56.44417594,,
World,WLD,Urban population growth (annual %),SP.URB.GROW,2020,1.520001611,,
Africa Eastern and Southern,AFE,Population density (people per sq. km of land area),EN.POP.DNST,2021,47.99729548,,
Africa Eastern and Southern,AFE,Population in urban agglomerations of more than 1 million (% of total population),EN.URB.MCTY.TL.ZS,2021,14.50822144,,
Africa Eastern and Southern,AFE,Population living in slums (% of urban population),EN.POP.SLUM.UR.ZS,2021,,,
Africa Eastern and Southern,AFE,Rural population (% of total population),SP.RUR.TOTL.ZS,2021,63.09145739,,
Africa Eastern and Southern,AFE,Urban population (% of total population),SP.URB.TOTL.IN.ZS,2021,36.90854261,,
Africa Eastern and Southern,AFE,Urban population growth (annual %),SP.URB.GROW,2021,3.794515876,,
Africa Western and Central,AFW,Population density (people per sq. km of land area),EN.POP.DNST,2021,53.61385854,,
Africa Western and Central,AFW,Population in urban agglomerations of more than 1 million (% of total population),EN.URB.MCTY.TL.ZS,2021,17.22735717,,
Africa Western and Central,AFW,Population living in slums (% of urban population),EN.POP.SLUM.UR.ZS,2021,,,
Africa Western and Central,AFW,Rural population (% of total population),SP.RUR.TOTL.ZS,2021,48.91058082,,
Africa Western and Central,AFW,Urban population (% of total population),SP.URB.TOTL.IN.ZS,2021,51.08941918,,
Africa Western and Central,AFW,Urban population growth (annual %),SP.URB.GROW,2021,3.531309287,,
Arab World,ARB,Population density (people per sq. km of land area),EN.POP.DNST,2021,35.1623597,,
Arab World,ARB,Population in urban agglomerations of more than 1 million (% of total population),EN.URB.MCTY.TL.ZS,2021,22.8562208,,
Arab World,ARB,Population living in slums (% of urban population),EN.POP.SLUM.UR.ZS,2021,,,
Arab World,ARB,Rural population (% of total population),SP.RUR.TOTL.ZS,2021,40.88751529,,
Arab World,ARB,Urban population (% of total population),SP.URB.TOTL.IN.ZS,2021,59.11248471,,
Arab World,ARB,Urban population growth (annual %),SP.URB.GROW,2021,1.552472891,,
Caribbean small states,CSS,Population density (people per sq. km of land area),EN.POP.DNST,2021,10.85023238,,
Caribbean small states,CSS,Population in urban agglomerations of more than 1 million (% of total population),EN.URB.MCTY.TL.ZS,2021,,,
Caribbean small states,CSS,Population living in slums (% of urban population),EN.POP.SLUM.UR.ZS,2021,,,
Caribbean small states,CSS,Rural population (% of total population),SP.RUR.TOTL.ZS,2021,49.87645809,,
Caribbean small states,CSS,Urban population (% of total population),SP.URB.TOTL.IN.ZS,2021,50.12354191,,
Caribbean small states,CSS,Urban population growth (annual %),SP.URB.GROW,2021,0.46179808,,
Central Europe and the Baltics,CEB,Population density (people per sq. km of land area),EN.POP.DNST,2021,90.68775879,,
Central Europe and the Baltics,CEB,Population in urban agglomerations of more than 1 million (% of total population),EN.URB.MCTY.TL.ZS,2021,,,
Central Europe and the Baltics,CEB,Population living in slums (% of urban population),EN.POP.SLUM.UR.ZS,2021,,,
Central Europe and the Baltics,CEB,Rural population (% of total population),SP.RUR.TOTL.ZS,2021,38.45089005,,
Central Europe and the Baltics,CEB,Urban population (% of total population),SP.URB.TOTL.IN.ZS,2021,61.54910995,,
Central Europe and the Baltics,CEB,Urban population growth (annual %),SP.URB.GROW,2021,-1.137208565,,
Early-demographic dividend,EAR,Population density (people per sq. km of land area),EN.POP.DNST,2021,102.9709819,,
Early-demographic dividend,EAR,Population in urban agglomerations of more than 1 million (% of total population),EN.URB.MCTY.TL.ZS,2021,18.98396051,,
Early-demographic dividend,EAR,Population living in slums (% of urban population),EN.POP.SLUM.UR.ZS,2021,,,
Early-demographic dividend,EAR,Rural population (% of total population),SP.RUR.TOTL.ZS,2021,53.62473992,,
Early-demographic dividend,EAR,Urban population (% of total population),SP.URB.TOTL.IN.ZS,2021,46.37526008,,
Early-demographic dividend,EAR,Urban population growth (annual %),SP.URB.GROW,2021,1.689753388,,
East Asia & Pacific,EAS,Population density (people per sq. km of land area),EN.POP.DNST,2021,97.00513507,,
East Asia & Pacific,EAS,Population in urban agglomerations of more than 1 million (% of total population),EN.URB.MCTY.TL.ZS,2021,,,
East Asia & Pacific,EAS,Population living in slums (% of urban population),EN.POP.SLUM.UR.ZS,2021,,,
East Asia & Pacific,EAS,Rural population (% of total population),SP.RUR.TOTL.ZS,2021,36.76480702,,
East Asia & Pacific,EAS,Urban population (% of total population),SP.URB.TOTL.IN.ZS,2021,63.23519298,,
East Asia & Pacific,EAS,Urban population growth (annual %),SP.URB.GROW,2021,1.611163345,,
East Asia & Pacific (excluding high income),EAP,Population density (people per sq. km of land area),EN.POP.DNST,2021,133.0253681,,
East Asia & Pacific (excluding high income),EAP,Population in urban agglomerations of more than 1 million (% of total population),EN.URB.MCTY.TL.ZS,2021,,,
East Asia & Pacific (excluding high income),EAP,Population living in slums (% of urban population),EN.POP.SLUM.UR.ZS,2021,,,
East Asia & Pacific (excluding high income),EAP,Rural population (% of total population),SP.RUR.TOTL.ZS,2021,39.64738683,,
East Asia & Pacific (excluding high income),EAP,Urban population (% of total population),SP.URB.TOTL.IN.ZS,2021,60.35261317,,
East Asia & Pacific (excluding high income),EAP,Urban population growth (annual %),SP.URB.GROW,2021,1.955309321,,
East Asia & Pacific (IDA & IBRD countries),TEA,Population density (people per sq. km of land area),EN.POP.DNST,2021,132.3799936,,
East Asia & Pacific (IDA & IBRD countries),TEA,Population in urban agglomerations of more than 1 million (% of total population),EN.URB.MCTY.TL.ZS,2021,,,
East Asia & Pacific (IDA & IBRD countries),TEA,Population living in slums (% of urban population),EN.POP.SLUM.UR.ZS,2021,,,
East Asia & Pacific (IDA & IBRD countries),TEA,Rural population (% of total population),SP.RUR.TOTL.ZS,2021,39.67912451,,
East Asia & Pacific (IDA & IBRD countries),TEA,Urban population (% of total population),SP.URB.TOTL.IN.ZS,2021,60.32087549,,
East Asia & Pacific (IDA & IBRD countries),TEA,Urban population growth (annual %),SP.URB.GROW,2021,1.96999158,,
Euro area,EMU,Population density (people per sq. km of land area),EN.POP.DNST,2021,124.7111054,,
Euro area,EMU,Population in urban agglomerations of more than 1 million (% of total population),EN.URB.MCTY.TL.ZS,2021,19.70393243,,
Euro area,EMU,Population living in slums (% of urban population),EN.POP.SLUM.UR.ZS,2021,,,
Euro area,EMU,Rural population (% of total population),SP.RUR.TOTL.ZS,2021,23.03449034,,
Euro area,EMU,Urban population (% of total population),SP.URB.TOTL.IN.ZS,2021,76.96550966,,
Euro area,EMU,Urban population growth (annual %),SP.URB.GROW,2021,0.192234006,,
Europe & Central Asia,ECS,Population density (people per sq. km of land area),EN.POP.DNST,2021,33.69698929,,
Europe & Central Asia,ECS,Population in urban agglomerations of more than 1 million (% of total population),EN.URB.MCTY.TL.ZS,2021,20.88982953,,
Europe & Central Asia,ECS,Population living in slums (% of urban population),EN.POP.SLUM.UR.ZS,2021,,,
Europe & Central Asia,ECS,Rural population (% of total population),SP.RUR.TOTL.ZS,2021,26.37746941,,
Europe & Central Asia,ECS,Urban population (% of total population),SP.URB.TOTL.IN.ZS,2021,73.62253059,,
Europe & Central Asia,ECS,Urban population growth (annual %),SP.URB.GROW,2021,0.249999186,,
Europe & Central Asia (excluding high income),ECA,Population density (people per sq. km of land area),EN.POP.DNST,2021,42.63568029,,
Europe & Central Asia (excluding high income),ECA,Population in urban agglomerations of more than 1 million (% of total population),EN.URB.MCTY.TL.ZS,2021,23.65651836,,
Europe & Central Asia (excluding high income),ECA,Population living in slums (% of urban population),EN.POP.SLUM.UR.ZS,2021,,,
Europe & Central Asia (excluding high income),ECA,Rural population (% of total population),SP.RUR.TOTL.ZS,2021,31.84957454,,
Europe & Central Asia (excluding high income),ECA,Urban population (% of total population),SP.URB.TOTL.IN.ZS,2021,68.15042546,,
Europe & Central Asia (excluding high income),ECA,Urban population growth (annual %),SP.URB.GROW,2021,0.891500978,,
Europe & Central Asia (IDA & IBRD countries),TEC,Population density (people per sq. km of land area),EN.POP.DNST,2021,20.14810466,,
Europe & Central Asia (IDA & IBRD countries),TEC,Population in urban agglomerations of more than 1 million (% of total population),EN.URB.MCTY.TL.ZS,2021,21.24019007,,
Europe & Central Asia (IDA & IBRD countries),TEC,Population living in slums (% of urban population),EN.POP.SLUM.UR.ZS,2021,,,
Europe & Central Asia (IDA & IBRD countries),TEC,Rural population (% of total population),SP.RUR.TOTL.ZS,2021,31.13196293,,
Europe & Central Asia (IDA & IBRD countries),TEC,Urban population (% of total population),SP.URB.TOTL.IN.ZS,2021,68.86803707,,
Europe & Central Asia (IDA & IBRD countries),TEC,Urban population growth (annual %),SP.URB.GROW,2021,0.220774367,,
European Union,EUU,Population density (people per sq. km of land area),EN.POP.DNST,2021,111.8875516,,
European Union,EUU,Population in urban agglomerations of more than 1 million (% of total population),EN.URB.MCTY.TL.ZS,2021,17.69931858,,
European Union,EUU,Population living in slums (% of urban population),EN.POP.SLUM.UR.ZS,2021,,,
European Union,EUU,Rural population (% of total population),SP.RUR.TOTL.ZS,2021,25.35305691,,
European Union,EUU,Urban population (% of total population),SP.URB.TOTL.IN.ZS,2021,74.64694309,,
European Union,EUU,Urban population growth (annual %),SP.URB.GROW,2021,-0.013941265,,
Heavily indebted poor countries (HIPC),HPC,Population density (people per sq. km of land area),EN.POP.DNST,2021,44.8236439,,
Heavily indebted poor countries (HIPC),HPC,Population in urban agglomerations of more than 1 million (% of total population),EN.URB.MCTY.TL.ZS,2021,14.15110106,,
Heavily indebted poor countries (HIPC),HPC,Population living in slums (% of urban population),EN.POP.SLUM.UR.ZS,2021,,,
Heavily indebted poor countries (HIPC),HPC,Rural population (% of total population),SP.RUR.TOTL.ZS,2021,63.53382363,,
Heavily indebted poor countries (HIPC),HPC,Urban population (% of total population),SP.URB.TOTL.IN.ZS,2021,36.46617637,,
Heavily indebted poor countries (HIPC),HPC,Urban population growth (annual %),SP.URB.GROW,2021,3.914246985,,
High income,HIC,Population density (people per sq. km of land area),EN.POP.DNST,2021,26.86446587,,
High income,HIC,Population in urban agglomerations of more than 1 million (% of total population),EN.URB.MCTY.TL.ZS,2021,,,
High income,HIC,Population living in slums (% of urban population),EN.POP.SLUM.UR.ZS,2021,,,
High income,HIC,Rural population (% of total population),SP.RUR.TOTL.ZS,2021,20.19124931,,
High income,HIC,Urban population (% of total population),SP.URB.TOTL.IN.ZS,2021,79.80875069,,
High income,HIC,Urban population growth (annual %),SP.URB.GROW,2021,-0.036132744,,
IBRD only,IBD,Population density (people per sq. km of land area),EN.POP.DNST,2021,69.29800098,,
IBRD only,IBD,Population in urban agglomerations of more than 1 million (% of total population),EN.URB.MCTY.TL.ZS,2021,24.19561378,,
IBRD only,IBD,Population living in slums (% of urban population),EN.POP.SLUM.UR.ZS,2021,,,
IBRD only,IBD,Rural population (% of total population),SP.RUR.TOTL.ZS,2021,42.58126586,,
IBRD only,IBD,Urban population (% of total population),SP.URB.TOTL.IN.ZS,2021,57.41873414,,
IBRD only,IBD,Urban population growth (annual %),SP.URB.GROW,2021,1.518986708,,
IDA & IBRD total,IBT,Population density (people per sq. km of land area),EN.POP.DNST,2021,70.04922239,,
IDA & IBRD total,IBT,Population in urban agglomerations of more than 1 million (% of total population),EN.URB.MCTY.TL.ZS,2021,21.74133367,,
IDA & IBRD total,IBT,Population living in slums (% of urban population),EN.POP.SLUM.UR.ZS,2021,,,
IDA & IBRD total,IBT,Rural population (% of total population),SP.RUR.TOTL.ZS,2021,47.49183188,,
IDA & IBRD total,IBT,Urban population (% of total population),SP.URB.TOTL.IN.ZS,2021,52.50816812,,
IDA & IBRD total,IBT,Urban population growth (annual %),SP.URB.GROW,2021,1.872158119,,
IDA blend,IDB,Population density (people per sq. km of land area),EN.POP.DNST,2021,130.0533728,,
IDA blend,IDB,Population in urban agglomerations of more than 1 million (% of total population),EN.URB.MCTY.TL.ZS,2021,,,
IDA blend,IDB,Population living in slums (% of urban population),EN.POP.SLUM.UR.ZS,2021,,,
IDA blend,IDB,Rural population (% of total population),SP.RUR.TOTL.ZS,2021,52.90506771,,
IDA blend,IDB,Urban population (% of total population),SP.URB.TOTL.IN.ZS,2021,47.09493229,,
IDA blend,IDB,Urban population growth (annual %),SP.URB.GROW,2021,3.139725165,,
IDA only,IDX,Population density (people per sq. km of land area),EN.POP.DNST,2021,58.19958859,,
IDA only,IDX,Population in urban agglomerations of more than 1 million (% of total population),EN.URB.MCTY.TL.ZS,2021,13.09743944,,
IDA only,IDX,Population living in slums (% of urban population),EN.POP.SLUM.UR.ZS,2021,,,
IDA only,IDX,Rural population (% of total population),SP.RUR.TOTL.ZS,2021,64.86507331,,
IDA only,IDX,Urban population (% of total population),SP.URB.TOTL.IN.ZS,2021,35.13492669,,
IDA only,IDX,Urban population growth (annual %),SP.URB.GROW,2021,3.363002915,,
IDA total,IDA,Population density (people per sq. km of land area),EN.POP.DNST,2021,72.1497137,,
IDA total,IDA,Population in urban agglomerations of more than 1 million (% of total population),EN.URB.MCTY.TL.ZS,2021,14.7308428,,
IDA total,IDA,Population living in slums (% of urban population),EN.POP.SLUM.UR.ZS,2021,,,
IDA total,IDA,Rural population (% of total population),SP.RUR.TOTL.ZS,2021,60.67957811,,
IDA total,IDA,Urban population (% of total population),SP.URB.TOTL.IN.ZS,2021,39.32042189,,
IDA total,IDA,Urban population growth (annual %),SP.URB.GROW,2021,3.26935492,,
Late-demographic dividend,LTE,Population density (people per sq. km of land area),EN.POP.DNST,2021,52.09686241,,
Late-demographic dividend,LTE,Population in urban agglomerations of more than 1 million (% of total population),EN.URB.MCTY.TL.ZS,2021,29.35278208,,
Late-demographic dividend,LTE,Population living in slums (% of urban population),EN.POP.SLUM.UR.ZS,2021,,,
Late-demographic dividend,LTE,Rural population (% of total population),SP.RUR.TOTL.ZS,2021,33.87156441,,
Late-demographic dividend,LTE,Urban population (% of total population),SP.URB.TOTL.IN.ZS,2021,66.12843559,,
Late-demographic dividend,LTE,Urban population growth (annual %),SP.URB.GROW,2021,1.489065998,,
Latin America & Caribbean,LCN,Population density (people per sq. km of land area),EN.POP.DNST,2021,32.36960743,,
Latin America & Caribbean,LCN,Population in urban agglomerations of more than 1 million (% of total population),EN.URB.MCTY.TL.ZS,2021,38.92781033,,
Latin America & Caribbean,LCN,Population living in slums (% of urban population),EN.POP.SLUM.UR.ZS,2021,,,
Latin America & Caribbean,LCN,Rural population (% of total population),SP.RUR.TOTL.ZS,2021,19.36581244,,
Latin America & Caribbean,LCN,Urban population (% of total population),SP.URB.TOTL.IN.ZS,2021,80.63418756,,
Latin America & Caribbean,LCN,Urban population growth (annual %),SP.URB.GROW,2021,0.821760512,,
Latin America & Caribbean (excluding high income),LAC,Population density (people per sq. km of land area),EN.POP.DNST,2021,32.49617575,,
Latin America & Caribbean (excluding high income),LAC,Population in urban agglomerations of more than 1 million (% of total population),EN.URB.MCTY.TL.ZS,2021,38.84379498,,
Latin America & Caribbean (excluding high income),LAC,Population living in slums (% of urban population),EN.POP.SLUM.UR.ZS,2021,,,
Latin America & Caribbean (excluding high income),LAC,Rural population (% of total population),SP.RUR.TOTL.ZS,2021,19.49418694,,
Latin America & Caribbean (excluding high income),LAC,Urban population (% of total population),SP.URB.TOTL.IN.ZS,2021,80.50581306,,
Latin America & Caribbean (excluding high income),LAC,Urban population growth (annual %),SP.URB.GROW,2021,0.840545765,,
Latin America & the Caribbean (IDA & IBRD countries),TLA,Population density (people per sq. km of land area),EN.POP.DNST,2021,31.80143463,,
Latin America & the Caribbean (IDA & IBRD countries),TLA,Population in urban agglomerations of more than 1 million (% of total population),EN.URB.MCTY.TL.ZS,2021,39.08913275,,
Latin America & the Caribbean (IDA & IBRD countries),TLA,Population living in slums (% of urban population),EN.POP.SLUM.UR.ZS,2021,,,
Latin America & the Caribbean (IDA & IBRD countries),TLA,Rural population (% of total population),SP.RUR.TOTL.ZS,2021,19.37890009,,
Latin America & the Caribbean (IDA & IBRD countries),TLA,Urban population (% of total population),SP.URB.TOTL.IN.ZS,2021,80.62109991,,
Latin America & the Caribbean (IDA & IBRD countries),TLA,Urban population growth (annual %),SP.URB.GROW,2021,0.853765619,,
Least developed countries: UN classification,LDC,Population density (people per sq. km of land area),EN.POP.DNST,2021,54.43427282,,
Least developed countries: UN classification,LDC,Population in urban agglomerations of more than 1 million (% of total population),EN.URB.MCTY.TL.ZS,2021,13.00240279,,
Least developed countries: UN classification,LDC,Population living in slums (% of urban population),EN.POP.SLUM.UR.ZS,2021,,,
Least developed countries: UN classification,LDC,Rural population (% of total population),SP.RUR.TOTL.ZS,2021,65.18932589,,
Least developed countries: UN classification,LDC,Urban population (% of total population),SP.URB.TOTL.IN.ZS,2021,34.81067411,,
Least developed countries: UN classification,LDC,Urban population growth (annual %),SP.URB.GROW,2021,3.570796101,,
Low & middle income,LMY,Population density (people per sq. km of land area),EN.POP.DNST,2021,83.69894264,,
Low & middle income,LMY,Population in urban agglomerations of more than 1 million (% of total population),EN.URB.MCTY.TL.ZS,2021,21.71771194,,
Low & middle income,LMY,Population living in slums (% of urban population),EN.POP.SLUM.UR.ZS,2021,,,
Low & middle income,LMY,Rural population (% of total population),SP.RUR.TOTL.ZS,2021,48.09460014,,
Low & middle income,LMY,Urban population (% of total population),SP.URB.TOTL.IN.ZS,2021,51.90539986,,
Low & middle income,LMY,Urban population growth (annual %),SP.URB.GROW,2021,1.97910893,,
Low income,LIC,Population density (people per sq. km of land area),EN.POP.DNST,2021,46.92244144,,
Low income,LIC,Population in urban agglomerations of more than 1 million (% of total population),EN.URB.MCTY.TL.ZS,2021,11.67960748,,
Low income,LIC,Population living in slums (% of urban population),EN.POP.SLUM.UR.ZS,2021,,,
Low income,LIC,Rural population (% of total population),SP.RUR.TOTL.ZS,2021,66.5236042,,
Low income,LIC,Urban population (% of total population),SP.URB.TOTL.IN.ZS,2021,33.4763958,,
Low income,LIC,Urban population growth (annual %),SP.URB.GROW,2021,3.897060768,,
Lower middle income,LMC,Population density (people per sq. km of land area),EN.POP.DNST,2021,148.1387244,,
Lower middle income,LMC,Population in urban agglomerations of more than 1 million (% of total population),EN.URB.MCTY.TL.ZS,2021,17.05995896,,
Lower middle income,LMC,Population living in slums (% of urban population),EN.POP.SLUM.UR.ZS,2021,,,
Lower middle income,LMC,Rural population (% of total population),SP.RUR.TOTL.ZS,2021,59.59622868,,
Lower middle income,LMC,Urban population (% of total population),SP.URB.TOTL.IN.ZS,2021,40.40377132,,
Lower middle income,LMC,Urban population growth (annual %),SP.URB.GROW,2021,2.235216294,,
"Middle East, North Africa, Afghanistan & Pakistan",MEA,Population density (people per sq. km of land area),EN.POP.DNST,2021,60.72504311,,
"Middle East, North Africa, Afghanistan & Pakistan",MEA,Population in urban agglomerations of more than 1 million (% of total population),EN.URB.MCTY.TL.ZS,2021,22.60797304,,
"Middle East, North Africa, Afghanistan & Pakistan",MEA,Population living in slums (% of urban population),EN.POP.SLUM.UR.ZS,2021,,,
"Middle East, North Africa, Afghanistan & Pakistan",MEA,Rural population (% of total population),SP.RUR.TOTL.ZS,2021,45.18114318,,
"Middle East, North Africa, Afghanistan & Pakistan",MEA,Urban population (% of total population),SP.URB.TOTL.IN.ZS,2021,54.81885682,,
"Middle East, North Africa, Afghanistan & Pakistan",MEA,Urban population growth (annual %),SP.URB.GROW,2021,1.717721302,,
"Middle East, North Africa, Afghanistan & Pakistan (excluding high income)",MNA,Population density (people per sq. km of land area),EN.POP.DNST,2021,70.03993574,,
"Middle East, North Africa, Afghanistan & Pakistan (excluding high income)",MNA,Population in urban agglomerations of more than 1 million (% of total population),EN.URB.MCTY.TL.ZS,2021,19.73445566,,
"Middle East, North Africa, Afghanistan & Pakistan (excluding high income)",MNA,Population living in slums (% of urban population),EN.POP.SLUM.UR.ZS,2021,,,
"Middle East, North Africa, Afghanistan & Pakistan (excluding high income)",MNA,Rural population (% of total population),SP.RUR.TOTL.ZS,2021,48.08421126,,
"Middle East, North Africa, Afghanistan & Pakistan (excluding high income)",MNA,Urban population (% of total population),SP.URB.TOTL.IN.ZS,2021,51.91578874,,
"Middle East, North Africa, Afghanistan & Pakistan (excluding high income)",MNA,Urban population growth (annual %),SP.URB.GROW,2021,2.144006505,,
"Middle East, North Africa, Afghanistan & Pakistan (IDA & IBRD)",TMN,Population density (people per sq. km of land area),EN.POP.DNST,2021,69.59218525,,
"Middle East, North Africa, Afghanistan & Pakistan (IDA & IBRD)",TMN,Population in urban agglomerations of more than 1 million (% of total population),EN.URB.MCTY.TL.ZS,2021,19.73445566,,
"Middle East, North Africa, Afghanistan & Pakistan (IDA & IBRD)",TMN,Population living in slums (% of urban population),EN.POP.SLUM.UR.ZS,2021,,,
"Middle East, North Africa, Afghanistan & Pakistan (IDA & IBRD)",TMN,Rural population (% of total population),SP.RUR.TOTL.ZS,2021,48.32642454,,
"Middle East, North Africa, Afghanistan & Pakistan (IDA & IBRD)",TMN,Urban population (% of total population),SP.URB.TOTL.IN.ZS,2021,51.67357546,,
"Middle East, North Africa, Afghanistan & Pakistan (IDA & IBRD)",TMN,Urban population growth (annual %),SP.URB.GROW,2021,2.13679085,,
Middle income,MIC,Population density (people per sq. km of land area),EN.POP.DNST,2021,92.23422646,,
Middle income,MIC,Population in urban agglomerations of more than 1 million (% of total population),EN.URB.MCTY.TL.ZS,2021,22.86310073,,
Middle income,MIC,Population living in slums (% of urban population),EN.POP.SLUM.UR.ZS,2021,,,
Middle income,MIC,Rural population (% of total population),SP.RUR.TOTL.ZS,2021,45.91870523,,
Middle income,MIC,Urban population (% of total population),SP.URB.TOTL.IN.ZS,2021,54.08129477,,
Middle income,MIC,Urban population growth (annual %),SP.URB.GROW,2021,1.840367575,,
North America,NAC,Population density (people per sq. km of land area),EN.POP.DNST,2021,20.65126476,,
North America,NAC,Population in urban agglomerations of more than 1 million (% of total population),EN.URB.MCTY.TL.ZS,2021,46.64751634,,
North America,NAC,Population living in slums (% of urban population),EN.POP.SLUM.UR.ZS,2021,,,
North America,NAC,Rural population (% of total population),SP.RUR.TOTL.ZS,2021,19.76496091,,
North America,NAC,Urban population (% of total population),SP.URB.TOTL.IN.ZS,2021,80.23503909,,
North America,NAC,Urban population growth (annual %),SP.URB.GROW,2021,0.239549999,,
Not classified,INX,Population in urban agglomerations of more than 1 million (% of total population),EN.URB.MCTY.TL.ZS,2021,,,
Not classified,INX,Population living in slums (% of urban population),EN.POP.SLUM.UR.ZS,2021,,,
OECD members,OED,Population density (people per sq. km of land area),EN.POP.DNST,2021,38.83563184,,
OECD members,OED,Population in urban agglomerations of more than 1 million (% of total population),EN.URB.MCTY.TL.ZS,2021,37.78070557,,
OECD members,OED,Population living in slums (% of urban population),EN.POP.SLUM.UR.ZS,2021,,,
OECD members,OED,Rural population (% of total population),SP.RUR.TOTL.ZS,2021,19.14422151,,
OECD members,OED,Urban population (% of total population),SP.URB.TOTL.IN.ZS,2021,80.85577849,,
OECD members,OED,Urban population growth (annual %),SP.URB.GROW,2021,0.326099927,,
Other small states,OSS,Population density (people per sq. km of land area),EN.POP.DNST,2021,45.62047229,,
Other small states,OSS,Population in urban agglomerations of more than 1 million (% of total population),EN.URB.MCTY.TL.ZS,2021,,,
Other small states,OSS,Population living in slums (% of urban population),EN.POP.SLUM.UR.ZS,2021,,,
Other small states,OSS,Rural population (% of total population),SP.RUR.TOTL.ZS,2021,45.78002821,,
Other small states,OSS,Urban population (% of total population),SP.URB.TOTL.IN.ZS,2021,54.21997179,,
Other small states,OSS,Urban population growth (annual %),SP.URB.GROW,2021,1.293689941,,
Pacific island small states,PSS,Population density (people per sq. km of land area),EN.POP.DNST,2021,40.92740452,,
Pacific island small states,PSS,Population in urban agglomerations of more than 1 million (% of total population),EN.URB.MCTY.TL.ZS,2021,,,
Pacific island small states,PSS,Population living in slums (% of urban population),EN.POP.SLUM.UR.ZS,2021,,,
Pacific island small states,PSS,Rural population (% of total population),SP.RUR.TOTL.ZS,2021,60.3416681,,
Pacific island small states,PSS,Urban population (% of total population),SP.URB.TOTL.IN.ZS,2021,39.6583319,,
Pacific island small states,PSS,Urban population growth (annual %),SP.URB.GROW,2021,1.672530807,,
Post-demographic dividend,PST,Population density (people per sq. km of land area),EN.POP.DNST,2021,35.83359008,,
Post-demographic dividend,PST,Population in urban agglomerations of more than 1 million (% of total population),EN.URB.MCTY.TL.ZS,2021,37.43225618,,
Post-demographic dividend,PST,Population living in slums (% of urban population),EN.POP.SLUM.UR.ZS,2021,,,
Post-demographic dividend,PST,Rural population (% of total population),SP.RUR.TOTL.ZS,2021,19.18296016,,
Post-demographic dividend,PST,Urban population (% of total population),SP.URB.TOTL.IN.ZS,2021,80.81703984,,
Post-demographic dividend,PST,Urban population growth (annual %),SP.URB.GROW,2021,0.058443332,,
Pre-demographic dividend,PRE,Population density (people per sq. km of land area),EN.POP.DNST,2021,50.3932144,,
Pre-demographic dividend,PRE,Population in urban agglomerations of more than 1 million (% of total population),EN.URB.MCTY.TL.ZS,2021,16.07810341,,
Pre-demographic dividend,PRE,Population living in slums (% of urban population),EN.POP.SLUM.UR.ZS,2021,,,
Pre-demographic dividend,PRE,Rural population (% of total population),SP.RUR.TOTL.ZS,2021,56.03330276,,
Pre-demographic dividend,PRE,Urban population (% of total population),SP.URB.TOTL.IN.ZS,2021,43.96669724,,
Pre-demographic dividend,PRE,Urban population growth (annual %),SP.URB.GROW,2021,3.670979001,,
Small states,SST,Population density (people per sq. km of land area),EN.POP.DNST,2021,26.12970476,,
Small states,SST,Population in urban agglomerations of more than 1 million (% of total population),EN.URB.MCTY.TL.ZS,2021,,,
Small states,SST,Population living in slums (% of urban population),EN.POP.SLUM.UR.ZS,2021,,,
Small states,SST,Rural population (% of total population),SP.RUR.TOTL.ZS,2021,48.65992722,,
Small states,SST,Urban population (% of total population),SP.URB.TOTL.IN.ZS,2021,51.34007278,,
Small states,SST,Urban population growth (annual %),SP.URB.GROW,2021,1.146892091,,
South Asia,SAS,Population density (people per sq. km of land area),EN.POP.DNST,2021,488.4315721,,
South Asia,SAS,Population in urban agglomerations of more than 1 million (% of total population),EN.URB.MCTY.TL.ZS,2021,15.74048032,,
South Asia,SAS,Population living in slums (% of urban population),EN.POP.SLUM.UR.ZS,2021,,,
South Asia,SAS,Rural population (% of total population),SP.RUR.TOTL.ZS,2021,65.49130313,,
South Asia,SAS,Urban population (% of total population),SP.URB.TOTL.IN.ZS,2021,34.50869687,,
South Asia,SAS,Urban population growth (annual %),SP.URB.GROW,2021,1.740680091,,
South Asia (IDA & IBRD),TSA,Population density (people per sq. km of land area),EN.POP.DNST,2021,488.4315721,,
South Asia (IDA & IBRD),TSA,Population in urban agglomerations of more than 1 million (% of total population),EN.URB.MCTY.TL.ZS,2021,15.74048032,,
South Asia (IDA & IBRD),TSA,Population living in slums (% of urban population),EN.POP.SLUM.UR.ZS,2021,,,
South Asia (IDA & IBRD),TSA,Rural population (% of total population),SP.RUR.TOTL.ZS,2021,65.49130313,,
South Asia (IDA & IBRD),TSA,Urban population (% of total population),SP.URB.TOTL.IN.ZS,2021,34.50869687,,
South Asia (IDA & IBRD),TSA,Urban population growth (annual %),SP.URB.GROW,2021,1.740680091,,
Sub-Saharan Africa,SSF,Population density (people per sq. km of land area),EN.POP.DNST,2021,50.12283845,,
Sub-Saharan Africa,SSF,Population in urban agglomerations of more than 1 million (% of total population),EN.URB.MCTY.TL.ZS,2021,15.60637358,,
Sub-Saharan Africa,SSF,Population living in slums (% of urban population),EN.POP.SLUM.UR.ZS,2021,,,
Sub-Saharan Africa,SSF,Rural population (% of total population),SP.RUR.TOTL.ZS,2021,57.35103654,,
Sub-Saharan Africa,SSF,Urban population (% of total population),SP.URB.TOTL.IN.ZS,2021,42.64896346,,
Sub-Saharan Africa,SSF,Urban population growth (annual %),SP.URB.GROW,2021,3.666797261,,
Sub-Saharan Africa (excluding high income),SSA,Population density (people per sq. km of land area),EN.POP.DNST,2021,50.1196504,,
Sub-Saharan Africa (excluding high income),SSA,Population in urban agglomerations of more than 1 million (% of total population),EN.URB.MCTY.TL.ZS,2021,15.60637358,,
Sub-Saharan Africa (excluding high income),SSA,Population living in slums (% of urban population),EN.POP.SLUM.UR.ZS,2021,,,
Sub-Saharan Africa (excluding high income),SSA,Rural population (% of total population),SP.RUR.TOTL.ZS,2021,57.35119841,,
Sub-Saharan Africa (excluding high income),SSA,Urban population (% of total population),SP.URB.TOTL.IN.ZS,2021,42.64880159,,
Sub-Saharan Africa (excluding high income),SSA,Urban population growth (annual %),SP.URB.GROW,2021,3.666986888,,
Sub-Saharan Africa (IDA & IBRD countries),TSS,Population density (people per sq. km of land area),EN.POP.DNST,2021,50.12283845,,
Sub-Saharan Africa (IDA & IBRD countries),TSS,Population in urban agglomerations of more than 1 million (% of total population),EN.URB.MCTY.TL.ZS,2021,15.60637358,,
Sub-Saharan Africa (IDA & IBRD countries),TSS,Population living in slums (% of urban population),EN.POP.SLUM.UR.ZS,2021,,,
Sub-Saharan Africa (IDA & IBRD countries),TSS,Rural population (% of total population),SP.RUR.TOTL.ZS,2021,57.35103654,,
Sub-Saharan Africa (IDA & IBRD countries),TSS,Urban population (% of total population),SP.URB.TOTL.IN.ZS,2021,42.64896346,,
Sub-Saharan Africa (IDA & IBRD countries),TSS,Urban population growth (annual %),SP.URB.GROW,2021,3.666797261,,
Upper middle income,UMC,Population density (people per sq. km of land area),EN.POP.DNST,2021,68.47062207,,
Upper middle income,UMC,Population in urban agglomerations of more than 1 million (% of total population),EN.URB.MCTY.TL.ZS,2021,28.17568296,,
Upper middle income,UMC,Population living in slums (% of urban population),EN.POP.SLUM.UR.ZS,2021,,,
Upper middle income,UMC,Rural population (% of total population),SP.RUR.TOTL.ZS,2021,33.33995896,,
Upper middle income,UMC,Urban population (% of total population),SP.URB.TOTL.IN.ZS,2021,66.66004104,,
Upper middle income,UMC,Urban population growth (annual %),SP.URB.GROW,2021,1.620944008,,
World,WLD,Population density (people per sq. km of land area),EN.POP.DNST,2021,61.01385224,,
World,WLD,Population in urban agglomerations of more than 1 million (% of total population),EN.URB.MCTY.TL.ZS,2021,24.38430796,,
World,WLD,Population living in slums (% of urban population),EN.POP.SLUM.UR.ZS,2021,,,
World,WLD,Rural population (% of total population),SP.RUR.TOTL.ZS,2021,43.1907773,,
World,WLD,Urban population (% of total population),SP.URB.TOTL.IN.ZS,2021,56.8092227,,
World,WLD,Urban population growth (annual %),SP.URB.GROW,2021,1.477769913,,
Africa Eastern and Southern,AFE,Population density (people per sq. km of land area),EN.POP.DNST,2022,49.25804317,,
Africa Eastern and Southern,AFE,Population in urban agglomerations of more than 1 million (% of total population),EN.URB.MCTY.TL.ZS,2022,14.64972274,,
Africa Eastern and Southern,AFE,Population living in slums (% of urban population),EN.POP.SLUM.UR.ZS,2022,56.72095199,,
Africa Eastern and Southern,AFE,Rural population (% of total population),SP.RUR.TOTL.ZS,2022,62.63942189,,
Africa Eastern and Southern,AFE,Urban population (% of total population),SP.URB.TOTL.IN.ZS,2022,37.36057811,,
Africa Eastern and Southern,AFE,Urban population growth (annual %),SP.URB.GROW,2022,3.81005887,,
Africa Western and Central,AFW,Population density (people per sq. km of land area),EN.POP.DNST,2022,54.87270773,,
Africa Western and Central,AFW,Population in urban agglomerations of more than 1 million (% of total population),EN.URB.MCTY.TL.ZS,2022,17.432083,,
Africa Western and Central,AFW,Population living in slums (% of urban population),EN.POP.SLUM.UR.ZS,2022,50.4973824,,
Africa Western and Central,AFW,Rural population (% of total population),SP.RUR.TOTL.ZS,2022,48.29989715,,
Africa Western and Central,AFW,Urban population (% of total population),SP.URB.TOTL.IN.ZS,2022,51.70010285,,
Africa Western and Central,AFW,Urban population growth (annual %),SP.URB.GROW,2022,3.509085874,,
Arab World,ARB,Population density (people per sq. km of land area),EN.POP.DNST,2022,35.97953568,,
Arab World,ARB,Population in urban agglomerations of more than 1 million (% of total population),EN.URB.MCTY.TL.ZS,2022,22.82479276,,
Arab World,ARB,Population living in slums (% of urban population),EN.POP.SLUM.UR.ZS,2022,22.1959792,,
Arab World,ARB,Rural population (% of total population),SP.RUR.TOTL.ZS,2022,40.66606749,,
Arab World,ARB,Urban population (% of total population),SP.URB.TOTL.IN.ZS,2022,59.33393251,,
Arab World,ARB,Urban population growth (annual %),SP.URB.GROW,2022,2.671334354,,
Caribbean small states,CSS,Population density (people per sq. km of land area),EN.POP.DNST,2022,10.89418157,,
Caribbean small states,CSS,Population in urban agglomerations of more than 1 million (% of total population),EN.URB.MCTY.TL.ZS,2022,,,
Caribbean small states,CSS,Population living in slums (% of urban population),EN.POP.SLUM.UR.ZS,2022,10.97052458,,
Caribbean small states,CSS,Rural population (% of total population),SP.RUR.TOTL.ZS,2022,49.86855513,,
Caribbean small states,CSS,Urban population (% of total population),SP.URB.TOTL.IN.ZS,2022,50.13144487,,
Caribbean small states,CSS,Urban population growth (annual %),SP.URB.GROW,2022,0.4200303,,
Central Europe and the Baltics,CEB,Population density (people per sq. km of land area),EN.POP.DNST,2022,90.57080105,,
Central Europe and the Baltics,CEB,Population in urban agglomerations of more than 1 million (% of total population),EN.URB.MCTY.TL.ZS,2022,,,
Central Europe and the Baltics,CEB,Population living in slums (% of urban population),EN.POP.SLUM.UR.ZS,2022,2.243268855,,
Central Europe and the Baltics,CEB,Rural population (% of total population),SP.RUR.TOTL.ZS,2022,38.40647597,,
Central Europe and the Baltics,CEB,Urban population (% of total population),SP.URB.TOTL.IN.ZS,2022,61.59352403,,
Central Europe and the Baltics,CEB,Urban population growth (annual %),SP.URB.GROW,2022,-0.061542318,,
Early-demographic dividend,EAR,Population density (people per sq. km of land area),EN.POP.DNST,2022,104.1334261,,
Early-demographic dividend,EAR,Population in urban agglomerations of more than 1 million (% of total population),EN.URB.MCTY.TL.ZS,2022,19.17840154,,
Early-demographic dividend,EAR,Population living in slums (% of urban population),EN.POP.SLUM.UR.ZS,2022,,,
Early-demographic dividend,EAR,Rural population (% of total population),SP.RUR.TOTL.ZS,2022,53.30307566,,
Early-demographic dividend,EAR,Urban population (% of total population),SP.URB.TOTL.IN.ZS,2022,46.69692434,,
Early-demographic dividend,EAR,Urban population growth (annual %),SP.URB.GROW,2022,1.810179706,,
East Asia & Pacific,EAS,Population density (people per sq. km of land area),EN.POP.DNST,2022,97.32964927,,
East Asia & Pacific,EAS,Population in urban agglomerations of more than 1 million (% of total population),EN.URB.MCTY.TL.ZS,2022,,,
East Asia & Pacific,EAS,Population living in slums (% of urban population),EN.POP.SLUM.UR.ZS,2022,23.32624543,,
East Asia & Pacific,EAS,Rural population (% of total population),SP.RUR.TOTL.ZS,2022,36.31717556,,
East Asia & Pacific,EAS,Urban population (% of total population),SP.URB.TOTL.IN.ZS,2022,63.68282444,,
East Asia & Pacific,EAS,Urban population growth (annual %),SP.URB.GROW,2022,0.894649588,,
East Asia & Pacific (excluding high income),EAP,Population density (people per sq. km of land area),EN.POP.DNST,2022,133.3382379,,
East Asia & Pacific (excluding high income),EAP,Population in urban agglomerations of more than 1 million (% of total population),EN.URB.MCTY.TL.ZS,2022,,,
East Asia & Pacific (excluding high income),EAP,Population living in slums (% of urban population),EN.POP.SLUM.UR.ZS,2022,26.59496732,,
East Asia & Pacific (excluding high income),EAP,Rural population (% of total population),SP.RUR.TOTL.ZS,2022,39.14060314,,
East Asia & Pacific (excluding high income),EAP,Urban population (% of total population),SP.URB.TOTL.IN.ZS,2022,60.85939686,,
East Asia & Pacific (excluding high income),EAP,Urban population growth (annual %),SP.URB.GROW,2022,1.071136756,,
East Asia & Pacific (IDA & IBRD countries),TEA,Population density (people per sq. km of land area),EN.POP.DNST,2022,132.689166,,
East Asia & Pacific (IDA & IBRD countries),TEA,Population in urban agglomerations of more than 1 million (% of total population),EN.URB.MCTY.TL.ZS,2022,,,
East Asia & Pacific (IDA & IBRD countries),TEA,Population living in slums (% of urban population),EN.POP.SLUM.UR.ZS,2022,26.6432665,,
East Asia & Pacific (IDA & IBRD countries),TEA,Rural population (% of total population),SP.RUR.TOTL.ZS,2022,39.16981722,,
East Asia & Pacific (IDA & IBRD countries),TEA,Urban population (% of total population),SP.URB.TOTL.IN.ZS,2022,60.83018278,,
East Asia & Pacific (IDA & IBRD countries),TEA,Urban population growth (annual %),SP.URB.GROW,2022,1.0740812,,
Euro area,EMU,Population density (people per sq. km of land area),EN.POP.DNST,2022,125.0495186,,
Euro area,EMU,Population in urban agglomerations of more than 1 million (% of total population),EN.URB.MCTY.TL.ZS,2022,19.74271494,,
Euro area,EMU,Population living in slums (% of urban population),EN.POP.SLUM.UR.ZS,2022,0.138757932,,
Euro area,EMU,Rural population (% of total population),SP.RUR.TOTL.ZS,2022,22.91252063,,
Euro area,EMU,Urban population (% of total population),SP.URB.TOTL.IN.ZS,2022,77.08747937,,
Euro area,EMU,Urban population growth (annual %),SP.URB.GROW,2022,0.426778212,,
Europe & Central Asia,ECS,Population density (people per sq. km of land area),EN.POP.DNST,2022,33.69335661,,
Europe & Central Asia,ECS,Population in urban agglomerations of more than 1 million (% of total population),EN.URB.MCTY.TL.ZS,2022,21.053318,,
Europe & Central Asia,ECS,Population living in slums (% of urban population),EN.POP.SLUM.UR.ZS,2022,2.799345682,,
Europe & Central Asia,ECS,Rural population (% of total population),SP.RUR.TOTL.ZS,2022,26.270403,,
Europe & Central Asia,ECS,Urban population (% of total population),SP.URB.TOTL.IN.ZS,2022,73.729597,,
Europe & Central Asia,ECS,Urban population growth (annual %),SP.URB.GROW,2022,0.133571227,,
Europe & Central Asia (excluding high income),ECA,Population density (people per sq. km of land area),EN.POP.DNST,2022,42.40636574,,
Europe & Central Asia (excluding high income),ECA,Population in urban agglomerations of more than 1 million (% of total population),EN.URB.MCTY.TL.ZS,2022,24.14443736,,
Europe & Central Asia (excluding high income),ECA,Population living in slums (% of urban population),EN.POP.SLUM.UR.ZS,2022,10.3263022,,
Europe & Central Asia (excluding high income),ECA,Rural population (% of total population),SP.RUR.TOTL.ZS,2022,31.83710607,,
Europe & Central Asia (excluding high income),ECA,Urban population (% of total population),SP.URB.TOTL.IN.ZS,2022,68.16289393,,
Europe & Central Asia (excluding high income),ECA,Urban population growth (annual %),SP.URB.GROW,2022,-0.520492653,,
Europe & Central Asia (IDA & IBRD countries),TEC,Population density (people per sq. km of land area),EN.POP.DNST,2022,20.05402049,,
Europe & Central Asia (IDA & IBRD countries),TEC,Population in urban agglomerations of more than 1 million (% of total population),EN.URB.MCTY.TL.ZS,2022,21.54687973,,
Europe & Central Asia (IDA & IBRD countries),TEC,Population living in slums (% of urban population),EN.POP.SLUM.UR.ZS,2022,6.22171556,,
Europe & Central Asia (IDA & IBRD countries),TEC,Rural population (% of total population),SP.RUR.TOTL.ZS,2022,31.08872167,,
Europe & Central Asia (IDA & IBRD countries),TEC,Urban population (% of total population),SP.URB.TOTL.IN.ZS,2022,68.91127833,,
Europe & Central Asia (IDA & IBRD countries),TEC,Urban population growth (annual %),SP.URB.GROW,2022,-0.405199578,,
European Union,EUU,Population density (people per sq. km of land area),EN.POP.DNST,2022,112.1348486,,
European Union,EUU,Population in urban agglomerations of more than 1 million (% of total population),EN.URB.MCTY.TL.ZS,2022,17.74212353,,
European Union,EUU,Population living in slums (% of urban population),EN.POP.SLUM.UR.ZS,2022,0.494953994,,
European Union,EUU,Rural population (% of total population),SP.RUR.TOTL.ZS,2022,25.2340318,,
European Union,EUU,Urban population (% of total population),SP.URB.TOTL.IN.ZS,2022,74.7659682,,
European Union,EUU,Urban population growth (annual %),SP.URB.GROW,2022,0.37765285,,
Heavily indebted poor countries (HIPC),HPC,Population density (people per sq. km of land area),EN.POP.DNST,2022,46.00338016,,
Heavily indebted poor countries (HIPC),HPC,Population in urban agglomerations of more than 1 million (% of total population),EN.URB.MCTY.TL.ZS,2022,14.3022234,,
Heavily indebted poor countries (HIPC),HPC,Population living in slums (% of urban population),EN.POP.SLUM.UR.ZS,2022,59.9225489,,
Heavily indebted poor countries (HIPC),HPC,Rural population (% of total population),SP.RUR.TOTL.ZS,2022,63.05936902,,
Heavily indebted poor countries (HIPC),HPC,Urban population (% of total population),SP.URB.TOTL.IN.ZS,2022,36.94063098,,
Heavily indebted poor countries (HIPC),HPC,Urban population growth (annual %),SP.URB.GROW,2022,3.890565324,,
High income,HIC,Population density (people per sq. km of land area),EN.POP.DNST,2022,27.00309407,,
High income,HIC,Population in urban agglomerations of more than 1 million (% of total population),EN.URB.MCTY.TL.ZS,2022,,,
High income,HIC,Population living in slums (% of urban population),EN.POP.SLUM.UR.ZS,2022,1.090849844,,
High income,HIC,Rural population (% of total population),SP.RUR.TOTL.ZS,2022,20.09527414,,
High income,HIC,Urban population (% of total population),SP.URB.TOTL.IN.ZS,2022,79.90472586,,
High income,HIC,Urban population growth (annual %),SP.URB.GROW,2022,0.565942798,,
IBRD only,IBD,Population density (people per sq. km of land area),EN.POP.DNST,2022,69.62394558,,
IBRD only,IBD,Population in urban agglomerations of more than 1 million (% of total population),EN.URB.MCTY.TL.ZS,2022,24.57421445,,
IBRD only,IBD,Population living in slums (% of urban population),EN.POP.SLUM.UR.ZS,2022,22.52048581,,
IBRD only,IBD,Rural population (% of total population),SP.RUR.TOTL.ZS,2022,42.2447662,,
IBRD only,IBD,Urban population (% of total population),SP.URB.TOTL.IN.ZS,2022,57.7552338,,
IBRD only,IBD,Urban population growth (annual %),SP.URB.GROW,2022,1.051798539,,
IDA & IBRD total,IBT,Population density (people per sq. km of land area),EN.POP.DNST,2022,70.69519702,,
IDA & IBRD total,IBT,Population in urban agglomerations of more than 1 million (% of total population),EN.URB.MCTY.TL.ZS,2022,22.03632962,,
IDA & IBRD total,IBT,Population living in slums (% of urban population),EN.POP.SLUM.UR.ZS,2022,30.03999941,,
IDA & IBRD total,IBT,Rural population (% of total population),SP.RUR.TOTL.ZS,2022,47.1836203,,
IDA & IBRD total,IBT,Urban population (% of total population),SP.URB.TOTL.IN.ZS,2022,52.8163797,,
IDA & IBRD total,IBT,Urban population growth (annual %),SP.URB.GROW,2022,1.501979151,,
IDA blend,IDB,Population density (people per sq. km of land area),EN.POP.DNST,2022,132.6373099,,
IDA blend,IDB,Population in urban agglomerations of more than 1 million (% of total population),EN.URB.MCTY.TL.ZS,2022,,,
IDA blend,IDB,Population living in slums (% of urban population),EN.POP.SLUM.UR.ZS,2022,47.28662922,,
IDA blend,IDB,Rural population (% of total population),SP.RUR.TOTL.ZS,2022,52.36698708,,
IDA blend,IDB,Urban population (% of total population),SP.URB.TOTL.IN.ZS,2022,47.63301292,,
IDA blend,IDB,Urban population growth (annual %),SP.URB.GROW,2022,3.103394686,,
IDA only,IDX,Population density (people per sq. km of land area),EN.POP.DNST,2022,59.48907259,,
IDA only,IDX,Population in urban agglomerations of more than 1 million (% of total population),EN.URB.MCTY.TL.ZS,2022,13.26694211,,
IDA only,IDX,Population living in slums (% of urban population),EN.POP.SLUM.UR.ZS,2022,57.32986121,,
IDA only,IDX,Rural population (% of total population),SP.RUR.TOTL.ZS,2022,64.45490904,,
IDA only,IDX,Urban population (% of total population),SP.URB.TOTL.IN.ZS,2022,35.54509096,,
IDA only,IDX,Urban population growth (annual %),SP.URB.GROW,2022,3.352478807,,
IDA total,IDA,Population density (people per sq. km of land area),EN.POP.DNST,2022,73.69046158,,
IDA total,IDA,Population in urban agglomerations of more than 1 million (% of total population),EN.URB.MCTY.TL.ZS,2022,14.9086797,,
IDA total,IDA,Population living in slums (% of urban population),EN.POP.SLUM.UR.ZS,2022,53.04876859,,
IDA total,IDA,Rural population (% of total population),SP.RUR.TOTL.ZS,2022,60.23082029,,
IDA total,IDA,Urban population (% of total population),SP.URB.TOTL.IN.ZS,2022,39.76917971,,
IDA total,IDA,Urban population growth (annual %),SP.URB.GROW,2022,3.248150232,,
Late-demographic dividend,LTE,Population density (people per sq. km of land area),EN.POP.DNST,2022,52.17935528,,
Late-demographic dividend,LTE,Population in urban agglomerations of more than 1 million (% of total population),EN.URB.MCTY.TL.ZS,2022,29.90751055,,
Late-demographic dividend,LTE,Population living in slums (% of urban population),EN.POP.SLUM.UR.ZS,2022,20.6054217,,
Late-demographic dividend,LTE,Rural population (% of total population),SP.RUR.TOTL.ZS,2022,33.42242127,,
Late-demographic dividend,LTE,Urban population (% of total population),SP.URB.TOTL.IN.ZS,2022,66.57757873,,
Late-demographic dividend,LTE,Urban population growth (annual %),SP.URB.GROW,2022,0.835041433,,
Latin America & Caribbean,LCN,Population density (people per sq. km of land area),EN.POP.DNST,2022,32.56475066,,
Latin America & Caribbean,LCN,Population in urban agglomerations of more than 1 million (% of total population),EN.URB.MCTY.TL.ZS,2022,39.15148665,,
Latin America & Caribbean,LCN,Population living in slums (% of urban population),EN.POP.SLUM.UR.ZS,2022,18.92147165,,
Latin America & Caribbean,LCN,Rural population (% of total population),SP.RUR.TOTL.ZS,2022,19.172267,,
Latin America & Caribbean,LCN,Urban population (% of total population),SP.URB.TOTL.IN.ZS,2022,80.827733,,
Latin America & Caribbean,LCN,Urban population growth (annual %),SP.URB.GROW,2022,0.834368974,,
Latin America & Caribbean (excluding high income),LAC,Population density (people per sq. km of land area),EN.POP.DNST,2022,32.69760615,,
Latin America & Caribbean (excluding high income),LAC,Population in urban agglomerations of more than 1 million (% of total population),EN.URB.MCTY.TL.ZS,2022,39.07113102,,
Latin America & Caribbean (excluding high income),LAC,Population living in slums (% of urban population),EN.POP.SLUM.UR.ZS,2022,19.62706755,,
Latin America & Caribbean (excluding high income),LAC,Rural population (% of total population),SP.RUR.TOTL.ZS,2022,19.29564996,,
Latin America & Caribbean (excluding high income),LAC,Urban population (% of total population),SP.URB.TOTL.IN.ZS,2022,80.70435004,,
Latin America & Caribbean (excluding high income),LAC,Urban population growth (annual %),SP.URB.GROW,2022,0.857393893,,
Latin America & the Caribbean (IDA & IBRD countries),TLA,Population density (people per sq. km of land area),EN.POP.DNST,2022,32.00294206,,
Latin America & the Caribbean (IDA & IBRD countries),TLA,Population in urban agglomerations of more than 1 million (% of total population),EN.URB.MCTY.TL.ZS,2022,39.31040542,,
Latin America & the Caribbean (IDA & IBRD countries),TLA,Population living in slums (% of urban population),EN.POP.SLUM.UR.ZS,2022,19.06609968,,
Latin America & the Caribbean (IDA & IBRD countries),TLA,Rural population (% of total population),SP.RUR.TOTL.ZS,2022,19.18047449,,
Latin America & the Caribbean (IDA & IBRD countries),TLA,Urban population (% of total population),SP.URB.TOTL.IN.ZS,2022,80.81952551,,
Latin America & the Caribbean (IDA & IBRD countries),TLA,Urban population growth (annual %),SP.URB.GROW,2022,0.871000207,,
Least developed countries: UN classification,LDC,Population density (people per sq. km of land area),EN.POP.DNST,2022,55.67827568,,
Least developed countries: UN classification,LDC,Population in urban agglomerations of more than 1 million (% of total population),EN.URB.MCTY.TL.ZS,2022,13.17704864,,
Least developed countries: UN classification,LDC,Population living in slums (% of urban population),EN.POP.SLUM.UR.ZS,2022,59.96067398,,
Least developed countries: UN classification,LDC,Rural population (% of total population),SP.RUR.TOTL.ZS,2022,64.74780655,,
Least developed countries: UN classification,LDC,Urban population (% of total population),SP.URB.TOTL.IN.ZS,2022,35.25219345,,
Least developed countries: UN classification,LDC,Urban population growth (annual %),SP.URB.GROW,2022,3.520384017,,
Low & middle income,LMY,Population density (people per sq. km of land area),EN.POP.DNST,2022,84.50497536,,
Low & middle income,LMY,Population in urban agglomerations of more than 1 million (% of total population),EN.URB.MCTY.TL.ZS,2022,22.01679505,,
Low & middle income,LMY,Population living in slums (% of urban population),EN.POP.SLUM.UR.ZS,2022,31.60193628,,
Low & middle income,LMY,Rural population (% of total population),SP.RUR.TOTL.ZS,2022,47.77112983,,
Low & middle income,LMY,Urban population (% of total population),SP.URB.TOTL.IN.ZS,2022,52.22887017,,
Low & middle income,LMY,Urban population growth (annual %),SP.URB.GROW,2022,1.578162754,,
Low income,LIC,Population density (people per sq. km of land area),EN.POP.DNST,2022,48.17760214,,
Low income,LIC,Population in urban agglomerations of more than 1 million (% of total population),EN.URB.MCTY.TL.ZS,2022,11.80364321,,
Low income,LIC,Population living in slums (% of urban population),EN.POP.SLUM.UR.ZS,2022,61.15988208,,
Low income,LIC,Rural population (% of total population),SP.RUR.TOTL.ZS,2022,66.08837266,,
Low income,LIC,Urban population (% of total population),SP.URB.TOTL.IN.ZS,2022,33.91162734,,
Low income,LIC,Urban population growth (annual %),SP.URB.GROW,2022,3.931506038,,
Lower middle income,LMC,Population density (people per sq. km of land area),EN.POP.DNST,2022,150.0128193,,
Lower middle income,LMC,Population in urban agglomerations of more than 1 million (% of total population),EN.URB.MCTY.TL.ZS,2022,17.30419721,,
Lower middle income,LMC,Population living in slums (% of urban population),EN.POP.SLUM.UR.ZS,2022,,,
Lower middle income,LMC,Rural population (% of total population),SP.RUR.TOTL.ZS,2022,59.20516313,,
Lower middle income,LMC,Urban population (% of total population),SP.URB.TOTL.IN.ZS,2022,40.79483687,,
Lower middle income,LMC,Urban population growth (annual %),SP.URB.GROW,2022,2.220869803,,
"Middle East, North Africa, Afghanistan & Pakistan",MEA,Population density (people per sq. km of land area),EN.POP.DNST,2022,61.89360699,,
"Middle East, North Africa, Afghanistan & Pakistan",MEA,Population in urban agglomerations of more than 1 million (% of total population),EN.URB.MCTY.TL.ZS,2022,22.65627761,,
"Middle East, North Africa, Afghanistan & Pakistan",MEA,Population living in slums (% of urban population),EN.POP.SLUM.UR.ZS,2022,31.91168832,,
"Middle East, North Africa, Afghanistan & Pakistan",MEA,Rural population (% of total population),SP.RUR.TOTL.ZS,2022,44.8746362,,
"Middle East, North Africa, Afghanistan & Pakistan",MEA,Urban population (% of total population),SP.URB.TOTL.IN.ZS,2022,55.1253638,,
"Middle East, North Africa, Afghanistan & Pakistan",MEA,Urban population growth (annual %),SP.URB.GROW,2022,2.463640783,,
"Middle East, North Africa, Afghanistan & Pakistan (excluding high income)",MNA,Population density (people per sq. km of land area),EN.POP.DNST,2022,71.23797751,,
"Middle East, North Africa, Afghanistan & Pakistan (excluding high income)",MNA,Population in urban agglomerations of more than 1 million (% of total population),EN.URB.MCTY.TL.ZS,2022,19.82757516,,
"Middle East, North Africa, Afghanistan & Pakistan (excluding high income)",MNA,Population living in slums (% of urban population),EN.POP.SLUM.UR.ZS,2022,36.06323652,,
"Middle East, North Africa, Afghanistan & Pakistan (excluding high income)",MNA,Rural population (% of total population),SP.RUR.TOTL.ZS,2022,47.83067101,,
"Middle East, North Africa, Afghanistan & Pakistan (excluding high income)",MNA,Urban population (% of total population),SP.URB.TOTL.IN.ZS,2022,52.16932899,,
"Middle East, North Africa, Afghanistan & Pakistan (excluding high income)",MNA,Urban population growth (annual %),SP.URB.GROW,2022,2.183227983,,
"Middle East, North Africa, Afghanistan & Pakistan (IDA & IBRD)",TMN,Population density (people per sq. km of land area),EN.POP.DNST,2022,70.77892125,,
"Middle East, North Africa, Afghanistan & Pakistan (IDA & IBRD)",TMN,Population in urban agglomerations of more than 1 million (% of total population),EN.URB.MCTY.TL.ZS,2022,19.82757516,,
"Middle East, North Africa, Afghanistan & Pakistan (IDA & IBRD)",TMN,Population living in slums (% of urban population),EN.POP.SLUM.UR.ZS,2022,36.06323652,,
"Middle East, North Africa, Afghanistan & Pakistan (IDA & IBRD)",TMN,Rural population (% of total population),SP.RUR.TOTL.ZS,2022,48.07472444,,
"Middle East, North Africa, Afghanistan & Pakistan (IDA & IBRD)",TMN,Urban population (% of total population),SP.URB.TOTL.IN.ZS,2022,51.92527556,,
"Middle East, North Africa, Afghanistan & Pakistan (IDA & IBRD)",TMN,Urban population growth (annual %),SP.URB.GROW,2022,2.176809831,,
Middle income,MIC,Population density (people per sq. km of land area),EN.POP.DNST,2022,92.93617443,,
Middle income,MIC,Population in urban agglomerations of more than 1 million (% of total population),EN.URB.MCTY.TL.ZS,2022,23.2050017,,
Middle income,MIC,Population living in slums (% of urban population),EN.POP.SLUM.UR.ZS,2022,28.83752247,,
Middle income,MIC,Rural population (% of total population),SP.RUR.TOTL.ZS,2022,45.56731125,,
Middle income,MIC,Urban population (% of total population),SP.URB.TOTL.IN.ZS,2022,54.43268875,,
Middle income,MIC,Urban population growth (annual %),SP.URB.GROW,2022,1.403977506,,
North America,NAC,Population density (people per sq. km of land area),EN.POP.DNST,2022,20.79658599,,
North America,NAC,Population in urban agglomerations of more than 1 million (% of total population),EN.URB.MCTY.TL.ZS,2022,46.73287399,,
North America,NAC,Population living in slums (% of urban population),EN.POP.SLUM.UR.ZS,2022,0.200576599,,
North America,NAC,Rural population (% of total population),SP.RUR.TOTL.ZS,2022,19.72203129,,
North America,NAC,Urban population (% of total population),SP.URB.TOTL.IN.ZS,2022,80.27796871,,
North America,NAC,Urban population growth (annual %),SP.URB.GROW,2022,0.75471814,,
Not classified,INX,Population in urban agglomerations of more than 1 million (% of total population),EN.URB.MCTY.TL.ZS,2022,,,
Not classified,INX,Population living in slums (% of urban population),EN.POP.SLUM.UR.ZS,2022,,,
OECD members,OED,Population density (people per sq. km of land area),EN.POP.DNST,2022,39.02857251,,
OECD members,OED,Population in urban agglomerations of more than 1 million (% of total population),EN.URB.MCTY.TL.ZS,2022,37.88203689,,
OECD members,OED,Population living in slums (% of urban population),EN.POP.SLUM.UR.ZS,2022,3.674817316,,
OECD members,OED,Rural population (% of total population),SP.RUR.TOTL.ZS,2022,19.05037225,,
OECD members,OED,Urban population (% of total population),SP.URB.TOTL.IN.ZS,2022,80.94962775,,
OECD members,OED,Urban population growth (annual %),SP.URB.GROW,2022,0.611309394,,
Other small states,OSS,Population density (people per sq. km of land area),EN.POP.DNST,2022,46.19533427,,
Other small states,OSS,Population in urban agglomerations of more than 1 million (% of total population),EN.URB.MCTY.TL.ZS,2022,,,
Other small states,OSS,Population living in slums (% of urban population),EN.POP.SLUM.UR.ZS,2022,23.65457839,,
Other small states,OSS,Rural population (% of total population),SP.RUR.TOTL.ZS,2022,45.56326249,,
Other small states,OSS,Urban population (% of total population),SP.URB.TOTL.IN.ZS,2022,54.43673751,,
Other small states,OSS,Urban population growth (annual %),SP.URB.GROW,2022,1.643935852,,
Pacific island small states,PSS,Population density (people per sq. km of land area),EN.POP.DNST,2022,41.40372564,,
Pacific island small states,PSS,Population in urban agglomerations of more than 1 million (% of total population),EN.URB.MCTY.TL.ZS,2022,,,
Pacific island small states,PSS,Population living in slums (% of urban population),EN.POP.SLUM.UR.ZS,2022,7.603485157,,
Pacific island small states,PSS,Rural population (% of total population),SP.RUR.TOTL.ZS,2022,60.05720992,,
Pacific island small states,PSS,Urban population (% of total population),SP.URB.TOTL.IN.ZS,2022,39.94279008,,
Pacific island small states,PSS,Urban population growth (annual %),SP.URB.GROW,2022,1.871779687,,
Post-demographic dividend,PST,Population density (people per sq. km of land area),EN.POP.DNST,2022,35.86066711,,
Post-demographic dividend,PST,Population in urban agglomerations of more than 1 million (% of total population),EN.URB.MCTY.TL.ZS,2022,37.61935746,,
Post-demographic dividend,PST,Population living in slums (% of urban population),EN.POP.SLUM.UR.ZS,2022,0.702435159,,
Post-demographic dividend,PST,Rural population (% of total population),SP.RUR.TOTL.ZS,2022,19.06708679,,
Post-demographic dividend,PST,Urban population (% of total population),SP.URB.TOTL.IN.ZS,2022,80.93291321,,
Post-demographic dividend,PST,Urban population growth (annual %),SP.URB.GROW,2022,0.21872041,,
Pre-demographic dividend,PRE,Population density (people per sq. km of land area),EN.POP.DNST,2022,51.6806949,,
Pre-demographic dividend,PRE,Population in urban agglomerations of more than 1 million (% of total population),EN.URB.MCTY.TL.ZS,2022,16.26791668,,
Pre-demographic dividend,PRE,Population living in slums (% of urban population),EN.POP.SLUM.UR.ZS,2022,56.82614428,,
Pre-demographic dividend,PRE,Rural population (% of total population),SP.RUR.TOTL.ZS,2022,55.55038285,,
Pre-demographic dividend,PRE,Urban population (% of total population),SP.URB.TOTL.IN.ZS,2022,44.44961715,,
Pre-demographic dividend,PRE,Urban population growth (annual %),SP.URB.GROW,2022,3.61516527,,
Small states,SST,Population density (people per sq. km of land area),EN.POP.DNST,2022,26.4041389,,
Small states,SST,Population in urban agglomerations of more than 1 million (% of total population),EN.URB.MCTY.TL.ZS,2022,,,
Small states,SST,Population living in slums (% of urban population),EN.POP.SLUM.UR.ZS,2022,19.7215751,,
Small states,SST,Rural population (% of total population),SP.RUR.TOTL.ZS,2022,48.47771994,,
Small states,SST,Urban population (% of total population),SP.URB.TOTL.IN.ZS,2022,51.52228006,,
Small states,SST,Urban population growth (annual %),SP.URB.GROW,2022,1.396413859,,
South Asia,SAS,Population density (people per sq. km of land area),EN.POP.DNST,2022,492.3693839,,
South Asia,SAS,Population in urban agglomerations of more than 1 million (% of total population),EN.URB.MCTY.TL.ZS,2022,16.01746258,,
South Asia,SAS,Population living in slums (% of urban population),EN.POP.SLUM.UR.ZS,2022,,,
South Asia,SAS,Rural population (% of total population),SP.RUR.TOTL.ZS,2022,65.1862479,,
South Asia,SAS,Urban population (% of total population),SP.URB.TOTL.IN.ZS,2022,34.8137521,,
South Asia,SAS,Urban population growth (annual %),SP.URB.GROW,2022,1.685782981,,
South Asia (IDA & IBRD),TSA,Population density (people per sq. km of land area),EN.POP.DNST,2022,492.3693839,,
South Asia (IDA & IBRD),TSA,Population in urban agglomerations of more than 1 million (% of total population),EN.URB.MCTY.TL.ZS,2022,16.01746258,,
South Asia (IDA & IBRD),TSA,Population living in slums (% of urban population),EN.POP.SLUM.UR.ZS,2022,,,
South Asia (IDA & IBRD),TSA,Rural population (% of total population),SP.RUR.TOTL.ZS,2022,65.1862479,,
South Asia (IDA & IBRD),TSA,Urban population (% of total population),SP.URB.TOTL.IN.ZS,2022,34.8137521,,
South Asia (IDA & IBRD),TSA,Urban population growth (annual %),SP.URB.GROW,2022,1.685782981,,
Sub-Saharan Africa,SSF,Population density (people per sq. km of land area),EN.POP.DNST,2022,51.38286827,,
Sub-Saharan Africa,SSF,Population in urban agglomerations of more than 1 million (% of total population),EN.URB.MCTY.TL.ZS,2022,15.77151296,,
Sub-Saharan Africa,SSF,Population living in slums (% of urban population),EN.POP.SLUM.UR.ZS,2022,53.7077453,,
Sub-Saharan Africa,SSF,Rural population (% of total population),SP.RUR.TOTL.ZS,2022,56.84417186,,
Sub-Saharan Africa,SSF,Urban population (% of total population),SP.URB.TOTL.IN.ZS,2022,43.15582814,,
Sub-Saharan Africa,SSF,Urban population growth (annual %),SP.URB.GROW,2022,3.664226507,,
Sub-Saharan Africa (excluding high income),SSA,Population density (people per sq. km of land area),EN.POP.DNST,2022,51.37884178,,
Sub-Saharan Africa (excluding high income),SSA,Population in urban agglomerations of more than 1 million (% of total population),EN.URB.MCTY.TL.ZS,2022,15.77151296,,
Sub-Saharan Africa (excluding high income),SSA,Population living in slums (% of urban population),EN.POP.SLUM.UR.ZS,2022,53.70825544,,
Sub-Saharan Africa (excluding high income),SSA,Rural population (% of total population),SP.RUR.TOTL.ZS,2022,56.84434317,,
Sub-Saharan Africa (excluding high income),SSA,Urban population (% of total population),SP.URB.TOTL.IN.ZS,2022,43.15565683,,
Sub-Saharan Africa (excluding high income),SSA,Urban population growth (annual %),SP.URB.GROW,2022,3.662733315,,
Sub-Saharan Africa (IDA & IBRD countries),TSS,Population density (people per sq. km of land area),EN.POP.DNST,2022,51.38286827,,
Sub-Saharan Africa (IDA & IBRD countries),TSS,Population in urban agglomerations of more than 1 million (% of total population),EN.URB.MCTY.TL.ZS,2022,15.77151296,,
Sub-Saharan Africa (IDA & IBRD countries),TSS,Population living in slums (% of urban population),EN.POP.SLUM.UR.ZS,2022,53.7077453,,
Sub-Saharan Africa (IDA & IBRD countries),TSS,Rural population (% of total population),SP.RUR.TOTL.ZS,2022,56.84417186,,
Sub-Saharan Africa (IDA & IBRD countries),TSS,Urban population (% of total population),SP.URB.TOTL.IN.ZS,2022,43.15582814,,
Sub-Saharan Africa (IDA & IBRD countries),TSS,Urban population growth (annual %),SP.URB.GROW,2022,3.664226507,,
Upper middle income,UMC,Population density (people per sq. km of land area),EN.POP.DNST,2022,68.67352052,,
Upper middle income,UMC,Population in urban agglomerations of more than 1 million (% of total population),EN.URB.MCTY.TL.ZS,2022,28.65835684,,
Upper middle income,UMC,Population living in slums (% of urban population),EN.POP.SLUM.UR.ZS,2022,24.30192589,,
Upper middle income,UMC,Rural population (% of total population),SP.RUR.TOTL.ZS,2022,32.90348632,,
Upper middle income,UMC,Urban population (% of total population),SP.URB.TOTL.IN.ZS,2022,67.09651368,,
Upper middle income,UMC,Urban population growth (annual %),SP.URB.GROW,2022,0.945708142,,
World,WLD,Population density (people per sq. km of land area),EN.POP.DNST,2022,61.56279476,,
World,WLD,Population in urban agglomerations of more than 1 million (% of total population),EN.URB.MCTY.TL.ZS,2022,24.63423235,,
World,WLD,Population living in slums (% of urban population),EN.POP.SLUM.UR.ZS,2022,23.22802346,,
World,WLD,Rural population (% of total population),SP.RUR.TOTL.ZS,2022,42.92774586,,
World,WLD,Urban population (% of total population),SP.URB.TOTL.IN.ZS,2022,57.07225414,,
World,WLD,Urban population growth (annual %),SP.URB.GROW,2022,1.329202903,,
Africa Eastern and Southern,AFE,Population density (people per sq. km of land area),EN.POP.DNST,2023,50.51469751,,
Africa Eastern and Southern,AFE,Population in urban agglomerations of more than 1 million (% of total population),EN.URB.MCTY.TL.ZS,2023,14.81285508,,
Africa Eastern and Southern,AFE,Population living in slums (% of urban population),EN.POP.SLUM.UR.ZS,2023,,,
Africa Eastern and Southern,AFE,Rural population (% of total population),SP.RUR.TOTL.ZS,2023,62.22769876,,
Africa Eastern and Southern,AFE,Urban population (% of total population),SP.URB.TOTL.IN.ZS,2023,37.77230124,,
Africa Eastern and Southern,AFE,Urban population growth (annual %),SP.URB.GROW,2023,3.615164227,,
Africa Western and Central,AFW,Population density (people per sq. km of land area),EN.POP.DNST,2023,56.19399271,,
Africa Western and Central,AFW,Population in urban agglomerations of more than 1 million (% of total population),EN.URB.MCTY.TL.ZS,2023,17.63807525,,
Africa Western and Central,AFW,Population living in slums (% of urban population),EN.POP.SLUM.UR.ZS,2023,,,
Africa Western and Central,AFW,Rural population (% of total population),SP.RUR.TOTL.ZS,2023,47.69789069,,
Africa Western and Central,AFW,Urban population (% of total population),SP.URB.TOTL.IN.ZS,2023,52.30210931,,
Africa Western and Central,AFW,Urban population growth (annual %),SP.URB.GROW,2023,3.537069684,,
Arab World,ARB,Population density (people per sq. km of land area),EN.POP.DNST,2023,36.80038182,,
Arab World,ARB,Population in urban agglomerations of more than 1 million (% of total population),EN.URB.MCTY.TL.ZS,2023,22.79881856,,
Arab World,ARB,Population living in slums (% of urban population),EN.POP.SLUM.UR.ZS,2023,,,
Arab World,ARB,Rural population (% of total population),SP.RUR.TOTL.ZS,2023,40.4300592,,
Arab World,ARB,Urban population (% of total population),SP.URB.TOTL.IN.ZS,2023,59.5699408,,
Arab World,ARB,Urban population growth (annual %),SP.URB.GROW,2023,2.652839487,,
Caribbean small states,CSS,Population density (people per sq. km of land area),EN.POP.DNST,2023,10.94891277,,
Caribbean small states,CSS,Population in urban agglomerations of more than 1 million (% of total population),EN.URB.MCTY.TL.ZS,2023,,,
Caribbean small states,CSS,Population living in slums (% of urban population),EN.POP.SLUM.UR.ZS,2023,,,
Caribbean small states,CSS,Rural population (% of total population),SP.RUR.TOTL.ZS,2023,49.89791107,,
Caribbean small states,CSS,Urban population (% of total population),SP.URB.TOTL.IN.ZS,2023,50.10208893,,
Caribbean small states,CSS,Urban population growth (annual %),SP.URB.GROW,2023,0.442607745,,
Central Europe and the Baltics,CEB,Population density (people per sq. km of land area),EN.POP.DNST,2023,90.65809669,,
Central Europe and the Baltics,CEB,Population in urban agglomerations of more than 1 million (% of total population),EN.URB.MCTY.TL.ZS,2023,,,
Central Europe and the Baltics,CEB,Population living in slums (% of urban population),EN.POP.SLUM.UR.ZS,2023,,,
Central Europe and the Baltics,CEB,Rural population (% of total population),SP.RUR.TOTL.ZS,2023,38.30292097,,
Central Europe and the Baltics,CEB,Urban population (% of total population),SP.URB.TOTL.IN.ZS,2023,61.69707903,,
Central Europe and the Baltics,CEB,Urban population growth (annual %),SP.URB.GROW,2023,0.27967698,,
Early-demographic dividend,EAR,Population density (people per sq. km of land area),EN.POP.DNST,2023,105.363343,,
Early-demographic dividend,EAR,Population in urban agglomerations of more than 1 million (% of total population),EN.URB.MCTY.TL.ZS,2023,19.3603922,,
Early-demographic dividend,EAR,Population living in slums (% of urban population),EN.POP.SLUM.UR.ZS,2023,,,
Early-demographic dividend,EAR,Rural population (% of total population),SP.RUR.TOTL.ZS,2023,52.9832569,,
Early-demographic dividend,EAR,Urban population (% of total population),SP.URB.TOTL.IN.ZS,2023,47.0167431,,
Early-demographic dividend,EAR,Urban population growth (annual %),SP.URB.GROW,2023,1.85590165,,
East Asia & Pacific,EAS,Population density (people per sq. km of land area),EN.POP.DNST,2023,97.52274821,,
East Asia & Pacific,EAS,Population in urban agglomerations of more than 1 million (% of total population),EN.URB.MCTY.TL.ZS,2023,,,
East Asia & Pacific,EAS,Population living in slums (% of urban population),EN.POP.SLUM.UR.ZS,2023,,,
East Asia & Pacific,EAS,Rural population (% of total population),SP.RUR.TOTL.ZS,2023,35.97556291,,
East Asia & Pacific,EAS,Urban population (% of total population),SP.URB.TOTL.IN.ZS,2023,64.02443709,,
East Asia & Pacific,EAS,Urban population growth (annual %),SP.URB.GROW,2023,0.737526464,,
East Asia & Pacific (excluding high income),EAP,Population density (people per sq. km of land area),EN.POP.DNST,2023,133.577917,,
East Asia & Pacific (excluding high income),EAP,Population in urban agglomerations of more than 1 million (% of total population),EN.URB.MCTY.TL.ZS,2023,,,
East Asia & Pacific (excluding high income),EAP,Population living in slums (% of urban population),EN.POP.SLUM.UR.ZS,2023,,,
East Asia & Pacific (excluding high income),EAP,Rural population (% of total population),SP.RUR.TOTL.ZS,2023,38.77235365,,
East Asia & Pacific (excluding high income),EAP,Urban population (% of total population),SP.URB.TOTL.IN.ZS,2023,61.22764635,,
East Asia & Pacific (excluding high income),EAP,Urban population growth (annual %),SP.URB.GROW,2023,0.789036229,,
East Asia & Pacific (IDA & IBRD countries),TEA,Population density (people per sq. km of land area),EN.POP.DNST,2023,132.9250717,,
East Asia & Pacific (IDA & IBRD countries),TEA,Population in urban agglomerations of more than 1 million (% of total population),EN.URB.MCTY.TL.ZS,2023,,,
East Asia & Pacific (IDA & IBRD countries),TEA,Population living in slums (% of urban population),EN.POP.SLUM.UR.ZS,2023,,,
East Asia & Pacific (IDA & IBRD countries),TEA,Rural population (% of total population),SP.RUR.TOTL.ZS,2023,38.80089887,,
East Asia & Pacific (IDA & IBRD countries),TEA,Urban population (% of total population),SP.URB.TOTL.IN.ZS,2023,61.19910113,,
East Asia & Pacific (IDA & IBRD countries),TEA,Urban population growth (annual %),SP.URB.GROW,2023,0.788503651,,
Euro area,EMU,Population density (people per sq. km of land area),EN.POP.DNST,2023,125.5909435,,
Euro area,EMU,Population in urban agglomerations of more than 1 million (% of total population),EN.URB.MCTY.TL.ZS,2023,19.74647896,,
Euro area,EMU,Population living in slums (% of urban population),EN.POP.SLUM.UR.ZS,2023,,,
Euro area,EMU,Rural population (% of total population),SP.RUR.TOTL.ZS,2023,22.788173,,
Euro area,EMU,Urban population (% of total population),SP.URB.TOTL.IN.ZS,2023,77.211827,,
Euro area,EMU,Urban population growth (annual %),SP.URB.GROW,2023,0.595331484,,
Europe & Central Asia,ECS,Population density (people per sq. km of land area),EN.POP.DNST,2023,33.71262831,,
Europe & Central Asia,ECS,Population in urban agglomerations of more than 1 million (% of total population),EN.URB.MCTY.TL.ZS,2023,21.19203873,,
Europe & Central Asia,ECS,Population living in slums (% of urban population),EN.POP.SLUM.UR.ZS,2023,,,
Europe & Central Asia,ECS,Rural population (% of total population),SP.RUR.TOTL.ZS,2023,26.15641418,,
Europe & Central Asia,ECS,Urban population (% of total population),SP.URB.TOTL.IN.ZS,2023,73.84358582,,
Europe & Central Asia,ECS,Urban population growth (annual %),SP.URB.GROW,2023,0.212642296,,
Europe & Central Asia (excluding high income),ECA,Population density (people per sq. km of land area),EN.POP.DNST,2023,42.10214545,,
Europe & Central Asia (excluding high income),ECA,Population in urban agglomerations of more than 1 million (% of total population),EN.URB.MCTY.TL.ZS,2023,24.66841443,,
Europe & Central Asia (excluding high income),ECA,Population living in slums (% of urban population),EN.POP.SLUM.UR.ZS,2023,,,
Europe & Central Asia (excluding high income),ECA,Rural population (% of total population),SP.RUR.TOTL.ZS,2023,31.83774755,,
Europe & Central Asia (excluding high income),ECA,Urban population (% of total population),SP.URB.TOTL.IN.ZS,2023,68.16225245,,
Europe & Central Asia (excluding high income),ECA,Urban population growth (annual %),SP.URB.GROW,2023,-0.720207077,,
Europe & Central Asia (IDA & IBRD countries),TEC,Population density (people per sq. km of land area),EN.POP.DNST,2023,19.95191378,,
Europe & Central Asia (IDA & IBRD countries),TEC,Population in urban agglomerations of more than 1 million (% of total population),EN.URB.MCTY.TL.ZS,2023,21.85124704,,
Europe & Central Asia (IDA & IBRD countries),TEC,Population living in slums (% of urban population),EN.POP.SLUM.UR.ZS,2023,,,
Europe & Central Asia (IDA & IBRD countries),TEC,Rural population (% of total population),SP.RUR.TOTL.ZS,2023,31.04001915,,
Europe & Central Asia (IDA & IBRD countries),TEC,Urban population (% of total population),SP.URB.TOTL.IN.ZS,2023,68.95998085,,
Europe & Central Asia (IDA & IBRD countries),TEC,Urban population growth (annual %),SP.URB.GROW,2023,-0.438843925,,
European Union,EUU,Population density (people per sq. km of land area),EN.POP.DNST,2023,112.5532311,,
European Union,EUU,Population in urban agglomerations of more than 1 million (% of total population),EN.URB.MCTY.TL.ZS,2023,17.75340997,,
European Union,EUU,Population living in slums (% of urban population),EN.POP.SLUM.UR.ZS,2023,,,
European Union,EUU,Rural population (% of total population),SP.RUR.TOTL.ZS,2023,25.10564973,,
European Union,EUU,Urban population (% of total population),SP.URB.TOTL.IN.ZS,2023,74.89435027,,
European Union,EUU,Urban population growth (annual %),SP.URB.GROW,2023,0.54963684,,
Heavily indebted poor countries (HIPC),HPC,Population density (people per sq. km of land area),EN.POP.DNST,2023,47.20583518,,
Heavily indebted poor countries (HIPC),HPC,Population in urban agglomerations of more than 1 million (% of total population),EN.URB.MCTY.TL.ZS,2023,14.46297414,,
Heavily indebted poor countries (HIPC),HPC,Population living in slums (% of urban population),EN.POP.SLUM.UR.ZS,2023,,,
Heavily indebted poor countries (HIPC),HPC,Rural population (% of total population),SP.RUR.TOTL.ZS,2023,62.61723889,,
Heavily indebted poor countries (HIPC),HPC,Urban population (% of total population),SP.URB.TOTL.IN.ZS,2023,37.38276111,,
Heavily indebted poor countries (HIPC),HPC,Urban population growth (annual %),SP.URB.GROW,2023,3.770024986,,
High income,HIC,Population density (people per sq. km of land area),EN.POP.DNST,2023,27.19822499,,
High income,HIC,Population in urban agglomerations of more than 1 million (% of total population),EN.URB.MCTY.TL.ZS,2023,,,
High income,HIC,Population living in slums (% of urban population),EN.POP.SLUM.UR.ZS,2023,,,
High income,HIC,Rural population (% of total population),SP.RUR.TOTL.ZS,2023,19.98248706,,
High income,HIC,Urban population (% of total population),SP.URB.TOTL.IN.ZS,2023,80.01751294,,
High income,HIC,Urban population growth (annual %),SP.URB.GROW,2023,0.861667709,,
IBRD only,IBD,Population density (people per sq. km of land area),EN.POP.DNST,2023,69.96199998,,
IBRD only,IBD,Population in urban agglomerations of more than 1 million (% of total population),EN.URB.MCTY.TL.ZS,2023,24.9374689,,
IBRD only,IBD,Population living in slums (% of urban population),EN.POP.SLUM.UR.ZS,2023,,,
IBRD only,IBD,Rural population (% of total population),SP.RUR.TOTL.ZS,2023,41.96925304,,
IBRD only,IBD,Urban population (% of total population),SP.URB.TOTL.IN.ZS,2023,58.03074696,,
IBRD only,IBD,Urban population growth (annual %),SP.URB.GROW,2023,0.961984837,,
IDA & IBRD total,IBT,Population density (people per sq. km of land area),EN.POP.DNST,2023,71.35773552,,
IDA & IBRD total,IBT,Population in urban agglomerations of more than 1 million (% of total population),EN.URB.MCTY.TL.ZS,2023,22.32123217,,
IDA & IBRD total,IBT,Population living in slums (% of urban population),EN.POP.SLUM.UR.ZS,2023,,,
IDA & IBRD total,IBT,Rural population (% of total population),SP.RUR.TOTL.ZS,2023,46.91765157,,
IDA & IBRD total,IBT,Urban population (% of total population),SP.URB.TOTL.IN.ZS,2023,53.08234843,,
IDA & IBRD total,IBT,Urban population growth (annual %),SP.URB.GROW,2023,1.436088296,,
IDA blend,IDB,Population density (people per sq. km of land area),EN.POP.DNST,2023,135.1806586,,
IDA blend,IDB,Population in urban agglomerations of more than 1 million (% of total population),EN.URB.MCTY.TL.ZS,2023,,,
IDA blend,IDB,Population living in slums (% of urban population),EN.POP.SLUM.UR.ZS,2023,,,
IDA blend,IDB,Rural population (% of total population),SP.RUR.TOTL.ZS,2023,51.82263268,,
IDA blend,IDB,Urban population (% of total population),SP.URB.TOTL.IN.ZS,2023,48.17736732,,
IDA blend,IDB,Urban population growth (annual %),SP.URB.GROW,2023,3.035656242,,
IDA only,IDX,Population density (people per sq. km of land area),EN.POP.DNST,2023,60.82428254,,
IDA only,IDX,Population in urban agglomerations of more than 1 million (% of total population),EN.URB.MCTY.TL.ZS,2023,13.44081299,,
IDA only,IDX,Population living in slums (% of urban population),EN.POP.SLUM.UR.ZS,2023,,,
IDA only,IDX,Rural population (% of total population),SP.RUR.TOTL.ZS,2023,64.04055136,,
IDA only,IDX,Urban population (% of total population),SP.URB.TOTL.IN.ZS,2023,35.95944864,,
IDA only,IDX,Urban population growth (annual %),SP.URB.GROW,2023,3.377245311,,
IDA total,IDA,Population density (people per sq. km of land area),EN.POP.DNST,2023,75.26038212,,
IDA total,IDA,Population in urban agglomerations of more than 1 million (% of total population),EN.URB.MCTY.TL.ZS,2023,15.09450142,,
IDA total,IDA,Population living in slums (% of urban population),EN.POP.SLUM.UR.ZS,2023,,,
IDA total,IDA,Rural population (% of total population),SP.RUR.TOTL.ZS,2023,59.77988995,,
IDA total,IDA,Urban population (% of total population),SP.URB.TOTL.IN.ZS,2023,40.22011005,,
IDA total,IDA,Urban population growth (annual %),SP.URB.GROW,2023,3.234416657,,
Late-demographic dividend,LTE,Population density (people per sq. km of land area),EN.POP.DNST,2023,52.23393994,,
Late-demographic dividend,LTE,Population in urban agglomerations of more than 1 million (% of total population),EN.URB.MCTY.TL.ZS,2023,30.45189791,,
Late-demographic dividend,LTE,Population living in slums (% of urban population),EN.POP.SLUM.UR.ZS,2023,,,
Late-demographic dividend,LTE,Rural population (% of total population),SP.RUR.TOTL.ZS,2023,33.09028408,,
Late-demographic dividend,LTE,Urban population (% of total population),SP.URB.TOTL.IN.ZS,2023,66.90971592,,
Late-demographic dividend,LTE,Urban population growth (annual %),SP.URB.GROW,2023,0.604928937,,
Latin America & Caribbean,LCN,Population density (people per sq. km of land area),EN.POP.DNST,2023,32.78954429,,
Latin America & Caribbean,LCN,Population in urban agglomerations of more than 1 million (% of total population),EN.URB.MCTY.TL.ZS,2023,39.33253115,,
Latin America & Caribbean,LCN,Population living in slums (% of urban population),EN.POP.SLUM.UR.ZS,2023,,,
Latin America & Caribbean,LCN,Rural population (% of total population),SP.RUR.TOTL.ZS,2023,18.95649681,,
Latin America & Caribbean,LCN,Urban population (% of total population),SP.URB.TOTL.IN.ZS,2023,81.04350319,,
Latin America & Caribbean,LCN,Urban population growth (annual %),SP.URB.GROW,2023,0.954521595,,
Latin America & Caribbean (excluding high income),LAC,Population density (people per sq. km of land area),EN.POP.DNST,2023,32.92816862,,
Latin America & Caribbean (excluding high income),LAC,Population in urban agglomerations of more than 1 million (% of total population),EN.URB.MCTY.TL.ZS,2023,39.25608477,,
Latin America & Caribbean (excluding high income),LAC,Population living in slums (% of urban population),EN.POP.SLUM.UR.ZS,2023,,,
Latin America & Caribbean (excluding high income),LAC,Rural population (% of total population),SP.RUR.TOTL.ZS,2023,19.07441386,,
Latin America & Caribbean (excluding high income),LAC,Urban population (% of total population),SP.URB.TOTL.IN.ZS,2023,80.92558614,,
Latin America & Caribbean (excluding high income),LAC,Urban population growth (annual %),SP.URB.GROW,2023,0.976417814,,
Latin America & the Caribbean (IDA & IBRD countries),TLA,Population density (people per sq. km of land area),EN.POP.DNST,2023,32.23174222,,
Latin America & the Caribbean (IDA & IBRD countries),TLA,Population in urban agglomerations of more than 1 million (% of total population),EN.URB.MCTY.TL.ZS,2023,39.4908562,,
Latin America & the Caribbean (IDA & IBRD countries),TLA,Population living in slums (% of urban population),EN.POP.SLUM.UR.ZS,2023,,,
Latin America & the Caribbean (IDA & IBRD countries),TLA,Rural population (% of total population),SP.RUR.TOTL.ZS,2023,18.96019241,,
Latin America & the Caribbean (IDA & IBRD countries),TLA,Urban population (% of total population),SP.URB.TOTL.IN.ZS,2023,81.03980759,,
Latin America & the Caribbean (IDA & IBRD countries),TLA,Urban population growth (annual %),SP.URB.GROW,2023,0.984581433,,
Least developed countries: UN classification,LDC,Population density (people per sq. km of land area),EN.POP.DNST,2023,56.96495053,,
Least developed countries: UN classification,LDC,Population in urban agglomerations of more than 1 million (% of total population),EN.URB.MCTY.TL.ZS,2023,13.35765615,,
Least developed countries: UN classification,LDC,Population living in slums (% of urban population),EN.POP.SLUM.UR.ZS,2023,,,
Least developed countries: UN classification,LDC,Rural population (% of total population),SP.RUR.TOTL.ZS,2023,64.31110228,,
Least developed countries: UN classification,LDC,Urban population (% of total population),SP.URB.TOTL.IN.ZS,2023,35.68889772,,
Least developed countries: UN classification,LDC,Urban population growth (annual %),SP.URB.GROW,2023,3.514427337,,
Low & middle income,LMY,Population density (people per sq. km of land area),EN.POP.DNST,2023,85.32814047,,
Low & middle income,LMY,Population in urban agglomerations of more than 1 million (% of total population),EN.URB.MCTY.TL.ZS,2023,22.30650705,,
Low & middle income,LMY,Population living in slums (% of urban population),EN.POP.SLUM.UR.ZS,2023,,,
Low & middle income,LMY,Rural population (% of total population),SP.RUR.TOTL.ZS,2023,47.49281285,,
Low & middle income,LMY,Urban population (% of total population),SP.URB.TOTL.IN.ZS,2023,52.50718715,,
Low & middle income,LMY,Urban population growth (annual %),SP.URB.GROW,2023,1.501815127,,
Low income,LIC,Population density (people per sq. km of land area),EN.POP.DNST,2023,49.49718851,,
Low income,LIC,Population in urban agglomerations of more than 1 million (% of total population),EN.URB.MCTY.TL.ZS,2023,11.93871847,,
Low income,LIC,Population living in slums (% of urban population),EN.POP.SLUM.UR.ZS,2023,,,
Low income,LIC,Rural population (% of total population),SP.RUR.TOTL.ZS,2023,65.71045327,,
Low income,LIC,Urban population (% of total population),SP.URB.TOTL.IN.ZS,2023,34.28954673,,
Low income,LIC,Urban population growth (annual %),SP.URB.GROW,2023,3.810424624,,
Lower middle income,LMC,Population density (people per sq. km of land area),EN.POP.DNST,2023,151.9879194,,
Lower middle income,LMC,Population in urban agglomerations of more than 1 million (% of total population),EN.URB.MCTY.TL.ZS,2023,17.54018958,,
Lower middle income,LMC,Population living in slums (% of urban population),EN.POP.SLUM.UR.ZS,2023,,,
Lower middle income,LMC,Rural population (% of total population),SP.RUR.TOTL.ZS,2023,58.79751767,,
Lower middle income,LMC,Urban population (% of total population),SP.URB.TOTL.IN.ZS,2023,41.20248233,,
Lower middle income,LMC,Urban population growth (annual %),SP.URB.GROW,2023,2.300833108,,
"Middle East, North Africa, Afghanistan & Pakistan",MEA,Population density (people per sq. km of land area),EN.POP.DNST,2023,63.11601023,,
"Middle East, North Africa, Afghanistan & Pakistan",MEA,Population in urban agglomerations of more than 1 million (% of total population),EN.URB.MCTY.TL.ZS,2023,22.68691458,,
"Middle East, North Africa, Afghanistan & Pakistan",MEA,Population living in slums (% of urban population),EN.POP.SLUM.UR.ZS,2023,,,
"Middle East, North Africa, Afghanistan & Pakistan",MEA,Rural population (% of total population),SP.RUR.TOTL.ZS,2023,44.56954488,,
"Middle East, North Africa, Afghanistan & Pakistan",MEA,Urban population (% of total population),SP.URB.TOTL.IN.ZS,2023,55.43045512,,
"Middle East, North Africa, Afghanistan & Pakistan",MEA,Urban population growth (annual %),SP.URB.GROW,2023,2.507759858,,
"Middle East, North Africa, Afghanistan & Pakistan (excluding high income)",MNA,Population density (people per sq. km of land area),EN.POP.DNST,2023,72.48761354,,
"Middle East, North Africa, Afghanistan & Pakistan (excluding high income)",MNA,Population in urban agglomerations of more than 1 million (% of total population),EN.URB.MCTY.TL.ZS,2023,19.91415459,,
"Middle East, North Africa, Afghanistan & Pakistan (excluding high income)",MNA,Population living in slums (% of urban population),EN.POP.SLUM.UR.ZS,2023,,,
"Middle East, North Africa, Afghanistan & Pakistan (excluding high income)",MNA,Rural population (% of total population),SP.RUR.TOTL.ZS,2023,47.57660873,,
"Middle East, North Africa, Afghanistan & Pakistan (excluding high income)",MNA,Urban population (% of total population),SP.URB.TOTL.IN.ZS,2023,52.42339127,,
"Middle East, North Africa, Afghanistan & Pakistan (excluding high income)",MNA,Urban population growth (annual %),SP.URB.GROW,2023,2.22477608,,
"Middle East, North Africa, Afghanistan & Pakistan (IDA & IBRD)",TMN,Population density (people per sq. km of land area),EN.POP.DNST,2023,72.01715312,,
"Middle East, North Africa, Afghanistan & Pakistan (IDA & IBRD)",TMN,Population in urban agglomerations of more than 1 million (% of total population),EN.URB.MCTY.TL.ZS,2023,19.91415459,,
"Middle East, North Africa, Afghanistan & Pakistan (IDA & IBRD)",TMN,Population living in slums (% of urban population),EN.POP.SLUM.UR.ZS,2023,,,
"Middle East, North Africa, Afghanistan & Pakistan (IDA & IBRD)",TMN,Rural population (% of total population),SP.RUR.TOTL.ZS,2023,47.82232908,,
"Middle East, North Africa, Afghanistan & Pakistan (IDA & IBRD)",TMN,Urban population (% of total population),SP.URB.TOTL.IN.ZS,2023,52.17767092,,
"Middle East, North Africa, Afghanistan & Pakistan (IDA & IBRD)",TMN,Urban population growth (annual %),SP.URB.GROW,2023,2.219205359,,
Middle income,MIC,Population density (people per sq. km of land area),EN.POP.DNST,2023,93.6440269,,
Middle income,MIC,Population in urban agglomerations of more than 1 million (% of total population),EN.URB.MCTY.TL.ZS,2023,23.5363741,,
Middle income,MIC,Population living in slums (% of urban population),EN.POP.SLUM.UR.ZS,2023,,,
Middle income,MIC,Rural population (% of total population),SP.RUR.TOTL.ZS,2023,45.25799167,,
Middle income,MIC,Urban population (% of total population),SP.URB.TOTL.IN.ZS,2023,54.74200833,,
Middle income,MIC,Urban population growth (annual %),SP.URB.GROW,2023,1.326605409,,
North America,NAC,Population density (people per sq. km of land area),EN.POP.DNST,2023,21.01166269,,
North America,NAC,Population in urban agglomerations of more than 1 million (% of total population),EN.URB.MCTY.TL.ZS,2023,46.67194421,,
North America,NAC,Population living in slums (% of urban population),EN.POP.SLUM.UR.ZS,2023,,,
North America,NAC,Rural population (% of total population),SP.RUR.TOTL.ZS,2023,19.66428974,,
North America,NAC,Urban population (% of total population),SP.URB.TOTL.IN.ZS,2023,80.33571026,,
North America,NAC,Urban population growth (annual %),SP.URB.GROW,2023,1.100781838,,
Not classified,INX,Population in urban agglomerations of more than 1 million (% of total population),EN.URB.MCTY.TL.ZS,2023,,,
Not classified,INX,Population living in slums (% of urban population),EN.POP.SLUM.UR.ZS,2023,,,
OECD members,OED,Population density (people per sq. km of land area),EN.POP.DNST,2023,39.29023935,,
OECD members,OED,Population in urban agglomerations of more than 1 million (% of total population),EN.URB.MCTY.TL.ZS,2023,37.91328353,,
OECD members,OED,Population living in slums (% of urban population),EN.POP.SLUM.UR.ZS,2023,,,
OECD members,OED,Rural population (% of total population),SP.RUR.TOTL.ZS,2023,18.94568411,,
OECD members,OED,Urban population (% of total population),SP.URB.TOTL.IN.ZS,2023,81.05431589,,
OECD members,OED,Urban population growth (annual %),SP.URB.GROW,2023,0.798288625,,
Other small states,OSS,Population density (people per sq. km of land area),EN.POP.DNST,2023,46.64358157,,
Other small states,OSS,Population in urban agglomerations of more than 1 million (% of total population),EN.URB.MCTY.TL.ZS,2023,,,
Other small states,OSS,Population living in slums (% of urban population),EN.POP.SLUM.UR.ZS,2023,,,
Other small states,OSS,Rural population (% of total population),SP.RUR.TOTL.ZS,2023,45.25866153,,
Other small states,OSS,Urban population (% of total population),SP.URB.TOTL.IN.ZS,2023,54.74133847,,
Other small states,OSS,Urban population growth (annual %),SP.URB.GROW,2023,1.522933904,,
Pacific island small states,PSS,Population density (people per sq. km of land area),EN.POP.DNST,2023,41.92087295,,
Pacific island small states,PSS,Population in urban agglomerations of more than 1 million (% of total population),EN.URB.MCTY.TL.ZS,2023,,,
Pacific island small states,PSS,Population living in slums (% of urban population),EN.POP.SLUM.UR.ZS,2023,,,
Pacific island small states,PSS,Rural population (% of total population),SP.RUR.TOTL.ZS,2023,59.74736417,,
Pacific island small states,PSS,Urban population (% of total population),SP.URB.TOTL.IN.ZS,2023,40.25263583,,
Pacific island small states,PSS,Urban population growth (annual %),SP.URB.GROW,2023,2.01417383,,
Post-demographic dividend,PST,Population density (people per sq. km of land area),EN.POP.DNST,2023,35.98387782,,
Post-demographic dividend,PST,Population in urban agglomerations of more than 1 million (% of total population),EN.URB.MCTY.TL.ZS,2023,37.70410687,,
Post-demographic dividend,PST,Population living in slums (% of urban population),EN.POP.SLUM.UR.ZS,2023,,,
Post-demographic dividend,PST,Rural population (% of total population),SP.RUR.TOTL.ZS,2023,18.93881777,,
Post-demographic dividend,PST,Urban population (% of total population),SP.URB.TOTL.IN.ZS,2023,81.06118223,,
Post-demographic dividend,PST,Urban population growth (annual %),SP.URB.GROW,2023,0.501701995,,
Pre-demographic dividend,PRE,Population density (people per sq. km of land area),EN.POP.DNST,2023,53.00758422,,
Pre-demographic dividend,PRE,Population in urban agglomerations of more than 1 million (% of total population),EN.URB.MCTY.TL.ZS,2023,16.47130055,,
Pre-demographic dividend,PRE,Population living in slums (% of urban population),EN.POP.SLUM.UR.ZS,2023,,,
Pre-demographic dividend,PRE,Rural population (% of total population),SP.RUR.TOTL.ZS,2023,55.05502649,,
Pre-demographic dividend,PRE,Urban population (% of total population),SP.URB.TOTL.IN.ZS,2023,44.94497351,,
Pre-demographic dividend,PRE,Urban population growth (annual %),SP.URB.GROW,2023,3.643327534,,
Small states,SST,Population density (people per sq. km of land area),EN.POP.DNST,2023,26.64214857,,
Small states,SST,Population in urban agglomerations of more than 1 million (% of total population),EN.URB.MCTY.TL.ZS,2023,,,
Small states,SST,Population living in slums (% of urban population),EN.POP.SLUM.UR.ZS,2023,,,
Small states,SST,Rural population (% of total population),SP.RUR.TOTL.ZS,2023,48.2506013,,
Small states,SST,Urban population (% of total population),SP.URB.TOTL.IN.ZS,2023,51.7493987,,
Small states,SST,Urban population growth (annual %),SP.URB.GROW,2023,1.336991965,,
South Asia,SAS,Population density (people per sq. km of land area),EN.POP.DNST,2023,496.7645623,,
South Asia,SAS,Population in urban agglomerations of more than 1 million (% of total population),EN.URB.MCTY.TL.ZS,2023,16.27868595,,
South Asia,SAS,Population living in slums (% of urban population),EN.POP.SLUM.UR.ZS,2023,,,
South Asia,SAS,Rural population (% of total population),SP.RUR.TOTL.ZS,2023,64.8628345,,
South Asia,SAS,Urban population (% of total population),SP.URB.TOTL.IN.ZS,2023,35.1371655,,
South Asia,SAS,Urban population growth (annual %),SP.URB.GROW,2023,1.80496578,,
South Asia (IDA & IBRD),TSA,Population density (people per sq. km of land area),EN.POP.DNST,2023,496.7645623,,
South Asia (IDA & IBRD),TSA,Population in urban agglomerations of more than 1 million (% of total population),EN.URB.MCTY.TL.ZS,2023,16.27868595,,
South Asia (IDA & IBRD),TSA,Population living in slums (% of urban population),EN.POP.SLUM.UR.ZS,2023,,,
South Asia (IDA & IBRD),TSA,Rural population (% of total population),SP.RUR.TOTL.ZS,2023,64.8628345,,
South Asia (IDA & IBRD),TSA,Urban population (% of total population),SP.URB.TOTL.IN.ZS,2023,35.1371655,,
South Asia (IDA & IBRD),TSA,Urban population growth (annual %),SP.URB.GROW,2023,1.80496578,,
Sub-Saharan Africa,SSF,Population density (people per sq. km of land area),EN.POP.DNST,2023,52.66398156,,
Sub-Saharan Africa,SSF,Population in urban agglomerations of more than 1 million (% of total population),EN.URB.MCTY.TL.ZS,2023,15.95112133,,
Sub-Saharan Africa,SSF,Population living in slums (% of urban population),EN.POP.SLUM.UR.ZS,2023,,,
Sub-Saharan Africa,SSF,Rural population (% of total population),SP.RUR.TOTL.ZS,2023,56.36043717,,
Sub-Saharan Africa,SSF,Urban population (% of total population),SP.URB.TOTL.IN.ZS,2023,43.63956283,,
Sub-Saharan Africa,SSF,Urban population growth (annual %),SP.URB.GROW,2023,3.577361548,,
Sub-Saharan Africa (excluding high income),SSA,Population density (people per sq. km of land area),EN.POP.DNST,2023,52.65998413,,
Sub-Saharan Africa (excluding high income),SSA,Population in urban agglomerations of more than 1 million (% of total population),EN.URB.MCTY.TL.ZS,2023,15.95112133,,
Sub-Saharan Africa (excluding high income),SSA,Population living in slums (% of urban population),EN.POP.SLUM.UR.ZS,2023,,,
Sub-Saharan Africa (excluding high income),SSA,Rural population (% of total population),SP.RUR.TOTL.ZS,2023,56.36057587,,
Sub-Saharan Africa (excluding high income),SSA,Urban population (% of total population),SP.URB.TOTL.IN.ZS,2023,43.63942413,,
Sub-Saharan Africa (excluding high income),SSA,Urban population growth (annual %),SP.URB.GROW,2023,3.577686488,,
Sub-Saharan Africa (IDA & IBRD countries),TSS,Population density (people per sq. km of land area),EN.POP.DNST,2023,52.66398156,,
Sub-Saharan Africa (IDA & IBRD countries),TSS,Population in urban agglomerations of more than 1 million (% of total population),EN.URB.MCTY.TL.ZS,2023,15.95112133,,
Sub-Saharan Africa (IDA & IBRD countries),TSS,Population living in slums (% of urban population),EN.POP.SLUM.UR.ZS,2023,,,
Sub-Saharan Africa (IDA & IBRD countries),TSS,Rural population (% of total population),SP.RUR.TOTL.ZS,2023,56.36043717,,
Sub-Saharan Africa (IDA & IBRD countries),TSS,Urban population (% of total population),SP.URB.TOTL.IN.ZS,2023,43.63956283,,
Sub-Saharan Africa (IDA & IBRD countries),TSS,Urban population growth (annual %),SP.URB.GROW,2023,3.577361548,,
Upper middle income,UMC,Population density (people per sq. km of land area),EN.POP.DNST,2023,68.84362651,,
Upper middle income,UMC,Population in urban agglomerations of more than 1 million (% of total population),EN.URB.MCTY.TL.ZS,2023,29.13547541,,
Upper middle income,UMC,Population living in slums (% of urban population),EN.POP.SLUM.UR.ZS,2023,,,
Upper middle income,UMC,Rural population (% of total population),SP.RUR.TOTL.ZS,2023,32.55189713,,
Upper middle income,UMC,Urban population (% of total population),SP.URB.TOTL.IN.ZS,2023,67.44810287,,
Upper middle income,UMC,Urban population growth (annual %),SP.URB.GROW,2023,0.77235649,,
World,WLD,Population density (people per sq. km of land area),EN.POP.DNST,2023,62.13543784,,
World,WLD,Population in urban agglomerations of more than 1 million (% of total population),EN.URB.MCTY.TL.ZS,2023,24.86294618,,
World,WLD,Population living in slums (% of urban population),EN.POP.SLUM.UR.ZS,2023,,,
World,WLD,Rural population (% of total population),SP.RUR.TOTL.ZS,2023,42.68830839,,
World,WLD,Urban population (% of total population),SP.URB.TOTL.IN.ZS,2023,57.31169161,,
World,WLD,Urban population growth (annual %),SP.URB.GROW,2023,1.345347074,,
Africa Eastern and Southern,AFE,Population in urban agglomerations of more than 1 million (% of total population),EN.URB.MCTY.TL.ZS,2024,14.98647031,,
Africa Eastern and Southern,AFE,Population living in slums (% of urban population),EN.POP.SLUM.UR.ZS,2024,,,
Africa Eastern and Southern,AFE,Rural population (% of total population),SP.RUR.TOTL.ZS,2024,61.75855857,,
Africa Eastern and Southern,AFE,Urban population (% of total population),SP.URB.TOTL.IN.ZS,2024,38.24144143,,
Africa Eastern and Southern,AFE,Urban population growth (annual %),SP.URB.GROW,2024,3.707173356,,
Africa Western and Central,AFW,Population in urban agglomerations of more than 1 million (% of total population),EN.URB.MCTY.TL.ZS,2024,17.85223582,,
Africa Western and Central,AFW,Population living in slums (% of urban population),EN.POP.SLUM.UR.ZS,2024,,,
Africa Western and Central,AFW,Rural population (% of total population),SP.RUR.TOTL.ZS,2024,47.12117606,,
Africa Western and Central,AFW,Urban population (% of total population),SP.URB.TOTL.IN.ZS,2024,52.87882394,,
Africa Western and Central,AFW,Urban population growth (annual %),SP.URB.GROW,2024,3.494721642,,
Arab World,ARB,Population in urban agglomerations of more than 1 million (% of total population),EN.URB.MCTY.TL.ZS,2024,22.80669442,,
Arab World,ARB,Population living in slums (% of urban population),EN.POP.SLUM.UR.ZS,2024,,,
Arab World,ARB,Rural population (% of total population),SP.RUR.TOTL.ZS,2024,40.18012476,,
Arab World,ARB,Urban population (% of total population),SP.URB.TOTL.IN.ZS,2024,59.81987524,,
Arab World,ARB,Urban population growth (annual %),SP.URB.GROW,2024,2.574604376,,
Caribbean small states,CSS,Population in urban agglomerations of more than 1 million (% of total population),EN.URB.MCTY.TL.ZS,2024,,,
Caribbean small states,CSS,Population living in slums (% of urban population),EN.POP.SLUM.UR.ZS,2024,,,
Caribbean small states,CSS,Rural population (% of total population),SP.RUR.TOTL.ZS,2024,49.90005743,,
Caribbean small states,CSS,Urban population (% of total population),SP.URB.TOTL.IN.ZS,2024,50.09994257,,
Caribbean small states,CSS,Urban population growth (annual %),SP.URB.GROW,2024,0.418584797,,
Central Europe and the Baltics,CEB,Population in urban agglomerations of more than 1 million (% of total population),EN.URB.MCTY.TL.ZS,2024,,,
Central Europe and the Baltics,CEB,Population living in slums (% of urban population),EN.POP.SLUM.UR.ZS,2024,,,
Central Europe and the Baltics,CEB,Rural population (% of total population),SP.RUR.TOTL.ZS,2024,38.20232875,,
Central Europe and the Baltics,CEB,Urban population (% of total population),SP.URB.TOTL.IN.ZS,2024,61.79767125,,
Central Europe and the Baltics,CEB,Urban population growth (annual %),SP.URB.GROW,2024,0.041317829,,
Early-demographic dividend,EAR,Population in urban agglomerations of more than 1 million (% of total population),EN.URB.MCTY.TL.ZS,2024,19.54366395,,
Early-demographic dividend,EAR,Population living in slums (% of urban population),EN.POP.SLUM.UR.ZS,2024,,,
Early-demographic dividend,EAR,Rural population (% of total population),SP.RUR.TOTL.ZS,2024,52.65520969,,
Early-demographic dividend,EAR,Urban population (% of total population),SP.URB.TOTL.IN.ZS,2024,47.34479031,,
Early-demographic dividend,EAR,Urban population growth (annual %),SP.URB.GROW,2024,1.847614485,,
East Asia & Pacific,EAS,Population in urban agglomerations of more than 1 million (% of total population),EN.URB.MCTY.TL.ZS,2024,,,
East Asia & Pacific,EAS,Population living in slums (% of urban population),EN.POP.SLUM.UR.ZS,2024,,,
East Asia & Pacific,EAS,Rural population (% of total population),SP.RUR.TOTL.ZS,2024,35.62560097,,
East Asia & Pacific,EAS,Urban population (% of total population),SP.URB.TOTL.IN.ZS,2024,64.37439903,,
East Asia & Pacific,EAS,Urban population growth (annual %),SP.URB.GROW,2024,0.70762339,,
East Asia & Pacific (excluding high income),EAP,Population in urban agglomerations of more than 1 million (% of total population),EN.URB.MCTY.TL.ZS,2024,,,
East Asia & Pacific (excluding high income),EAP,Population living in slums (% of urban population),EN.POP.SLUM.UR.ZS,2024,,,
East Asia & Pacific (excluding high income),EAP,Rural population (% of total population),SP.RUR.TOTL.ZS,2024,38.38744621,,
East Asia & Pacific (excluding high income),EAP,Urban population (% of total population),SP.URB.TOTL.IN.ZS,2024,61.61255379,,
East Asia & Pacific (excluding high income),EAP,Urban population growth (annual %),SP.URB.GROW,2024,0.794702563,,
East Asia & Pacific (IDA & IBRD countries),TEA,Population in urban agglomerations of more than 1 million (% of total population),EN.URB.MCTY.TL.ZS,2024,,,
East Asia & Pacific (IDA & IBRD countries),TEA,Population living in slums (% of urban population),EN.POP.SLUM.UR.ZS,2024,,,
East Asia & Pacific (IDA & IBRD countries),TEA,Rural population (% of total population),SP.RUR.TOTL.ZS,2024,38.4152321,,
East Asia & Pacific (IDA & IBRD countries),TEA,Urban population (% of total population),SP.URB.TOTL.IN.ZS,2024,61.5847679,,
East Asia & Pacific (IDA & IBRD countries),TEA,Urban population growth (annual %),SP.URB.GROW,2024,0.794514957,,
Euro area,EMU,Population in urban agglomerations of more than 1 million (% of total population),EN.URB.MCTY.TL.ZS,2024,19.75010793,,
Euro area,EMU,Population living in slums (% of urban population),EN.POP.SLUM.UR.ZS,2024,,,
Euro area,EMU,Rural population (% of total population),SP.RUR.TOTL.ZS,2024,22.65992755,,
Euro area,EMU,Urban population (% of total population),SP.URB.TOTL.IN.ZS,2024,77.34007245,,
Euro area,EMU,Urban population growth (annual %),SP.URB.GROW,2024,0.556546453,,
Europe & Central Asia,ECS,Population in urban agglomerations of more than 1 million (% of total population),EN.URB.MCTY.TL.ZS,2024,21.24033762,,
Europe & Central Asia,ECS,Population living in slums (% of urban population),EN.POP.SLUM.UR.ZS,2024,,,
Europe & Central Asia,ECS,Rural population (% of total population),SP.RUR.TOTL.ZS,2024,26.03065281,,
Europe & Central Asia,ECS,Urban population (% of total population),SP.URB.TOTL.IN.ZS,2024,73.96934719,,
Europe & Central Asia,ECS,Urban population growth (annual %),SP.URB.GROW,2024,0.576110422,,
Europe & Central Asia (excluding high income),ECA,Population in urban agglomerations of more than 1 million (% of total population),EN.URB.MCTY.TL.ZS,2024,24.77397635,,
Europe & Central Asia (excluding high income),ECA,Population living in slums (% of urban population),EN.POP.SLUM.UR.ZS,2024,,,
Europe & Central Asia (excluding high income),ECA,Rural population (% of total population),SP.RUR.TOTL.ZS,2024,31.73005688,,
Europe & Central Asia (excluding high income),ECA,Urban population (% of total population),SP.URB.TOTL.IN.ZS,2024,68.26994312,,
Europe & Central Asia (excluding high income),ECA,Urban population growth (annual %),SP.URB.GROW,2024,0.829274052,,
Europe & Central Asia (IDA & IBRD countries),TEC,Population in urban agglomerations of more than 1 million (% of total population),EN.URB.MCTY.TL.ZS,2024,21.94789722,,
Europe & Central Asia (IDA & IBRD countries),TEC,Population living in slums (% of urban population),EN.POP.SLUM.UR.ZS,2024,,,
Europe & Central Asia (IDA & IBRD countries),TEC,Rural population (% of total population),SP.RUR.TOTL.ZS,2024,30.93047727,,
Europe & Central Asia (IDA & IBRD countries),TEC,Urban population (% of total population),SP.URB.TOTL.IN.ZS,2024,69.06952273,,
Europe & Central Asia (IDA & IBRD countries),TEC,Urban population growth (annual %),SP.URB.GROW,2024,0.459842458,,
European Union,EUU,Population in urban agglomerations of more than 1 million (% of total population),EN.URB.MCTY.TL.ZS,2024,17.77202158,,
European Union,EUU,Population living in slums (% of urban population),EN.POP.SLUM.UR.ZS,2024,,,
European Union,EUU,Rural population (% of total population),SP.RUR.TOTL.ZS,2024,24.96999,,
European Union,EUU,Urban population (% of total population),SP.URB.TOTL.IN.ZS,2024,75.03001,,
European Union,EUU,Urban population growth (annual %),SP.URB.GROW,2024,0.476956014,,
Heavily indebted poor countries (HIPC),HPC,Population in urban agglomerations of more than 1 million (% of total population),EN.URB.MCTY.TL.ZS,2024,14.62797729,,
Heavily indebted poor countries (HIPC),HPC,Population living in slums (% of urban population),EN.POP.SLUM.UR.ZS,2024,,,
Heavily indebted poor countries (HIPC),HPC,Rural population (% of total population),SP.RUR.TOTL.ZS,2024,62.13894374,,
Heavily indebted poor countries (HIPC),HPC,Urban population (% of total population),SP.URB.TOTL.IN.ZS,2024,37.86105626,,
Heavily indebted poor countries (HIPC),HPC,Urban population growth (annual %),SP.URB.GROW,2024,3.865634572,,
High income,HIC,Population in urban agglomerations of more than 1 million (% of total population),EN.URB.MCTY.TL.ZS,2024,,,
High income,HIC,Population living in slums (% of urban population),EN.POP.SLUM.UR.ZS,2024,,,
High income,HIC,Rural population (% of total population),SP.RUR.TOTL.ZS,2024,19.86797148,,
High income,HIC,Urban population (% of total population),SP.URB.TOTL.IN.ZS,2024,80.13202852,,
High income,HIC,Urban population growth (annual %),SP.URB.GROW,2024,0.835682032,,
IBRD only,IBD,Population in urban agglomerations of more than 1 million (% of total population),EN.URB.MCTY.TL.ZS,2024,25.26952909,,
IBRD only,IBD,Population living in slums (% of urban population),EN.POP.SLUM.UR.ZS,2024,,,
IBRD only,IBD,Rural population (% of total population),SP.RUR.TOTL.ZS,2024,41.67352767,,
IBRD only,IBD,Urban population (% of total population),SP.URB.TOTL.IN.ZS,2024,58.32647233,,
IBRD only,IBD,Urban population growth (annual %),SP.URB.GROW,2024,1.061286958,,
IDA & IBRD total,IBT,Population in urban agglomerations of more than 1 million (% of total population),EN.URB.MCTY.TL.ZS,2024,22.58526317,,
IDA & IBRD total,IBT,Population living in slums (% of urban population),EN.POP.SLUM.UR.ZS,2024,,,
IDA & IBRD total,IBT,Rural population (% of total population),SP.RUR.TOTL.ZS,2024,46.63057621,,
IDA & IBRD total,IBT,Urban population (% of total population),SP.URB.TOTL.IN.ZS,2024,53.36942379,,
IDA & IBRD total,IBT,Urban population growth (annual %),SP.URB.GROW,2024,1.524990665,,
IDA blend,IDB,Population in urban agglomerations of more than 1 million (% of total population),EN.URB.MCTY.TL.ZS,2024,,,
IDA blend,IDB,Population living in slums (% of urban population),EN.POP.SLUM.UR.ZS,2024,,,
IDA blend,IDB,Rural population (% of total population),SP.RUR.TOTL.ZS,2024,51.30416409,,
IDA blend,IDB,Urban population (% of total population),SP.URB.TOTL.IN.ZS,2024,48.69583591,,
IDA blend,IDB,Urban population growth (annual %),SP.URB.GROW,2024,2.943468603,,
IDA only,IDX,Population in urban agglomerations of more than 1 million (% of total population),EN.URB.MCTY.TL.ZS,2024,13.62082225,,
IDA only,IDX,Population living in slums (% of urban population),EN.POP.SLUM.UR.ZS,2024,,,
IDA only,IDX,Rural population (% of total population),SP.RUR.TOTL.ZS,2024,63.5928731,,
IDA only,IDX,Urban population (% of total population),SP.URB.TOTL.IN.ZS,2024,36.4071269,,
IDA only,IDX,Urban population growth (annual %),SP.URB.GROW,2024,3.460951074,,
IDA total,IDA,Population in urban agglomerations of more than 1 million (% of total population),EN.URB.MCTY.TL.ZS,2024,15.28698328,,
IDA total,IDA,Population living in slums (% of urban population),EN.POP.SLUM.UR.ZS,2024,,,
IDA total,IDA,Rural population (% of total population),SP.RUR.TOTL.ZS,2024,59.31730628,,
IDA total,IDA,Urban population (% of total population),SP.URB.TOTL.IN.ZS,2024,40.68269372,,
IDA total,IDA,Urban population growth (annual %),SP.URB.GROW,2024,3.245116694,,
Late-demographic dividend,LTE,Population in urban agglomerations of more than 1 million (% of total population),EN.URB.MCTY.TL.ZS,2024,30.96995998,,
Late-demographic dividend,LTE,Population living in slums (% of urban population),EN.POP.SLUM.UR.ZS,2024,,,
Late-demographic dividend,LTE,Rural population (% of total population),SP.RUR.TOTL.ZS,2024,32.74182806,,
Late-demographic dividend,LTE,Urban population (% of total population),SP.URB.TOTL.IN.ZS,2024,67.25817194,,
Late-demographic dividend,LTE,Urban population growth (annual %),SP.URB.GROW,2024,0.630365654,,
Latin America & Caribbean,LCN,Population in urban agglomerations of more than 1 million (% of total population),EN.URB.MCTY.TL.ZS,2024,39.50377911,,
Latin America & Caribbean,LCN,Population living in slums (% of urban population),EN.POP.SLUM.UR.ZS,2024,,,
Latin America & Caribbean,LCN,Rural population (% of total population),SP.RUR.TOTL.ZS,2024,18.72831508,,
Latin America & Caribbean,LCN,Urban population (% of total population),SP.URB.TOTL.IN.ZS,2024,81.27168492,,
Latin America & Caribbean,LCN,Urban population growth (annual %),SP.URB.GROW,2024,0.973551698,,
Latin America & Caribbean (excluding high income),LAC,Population in urban agglomerations of more than 1 million (% of total population),EN.URB.MCTY.TL.ZS,2024,39.43163214,,
Latin America & Caribbean (excluding high income),LAC,Population living in slums (% of urban population),EN.POP.SLUM.UR.ZS,2024,,,
Latin America & Caribbean (excluding high income),LAC,Rural population (% of total population),SP.RUR.TOTL.ZS,2024,18.84122897,,
Latin America & Caribbean (excluding high income),LAC,Urban population (% of total population),SP.URB.TOTL.IN.ZS,2024,81.15877103,,
Latin America & Caribbean (excluding high income),LAC,Urban population growth (annual %),SP.URB.GROW,2024,0.992754897,,
Latin America & the Caribbean (IDA & IBRD countries),TLA,Population in urban agglomerations of more than 1 million (% of total population),EN.URB.MCTY.TL.ZS,2024,39.66211749,,
Latin America & the Caribbean (IDA & IBRD countries),TLA,Population living in slums (% of urban population),EN.POP.SLUM.UR.ZS,2024,,,
Latin America & the Caribbean (IDA & IBRD countries),TLA,Rural population (% of total population),SP.RUR.TOTL.ZS,2024,18.72799033,,
Latin America & the Caribbean (IDA & IBRD countries),TLA,Urban population (% of total population),SP.URB.TOTL.IN.ZS,2024,81.27200967,,
Latin America & the Caribbean (IDA & IBRD countries),TLA,Urban population growth (annual %),SP.URB.GROW,2024,1.000530886,,
Least developed countries: UN classification,LDC,Population in urban agglomerations of more than 1 million (% of total population),EN.URB.MCTY.TL.ZS,2024,13.54152429,,
Least developed countries: UN classification,LDC,Population living in slums (% of urban population),EN.POP.SLUM.UR.ZS,2024,,,
Least developed countries: UN classification,LDC,Rural population (% of total population),SP.RUR.TOTL.ZS,2024,63.84167879,,
Least developed countries: UN classification,LDC,Urban population (% of total population),SP.URB.TOTL.IN.ZS,2024,36.15832121,,
Least developed countries: UN classification,LDC,Urban population growth (annual %),SP.URB.GROW,2024,3.601815124,,
Low & middle income,LMY,Population in urban agglomerations of more than 1 million (% of total population),EN.URB.MCTY.TL.ZS,2024,22.57583062,,
Low & middle income,LMY,Population living in slums (% of urban population),EN.POP.SLUM.UR.ZS,2024,,,
Low & middle income,LMY,Rural population (% of total population),SP.RUR.TOTL.ZS,2024,47.19383253,,
Low & middle income,LMY,Urban population (% of total population),SP.URB.TOTL.IN.ZS,2024,52.80616747,,
Low & middle income,LMY,Urban population growth (annual %),SP.URB.GROW,2024,1.587202917,,
Low income,LIC,Population in urban agglomerations of more than 1 million (% of total population),EN.URB.MCTY.TL.ZS,2024,12.0846706,,
Low income,LIC,Population living in slums (% of urban population),EN.POP.SLUM.UR.ZS,2024,,,
Low income,LIC,Rural population (% of total population),SP.RUR.TOTL.ZS,2024,65.26891946,,
Low income,LIC,Urban population (% of total population),SP.URB.TOTL.IN.ZS,2024,34.73108054,,
Low income,LIC,Urban population growth (annual %),SP.URB.GROW,2024,3.991454963,,
Lower middle income,LMC,Population in urban agglomerations of more than 1 million (% of total population),EN.URB.MCTY.TL.ZS,2024,17.77636689,,
Lower middle income,LMC,Population living in slums (% of urban population),EN.POP.SLUM.UR.ZS,2024,,,
Lower middle income,LMC,Rural population (% of total population),SP.RUR.TOTL.ZS,2024,58.39656262,,
Lower middle income,LMC,Urban population (% of total population),SP.URB.TOTL.IN.ZS,2024,41.60343738,,
Lower middle income,LMC,Urban population growth (annual %),SP.URB.GROW,2024,2.273061399,,
"Middle East, North Africa, Afghanistan & Pakistan",MEA,Population in urban agglomerations of more than 1 million (% of total population),EN.URB.MCTY.TL.ZS,2024,22.73145,,
"Middle East, North Africa, Afghanistan & Pakistan",MEA,Population living in slums (% of urban population),EN.POP.SLUM.UR.ZS,2024,,,
"Middle East, North Africa, Afghanistan & Pakistan",MEA,Rural population (% of total population),SP.RUR.TOTL.ZS,2024,44.30454967,,
"Middle East, North Africa, Afghanistan & Pakistan",MEA,Urban population (% of total population),SP.URB.TOTL.IN.ZS,2024,55.69545033,,
"Middle East, North Africa, Afghanistan & Pakistan",MEA,Urban population growth (annual %),SP.URB.GROW,2024,2.385455663,,
"Middle East, North Africa, Afghanistan & Pakistan (excluding high income)",MNA,Population in urban agglomerations of more than 1 million (% of total population),EN.URB.MCTY.TL.ZS,2024,20.00855669,,
"Middle East, North Africa, Afghanistan & Pakistan (excluding high income)",MNA,Population living in slums (% of urban population),EN.POP.SLUM.UR.ZS,2024,,,
"Middle East, North Africa, Afghanistan & Pakistan (excluding high income)",MNA,Rural population (% of total population),SP.RUR.TOTL.ZS,2024,47.35816948,,
"Middle East, North Africa, Afghanistan & Pakistan (excluding high income)",MNA,Urban population (% of total population),SP.URB.TOTL.IN.ZS,2024,52.64183052,,
"Middle East, North Africa, Afghanistan & Pakistan (excluding high income)",MNA,Urban population growth (annual %),SP.URB.GROW,2024,2.131081017,,
"Middle East, North Africa, Afghanistan & Pakistan (IDA & IBRD)",TMN,Population in urban agglomerations of more than 1 million (% of total population),EN.URB.MCTY.TL.ZS,2024,20.00855669,,
"Middle East, North Africa, Afghanistan & Pakistan (IDA & IBRD)",TMN,Population living in slums (% of urban population),EN.POP.SLUM.UR.ZS,2024,,,
"Middle East, North Africa, Afghanistan & Pakistan (IDA & IBRD)",TMN,Rural population (% of total population),SP.RUR.TOTL.ZS,2024,47.60580356,,
"Middle East, North Africa, Afghanistan & Pakistan (IDA & IBRD)",TMN,Urban population (% of total population),SP.URB.TOTL.IN.ZS,2024,52.39419644,,
"Middle East, North Africa, Afghanistan & Pakistan (IDA & IBRD)",TMN,Urban population growth (annual %),SP.URB.GROW,2024,2.124765001,,
Middle income,MIC,Population in urban agglomerations of more than 1 million (% of total population),EN.URB.MCTY.TL.ZS,2024,23.84408821,,
Middle income,MIC,Population living in slums (% of urban population),EN.POP.SLUM.UR.ZS,2024,,,
Middle income,MIC,Rural population (% of total population),SP.RUR.TOTL.ZS,2024,44.93391645,,
Middle income,MIC,Urban population (% of total population),SP.URB.TOTL.IN.ZS,2024,55.06608355,,
Middle income,MIC,Urban population growth (annual %),SP.URB.GROW,2024,1.400044555,,
North America,NAC,Population in urban agglomerations of more than 1 million (% of total population),EN.URB.MCTY.TL.ZS,2024,46.54744177,,
North America,NAC,Population living in slums (% of urban population),EN.POP.SLUM.UR.ZS,2024,,,
North America,NAC,Rural population (% of total population),SP.RUR.TOTL.ZS,2024,19.59316893,,
North America,NAC,Urban population (% of total population),SP.URB.TOTL.IN.ZS,2024,80.40683107,,
North America,NAC,Urban population growth (annual %),SP.URB.GROW,2024,1.265483033,,
Not classified,INX,Population in urban agglomerations of more than 1 million (% of total population),EN.URB.MCTY.TL.ZS,2024,,,
Not classified,INX,Population living in slums (% of urban population),EN.POP.SLUM.UR.ZS,2024,,,
OECD members,OED,Population in urban agglomerations of more than 1 million (% of total population),EN.URB.MCTY.TL.ZS,2024,37.9465727,,
OECD members,OED,Population living in slums (% of urban population),EN.POP.SLUM.UR.ZS,2024,,,
OECD members,OED,Rural population (% of total population),SP.RUR.TOTL.ZS,2024,18.81368211,,
OECD members,OED,Urban population (% of total population),SP.URB.TOTL.IN.ZS,2024,81.18631789,,
OECD members,OED,Urban population growth (annual %),SP.URB.GROW,2024,0.807730171,,
Other small states,OSS,Population in urban agglomerations of more than 1 million (% of total population),EN.URB.MCTY.TL.ZS,2024,,,
Other small states,OSS,Population living in slums (% of urban population),EN.POP.SLUM.UR.ZS,2024,,,
Other small states,OSS,Rural population (% of total population),SP.RUR.TOTL.ZS,2024,45.03844558,,
Other small states,OSS,Urban population (% of total population),SP.URB.TOTL.IN.ZS,2024,54.96155442,,
Other small states,OSS,Urban population growth (annual %),SP.URB.GROW,2024,1.253696809,,
Pacific island small states,PSS,Population in urban agglomerations of more than 1 million (% of total population),EN.URB.MCTY.TL.ZS,2024,,,
Pacific island small states,PSS,Population living in slums (% of urban population),EN.POP.SLUM.UR.ZS,2024,,,
Pacific island small states,PSS,Rural population (% of total population),SP.RUR.TOTL.ZS,2024,59.43672004,,
Pacific island small states,PSS,Urban population (% of total population),SP.URB.TOTL.IN.ZS,2024,40.56327996,,
Pacific island small states,PSS,Urban population growth (annual %),SP.URB.GROW,2024,1.997498287,,
Post-demographic dividend,PST,Population in urban agglomerations of more than 1 million (% of total population),EN.URB.MCTY.TL.ZS,2024,37.67744748,,
Post-demographic dividend,PST,Population living in slums (% of urban population),EN.POP.SLUM.UR.ZS,2024,,,
Post-demographic dividend,PST,Rural population (% of total population),SP.RUR.TOTL.ZS,2024,18.84498926,,
Post-demographic dividend,PST,Urban population (% of total population),SP.URB.TOTL.IN.ZS,2024,81.15501074,,
Post-demographic dividend,PST,Urban population growth (annual %),SP.URB.GROW,2024,0.741172568,,
Pre-demographic dividend,PRE,Population in urban agglomerations of more than 1 million (% of total population),EN.URB.MCTY.TL.ZS,2024,16.68329286,,
Pre-demographic dividend,PRE,Population living in slums (% of urban population),EN.POP.SLUM.UR.ZS,2024,,,
Pre-demographic dividend,PRE,Rural population (% of total population),SP.RUR.TOTL.ZS,2024,54.55711691,,
Pre-demographic dividend,PRE,Urban population (% of total population),SP.URB.TOTL.IN.ZS,2024,45.44288309,,
Pre-demographic dividend,PRE,Urban population growth (annual %),SP.URB.GROW,2024,3.640794962,,
Small states,SST,Population in urban agglomerations of more than 1 million (% of total population),EN.URB.MCTY.TL.ZS,2024,,,
Small states,SST,Population living in slums (% of urban population),EN.POP.SLUM.UR.ZS,2024,,,
Small states,SST,Rural population (% of total population),SP.RUR.TOTL.ZS,2024,48.07240518,,
Small states,SST,Urban population (% of total population),SP.URB.TOTL.IN.ZS,2024,51.92759482,,
Small states,SST,Urban population growth (annual %),SP.URB.GROW,2024,1.149925908,,
South Asia,SAS,Population in urban agglomerations of more than 1 million (% of total population),EN.URB.MCTY.TL.ZS,2024,16.5365208,,
South Asia,SAS,Population living in slums (% of urban population),EN.POP.SLUM.UR.ZS,2024,,,
South Asia,SAS,Rural population (% of total population),SP.RUR.TOTL.ZS,2024,64.53714128,,
South Asia,SAS,Urban population (% of total population),SP.URB.TOTL.IN.ZS,2024,35.46285872,,
South Asia,SAS,Urban population growth (annual %),SP.URB.GROW,2024,1.809129203,,
South Asia (IDA & IBRD),TSA,Population in urban agglomerations of more than 1 million (% of total population),EN.URB.MCTY.TL.ZS,2024,16.5365208,,
South Asia (IDA & IBRD),TSA,Population living in slums (% of urban population),EN.POP.SLUM.UR.ZS,2024,,,
South Asia (IDA & IBRD),TSA,Rural population (% of total population),SP.RUR.TOTL.ZS,2024,64.53714128,,
South Asia (IDA & IBRD),TSA,Urban population (% of total population),SP.URB.TOTL.IN.ZS,2024,35.46285872,,
South Asia (IDA & IBRD),TSA,Urban population growth (annual %),SP.URB.GROW,2024,1.809129203,,
Sub-Saharan Africa,SSF,Population in urban agglomerations of more than 1 million (% of total population),EN.URB.MCTY.TL.ZS,2024,16.1405463,,
Sub-Saharan Africa,SSF,Population living in slums (% of urban population),EN.POP.SLUM.UR.ZS,2024,,,
Sub-Saharan Africa,SSF,Rural population (% of total population),SP.RUR.TOTL.ZS,2024,55.85048985,,
Sub-Saharan Africa,SSF,Urban population (% of total population),SP.URB.TOTL.IN.ZS,2024,44.14951015,,
Sub-Saharan Africa,SSF,Urban population growth (annual %),SP.URB.GROW,2024,3.60441042,,
Sub-Saharan Africa (excluding high income),SSA,Population in urban agglomerations of more than 1 million (% of total population),EN.URB.MCTY.TL.ZS,2024,16.1405463,,
Sub-Saharan Africa (excluding high income),SSA,Population living in slums (% of urban population),EN.POP.SLUM.UR.ZS,2024,,,
Sub-Saharan Africa (excluding high income),SSA,Rural population (% of total population),SP.RUR.TOTL.ZS,2024,55.85059715,,
Sub-Saharan Africa (excluding high income),SSA,Urban population (% of total population),SP.URB.TOTL.IN.ZS,2024,44.14940285,,
Sub-Saharan Africa (excluding high income),SSA,Urban population growth (annual %),SP.URB.GROW,2024,3.604592246,,
Sub-Saharan Africa (IDA & IBRD countries),TSS,Population in urban agglomerations of more than 1 million (% of total population),EN.URB.MCTY.TL.ZS,2024,16.1405463,,
Sub-Saharan Africa (IDA & IBRD countries),TSS,Population living in slums (% of urban population),EN.POP.SLUM.UR.ZS,2024,,,
Sub-Saharan Africa (IDA & IBRD countries),TSS,Rural population (% of total population),SP.RUR.TOTL.ZS,2024,55.85048985,,
Sub-Saharan Africa (IDA & IBRD countries),TSS,Urban population (% of total population),SP.URB.TOTL.IN.ZS,2024,44.14951015,,
Sub-Saharan Africa (IDA & IBRD countries),TSS,Urban population growth (annual %),SP.URB.GROW,2024,3.60441042,,
Upper middle income,UMC,Population in urban agglomerations of more than 1 million (% of total population),EN.URB.MCTY.TL.ZS,2024,29.56347842,,
Upper middle income,UMC,Population living in slums (% of urban population),EN.POP.SLUM.UR.ZS,2024,,,
Upper middle income,UMC,Rural population (% of total population),SP.RUR.TOTL.ZS,2024,32.1779117,,
Upper middle income,UMC,Urban population (% of total population),SP.URB.TOTL.IN.ZS,2024,67.8220883,,
Upper middle income,UMC,Urban population growth (annual %),SP.URB.GROW,2024,0.896108046,,
World,WLD,Population in urban agglomerations of more than 1 million (% of total population),EN.URB.MCTY.TL.ZS,2024,25.07456435,,
World,WLD,Population living in slums (% of urban population),EN.POP.SLUM.UR.ZS,2024,,,
World,WLD,Rural population (% of total population),SP.RUR.TOTL.ZS,2024,42.43439971,,
World,WLD,Urban population (% of total population),SP.URB.TOTL.IN.ZS,2024,57.56560029,,
World,WLD,Urban population growth (annual %),SP.URB.GROW,2024,1.404476397,,
